filename,L2_Windowed_VUS-PR,L2_Raw_VUS-PR,L2_Windowed_VUS-ROC,L2_Windowed_AUC-PR,L2_Windowed_AUC-ROC,L2_Windowed_Affiliation-F,L2_Windowed_R-based-F1,L2_Windowed_Event-based-F1,L2_Windowed_PA-F1,L2_Windowed_Standard-F1,L2_Windowed_runtime,L2_Windowed_FP_count_ext,L2_Windowed_FN_count_ext,L2_Raw_VUS-ROC,L2_Raw_AUC-PR,L2_Raw_AUC-ROC,L2_Raw_Affiliation-F,L2_Raw_R-based-F1,L2_Raw_Event-based-F1,L2_Raw_PA-F1,L2_Raw_Standard-F1,L2_Raw_runtime,L2_Raw_FP_count_ext,L2_Raw_FN_count_ext
001_Genesis_id_1_Sensor_tr_4055_1st_15538.csv,0.0147218513784574,0.021426605760378,0.7514256542350095,0.005321683253921,0.7276202844774273,0.835185748746799,0.0415663959443381,0.0155453838846186,0.0182474814674016,0.0165232994500275,1.2800354957580566,7914,55,0.8649937580227581,0.0105278181989034,0.7609882498453926,0.8448279161524331,0.0832595673733875,0.0833333333333331,0.3928571428571428,0.0443189433532924,0.0139393806457519,7891,32
002_MSL_id_1_Sensor_tr_500_1st_900.csv,0.4025578985684159,0.1210948654049902,0.9858629066460496,0.0890482454708783,0.96721065278334,0.987705700196388,0.3392857142857143,0.2417582417582415,0.2716049382716049,0.2650579416660482,0.20147705078125,858,0,0.888614458862155,0.142293952706685,0.6879255106127353,0.8987126927631262,0.3709677419354839,0.7499999999999994,0.9166666666666666,0.3749957031742344,0.0043067932128906,626,34
003_MSL_id_2_Sensor_tr_883_1st_1238.csv,0.1499910181236321,0.2156706595156425,0.6812915778271607,0.1086510936633545,0.649648008742752,0.7308604597613526,0.3350727930553326,0.2984658298465826,0.3890909090909091,0.2951681021890213,0.6900198459625244,1497,134,0.8415061614530227,0.1575340717799362,0.7253102138472882,0.7298964574552355,0.1719706894096181,0.3999999999999995,0.926829268292683,0.3490404642946856,0.0050914287567138,1479,116
005_MSL_id_4_Sensor_tr_855_1st_2700.csv,0.0988100996629995,0.0689595764042508,0.8307446651027391,0.0409718261709467,0.7539351297279349,0.6679272503411717,0.0609094507439055,0.1323681489141673,0.1473029045643153,0.1390579581806608,0.634514331817627,1556,0,0.8363844423684158,0.0606551624325078,0.8020393323834383,0.9183225951038876,0.2054794520547945,0.333333333333333,0.9726027397260274,0.1336617633573773,0.0052931308746337,1629,73
006_MSL_id_5_Sensor_tr_1150_1st_1250.csv,0.10321470517514,0.1661821926242839,0.428388935215629,0.0648763928974139,0.3105929155608237,0.6713888779375169,0.4610364064524025,0.2016348773841957,0.323962516733601,0.1586231250880949,1.0521223545074463,2290,486,0.6907249576901253,0.1117639782429632,0.5277038847564951,0.7221071232530684,0.3189107263976519,0.2724392819429775,0.5511400651465798,0.2242953448584776,0.0069644451141357,2121,329
007_MSL_id_6_Sensor_tr_980_1st_3550.csv,0.1517630938371541,0.1507814632723834,0.8903862558579945,0.1420442877836801,0.889719557234454,0.6678065109658273,0.4536752436989549,0.3699136868064115,0.4755905511811024,0.3694551005186339,0.8178133964538574,1725,13,0.7976835444368082,0.1155998183906,0.742931855340776,0.7423818058108785,0.11625,0.4194373401534523,0.893491124260355,0.359644693133199,0.0087854862213134,1794,82
008_MSL_id_7_Sensor_tr_656_1st_1630.csv,0.1829218913853281,0.3205832116577459,0.7045248725753628,0.0903275554655483,0.570639928317831,0.792928093717317,0.4606239307479443,0.2027534418022526,0.4462311557788945,0.1916646215713007,0.3704020977020263,1091,132,0.8533382782878564,0.2690372220978196,0.7884307528502285,0.82643979631572,0.1166317092459512,0.4975247524752471,0.9054054054054054,0.4849176707178342,0.0073013305664062,759,105
009_MSL_id_8_Sensor_tr_714_1st_1390.csv,0.0071708487629508,0.0203175800365573,0.1874061774501538,0.0044692150427238,0.1397497270513143,0.6666272568604025,0.0111199364575059,0.0146036161335187,0.0146036161335187,0.0167796977738319,0.5565390586853027,1428,91,0.7366371558301644,0.0102545134992013,0.6507096665826825,0.6663387140933767,0.0088105726872246,0.0146137787056367,0.0146137787056367,0.0333065717672562,0.0079352855682373,1336,0
010_MSL_id_9_Sensor_tr_554_1st_1172.csv,0.033843632687104,0.0494826600775909,0.4595415199518735,0.0246745089831186,0.3965603324966939,0.6740551592555571,0.1794063478737384,0.0748925721301411,0.1129296235679214,0.074923672234953,0.392594575881958,1088,103,0.5576226794260409,0.0302155469433906,0.4570918684047176,0.7059338373337958,0.0825558382810291,0.0975609756097559,0.8625,0.060366868620526,0.0067071914672851,549,94
012_MSL_id_11_Sensor_tr_539_1st_940.csv,0.3843596015949661,0.1964114448544076,0.9614350574179767,0.3765591133906638,0.9599913275999132,0.9865025877797216,0.6294937637564196,0.9999999999999996,1.0,0.5741281501786236,0.3983254432678222,925,0,0.8228517762606095,0.1627655126656123,0.7579653585796535,0.8516282232733616,0.2937062937062937,0.6666666666666662,0.9950738916256158,0.3740410638092081,0.0067276954650878,858,45
013_MSL_id_12_Sensor_tr_554_1st_1200.csv,0.2261697157524265,0.084908879542033,0.9674699447433917,0.0762554934404973,0.9317974452554744,0.8484232270201988,0.1687718377839567,0.1992337164750955,0.3376623376623376,0.2015485752221142,0.2619948387145996,1029,0,0.7434065958157349,0.0649079341457075,0.6554253228523301,0.7516456760646609,0.1340388007054673,0.4545454545454541,0.8125,0.2325533586704868,0.006772756576538,558,60
014_MSL_id_13_Sensor_tr_1525_1st_4575.csv,0.9711413541626864,0.1397818376104315,0.9991540571986036,0.966413235096382,0.9987324273642608,0.9997925482234784,0.9289940828402368,0.9999999999999996,1.0,0.916162699836866,1.289470911026001,2769,0,0.776395154005992,0.0971661308656698,0.6264352366524508,0.8798911817977652,0.2225064918887324,0.4878048780487801,0.989071038251366,0.2254500459740971,0.0111382007598876,2859,95
015_MSL_id_14_Sensor_tr_575_1st_1250.csv,0.5940113771917257,0.1389818494648329,0.894995289997211,0.5421985901226845,0.8548179395355474,0.9787828018752184,0.435696712144934,0.9999999999999996,1.0,0.5342424198108934,0.2887866497039795,843,49,0.4554160229246403,0.121668029371559,0.4083723585384715,0.963461115754814,0.3370165745856354,0.9999999999999996,1.0,0.2313009555088616,0.0074884891510009,1008,215
016_MSL_id_15_Sensor_tr_500_1st_780.csv,0.5973929342054236,0.2664636993030085,0.955251589433372,0.450148555065148,0.936637993612079,0.9744020237479966,0.6309129161955961,0.7482993197278907,0.8853754940711462,0.659927962032786,0.0810904502868652,386,2,0.6644500589020318,0.2097820942727316,0.601612405632985,0.8554329027967087,0.2832478915164544,0.5714285714285711,0.9256198347107438,0.3876601991756454,0.0056698322296142,482,104
017_MSL_id_16_Sensor_tr_512_1st_1850.csv,0.6739844581178083,0.2882171488603556,0.9448868963236204,0.534260555655055,0.9321370686289588,0.9780251360146706,0.6672208456558228,0.9010989010989006,0.9526315789473684,0.586315060507579,0.2163565158843994,801,1,0.8467415555529466,0.2577764101977185,0.800770759638932,0.7799268311533277,0.516605455148038,0.4999999999999996,0.9945054945054944,0.46344452934301,0.0069508552551269,786,33
018_Daphnet_id_1_HumanActivity_tr_9693_1st_20732.csv,0.1435200601269157,0.1559932283850958,0.764001803831027,0.126384953140716,0.7777704705837698,0.7762981589323106,0.4262420692973225,0.2563594317806405,0.5291938613512083,0.2403313925194209,1.3854002952575684,16518,0,0.7698850392089418,0.1405411046031811,0.74787286333842,0.9039113136372426,0.2735168722379104,0.6116207951070332,0.9732010972779068,0.2338401715951246,0.0136859416961669,16570,52
019_MITDB_id_1_Medical_tr_37500_1st_103211.csv,0.2564385186546382,0.1854399793703386,0.725229001634035,0.253274915057612,0.723863698276098,0.8633595300818184,0.3136918104732416,0.5452792145174011,0.9392111837290872,0.3815877261164184,1.1925907135009766,61072,4782,0.6437534632547474,0.1857523523626767,0.6420069848782163,0.9173216823388414,0.2992576198648191,0.6581469648562295,0.9996776966050708,0.2729902863627808,0.0173628330230712,62172,5887
020_MITDB_id_2_Medical_tr_50000_1st_52315.csv,0.0132415873977724,0.0042593534845936,0.7243585283560514,0.0152058136910537,0.7043510925086589,0.66704258062883,0.24870900209351,0.1027376191940939,0.2712034025519139,0.0973386961696392,5.332433700561523,324257,504,0.68583353668382,0.0175058889636207,0.6450984111147596,0.6913587410478943,0.187897024406553,0.6666666666666662,0.6821900566393958,0.0461058039857529,0.0512416362762451,324118,368
021_MITDB_id_3_Medical_tr_50000_1st_57595.csv,0.0171852143155972,0.017879777777686,0.4477987557763462,0.0456677024651801,0.4309774255295445,0.6740183096439346,0.5016880799123296,0.1999999999999998,0.1267276206676589,0.0685242156601853,4.019287586212158,246178,6788,0.4803588768733819,0.0164470618750567,0.4341560055487566,0.6916084207692338,0.0539915282758779,0.1764705882352938,0.8678645253617427,0.0346294822283148,0.0418381690979003,245614,6224
022_MITDB_id_4_Medical_tr_50000_1st_54253.csv,0.0871400232804161,0.051405623084624,0.5647161202105503,0.1043265146759271,0.5275589289657634,0.817252890780773,0.1356325685103391,0.3455527686667948,0.6750320832739198,0.1640029723122859,2.4818050861358643,141838,7631,0.5361240157538067,0.0463088463797205,0.4968945829521541,0.8305749356415838,0.0891914150139146,0.1962616822429903,0.704367045194726,0.0886593041614634,0.0271518230438232,142898,8710
024_MITDB_id_6_Medical_tr_50000_1st_58118.csv,0.2043641032630312,0.0137637814330653,0.8049242412859821,0.672996788530337,0.8006700097626985,0.999946101911016,0.8456507521255723,0.9999999999999996,1.0,0.7993149292828224,1.6507880687713623,99748,201,0.7754950800129001,0.1268641028093849,0.7358468007648229,0.9996715316623916,0.3969118982742961,0.9999999999999996,1.0,0.2166227142030361,0.0202155113220214,99568,68
025_MITDB_id_7_Medical_tr_37500_1st_88864.csv,0.4216357006312366,0.1421475318251928,0.946616176920702,0.4142060977802318,0.9167818052691328,0.960966614561562,0.7015529139848545,0.6145150077078857,0.7907737608375593,0.524566601461099,1.2390353679656982,71128,424,0.8445882021052263,0.1507144949330473,0.8158585223899568,0.9332539302125912,0.2643092089641706,0.8045977011494247,0.9955555555555556,0.2503002240168455,0.0180044174194335,71427,770
026_MITDB_id_8_Medical_tr_30495_1st_30595.csv,0.4506272859482418,0.1163198479325639,0.7097176621186384,0.4649576847459443,0.6778103842504511,0.934423541645729,0.5898168900251677,0.9311912700818424,0.965465436545388,0.5130932914188273,3.2753047943115234,181562,12595,0.6268260304753146,0.1115045591171071,0.5801817874777064,0.9085274220414596,0.272226968259847,0.7443076070169875,0.9765749200329444,0.1669557558101297,0.0360410213470459,182447,13548
027_MITDB_id_9_Medical_tr_25000_1st_52255.csv,0.0177949968333898,0.0105070092151719,0.8241206083984933,0.0145712329617972,0.8010246144094924,0.854715814035099,0.1441650548033527,0.0717539863325739,0.3957952468007312,0.0619019160070034,0.8263320922851562,49473,6,0.7135851720441251,0.0085992293023321,0.6365715395236432,0.8110446519985077,0.0225702946271296,0.0312284730195177,0.5855307640297498,0.030416491620806,0.0130600929260253,49593,126
029_MITDB_id_11_Medical_tr_50000_1st_518037.csv,0.4304382176623913,0.1110244274275833,0.965045284509488,0.7117135604993932,0.9177746393648142,0.9955479828428636,0.8307901660279448,0.9999999999999996,1.0,0.7798736254842444,4.865286827087402,298077,327,0.8781784676529334,0.3629401489945687,0.8202030603546057,0.9916050065798782,0.4559789750328515,0.9999999999999996,1.0,0.4904206909493336,0.0476319789886474,298009,280
030_MITDB_id_12_Medical_tr_50000_1st_84572.csv,0.0703806399760104,0.0615617529722677,0.6058684927955479,0.0695721011129855,0.5844331151422799,0.7247228705052026,0.1964962317255257,0.3987247990660495,0.6700993676603433,0.099237520747752,4.942476272583008,291429,14101,0.622538428908745,0.0503579407834877,0.5600876963168631,0.6989897868708012,0.0971553419703968,0.1060823264386646,0.8595856298559001,0.0961090147469536,0.0485053062438964,290116,12805
031_MITDB_id_13_Medical_tr_50000_1st_79433.csv,0.0283634574079588,0.0280081033813282,0.5358308958558703,0.0531923462750007,0.4968392030047354,0.6793592289524183,0.102259056588739,0.1367043951197996,0.1760275094154249,0.0591721944372542,3.641199827194214,218623,6230,0.5872068525289204,0.0251391114046907,0.5287495875370652,0.6698397360841462,0.0585601855458793,0.1083032490974725,0.7165682265636831,0.0467117345371733,0.0365040302276611,218396,6059
032_GHL_id_1_Sensor_tr_50000_1st_65001.csv,0.0057116144461663,0.0059738430087718,0.2184115681779442,0.0052728355086373,0.1907088137943395,0.666730341641041,0.0962345425386673,0.018403382243223,0.0277041496323584,0.0184995392199519,15.343704462051392,99831,1881,0.2607829953185734,0.0054205286678308,0.2186540744861924,0.6667303415914423,0.1491285746445427,0.0184204237693165,0.0216894860267688,0.0185483205758583,0.0613431930541992,99733,1783
033_GHL_id_2_Sensor_tr_50000_1st_51001.csv,0.0066535999013286,0.0072620402083986,0.328932944273682,0.006032502147282,0.294639074696263,0.6668526697999533,0.0136531772557081,0.0214972415559021,0.0421505376344086,0.0215954321715084,15.880187273025513,99665,1712,0.3793809076075444,0.0065510064064951,0.3392246821486631,0.6668526697590547,0.0160520477977827,0.023783310477147,0.0323218997361477,0.0238618884351644,0.0646989345550537,99634,1681
034_GHL_id_3_Sensor_tr_50000_1st_122001.csv,0.0061055680769398,0.006577337897437,0.2515152932542064,0.0057045514573966,0.2202476465300144,0.6667151223094062,0.0190629679923808,0.0194100124915921,0.0448207403947214,0.0195196927828448,15.662123680114746,99723,1842,0.303254863662542,0.0060916058074564,0.2644862025153688,0.666715122368154,0.0258408572188343,0.0195389659315372,0.0309760940097819,0.0196910455558808,0.063359260559082,99836,1955
035_GHL_id_4_Sensor_tr_50000_1st_90001.csv,0.0080254430631033,0.0082466496605038,0.1778497636378016,0.0074513731345665,0.1433205946052728,0.7757378371774667,0.0851161844552114,0.0268773528829007,0.0460812359933491,0.0269006731201348,15.065356731414797,99747,2760,0.2045636356242968,0.0075606061303473,0.1546138677697742,0.7757378370047132,0.1632931151895786,0.0268130695182937,0.0339302688110718,0.0268988061011214,0.0706343650817871,99750,2763
036_GHL_id_5_Sensor_tr_50000_1st_67147.csv,0.009743265776396035,0.010181302325959615,0.4316438834623806,0.008574641216234082,0.39388417463051933,0.6667374409960852,0.012766492849254171,0.02500506563418999,0.07973272269980104,0.025098420825671514,15.59033489227295,98658,1141,0.45349456212738376,0.008834674916684862,0.41047961821696105,0.6667362645738497,0.012767063994698565,0.02659459837263887,0.03672750380064511,0.026690096916435757,0.061620473861694336,98738,1221
037_GHL_id_6_Sensor_tr_50000_1st_80001.csv,0.010217640418019118,0.01110641603576046,0.5704593720977568,0.009438558399220733,0.5502324989746968,0.6722649058740923,0.010777467814877064,0.030557852762243168,0.06426104799559582,0.03169530147183836,15.532651662826538,98643,709,0.5948735936774505,0.010178599302855853,0.5732144300803276,0.6772825598547193,0.010777716810581338,0.03395412735527187,0.04696998300925052,0.034870666408653515,0.059398651123046875,98296,362
038_GHL_id_7_Sensor_tr_50000_1st_100001.csv,0.005655860381767728,0.006188320195946586,0.27936064815909745,0.0052126887254289045,0.2455653068808442,0.6666968956389152,0.03623072237006637,0.018120277247787493,0.04575825065802794,0.018238961872585915,15.52408480644226,99744,1639,0.3357249356985066,0.005696788304615255,0.29866949314380115,0.6666968955470753,0.03641285083620662,0.01874149998341458,0.028952335402984055,0.01877972887482393,0.06008744239807129,99893,1788
039_GHL_id_8_Sensor_tr_50000_1st_63030.csv,0.0036100995837311488,0.003809700782489358,0.2264108870639877,0.0033525016351303874,0.19186968590148173,0.6666813180879639,0.015096563249110434,0.012087468565337515,0.03468293914153787,0.012089099940138036,15.443848133087158,99864,1132,0.26684364280228673,0.0034908476089624894,0.2233977811902313,0.6666813175990881,0.011362641424999757,0.012139983993514241,0.02076352162126128,0.012232806782108044,0.05811166763305664,99905,1173
041_GHL_id_10_Sensor_tr_50000_1st_57001.csv,0.00532163657999986,0.005447560782483309,0.14425213882137053,0.004968542800032954,0.12234014163043433,0.6668315141946533,0.030104007629862352,0.01837952986054344,0.036774617219092386,0.018422150706099105,15.49948000907898,99853,1908,0.17834875886331433,0.005074753953018458,0.14799383682967523,0.666831514150163,0.0498489026488427,0.01837952986054344,0.029343359594046756,0.01842306551980099,0.06304287910461426,99900,1955
042_GHL_id_11_Sensor_tr_50000_1st_150001.csv,0.004965476245887592,0.005338826037216579,0.2625068455052568,0.004621304282934273,0.22986519439644082,0.6667112093844179,0.009207039275824077,0.01621871131533117,0.041756134451511835,0.016315255509041678,15.545565843582153,99764,1510,0.30765055963024723,0.00493739402983593,0.27052656740982567,0.6667112099641581,0.009206600644342942,0.016724542671383274,0.02246472631104782,0.016859156711827444,0.05826163291931152,99828,1574
043_GHL_id_12_Sensor_tr_39938_1st_40038.csv,0.008554248388367063,0.00854804150224531,0.7099743264722255,0.007731656409921939,0.6919802488277539,0.7901318726143662,0.009896188884442457,0.02549674910372483,0.07529462334778092,0.02552990561040181,15.578629732131958,98849,0,0.6982106992778138,0.007648943755438816,0.678711269368753,0.7592955805069015,0.00990215614503691,0.02650827280064565,0.04152262805444166,0.026632279098302868,0.06294083595275879,98849,0
044_GHL_id_13_Sensor_tr_50000_1st_145001.csv,0.0075726679154964945,0.00828092527588941,0.4177710037614354,0.006911034190580143,0.39132995858476516,0.666712779615038,0.012299682348989212,0.021137709490820104,0.04198625967475433,0.021692242931211546,15.528855323791504,99374,1423,0.46403020408192114,0.00746083277583806,0.4317219269926484,0.6667127796773427,0.013740117825707035,0.023226454793832216,0.03240746955926378,0.02396901409475201,0.059241533279418945,99260,1309
045_GHL_id_14_Sensor_tr_50000_1st_85076.csv,0.029265843685709187,0.02311005869522225,0.8566974752693388,0.024617020606866137,0.8426815516075028,0.6737889518473227,0.019169965184487964,0.0714977795720629,0.3119070461571261,0.07188743588455591,15.613956928253174,98029,0,0.810263146022992,0.019476909044482228,0.7944343421778505,0.6722925517657233,0.006961984263792767,0.06332350049164202,0.10268828525303572,0.06521275794934255,0.05894756317138672,98029,0
046_GHL_id_15_Sensor_tr_50000_1st_156462.csv,0.15103980078290663,0.05658887057810841,0.9826315788210713,0.13257754239588584,0.9818440513201251,0.7292887003940319,0.23907000252716704,0.31023976685653704,0.6495412844036698,0.3151618136050763,15.559622049331665,98661,0,0.950724110150891,0.05228757371275892,0.9498160644250704,0.7059282573121426,0.01771657765480557,0.14490380679492415,0.37156995051731895,0.1569929780392387,0.059276580810546875,98661,0
047_GHL_id_16_Sensor_tr_50000_1st_77001.csv,0.008114786486535967,0.008416657245052814,0.18748745400464836,0.007548701734203482,0.15782595617936787,0.7809304860045462,0.03834003377374611,0.02701030213319997,0.05623431695905151,0.027039485066064867,15.645054340362549,99705,2733,0.2241923634295139,0.007772164352357457,0.18452435839504489,0.7809304628717452,0.06942875569085938,0.02702689314569058,0.041603839356648346,0.027076655976125966,0.06115984916687012,99800,2828
048_GHL_id_17_Sensor_tr_50000_1st_154001.csv,0.013463094954229439,0.015096280674628716,0.371327999103293,0.012253454975352174,0.33458831328030036,0.8271339927614516,0.01750138753818652,0.040201286934862204,0.10503635084427768,0.040206080801694785,15.613865613937378,99208,3191,0.4322710862019736,0.013639900860173165,0.39276055916985353,0.8293447985432508,0.028151406183244083,0.0437648433431971,0.07107671369227175,0.04373404171552473,0.05937981605529785,98716,2699
050_GHL_id_19_Sensor_tr_43750_1st_55001.csv,0.059645775892504804,0.03445473978931949,0.9513050233622996,0.05560844104109455,0.9509312023146762,0.9902714689209602,0.08005652711535065,0.15645787139689563,0.576608784473953,0.1583102578371125,13.666794061660767,86271,0,0.9119944492886349,0.03114454454815406,0.9097813283004763,0.9910657601905076,0.015981428136656074,0.09083960252645121,0.25008306567726213,0.09852853918933024,0.05483698844909668,86271,0
051_GHL_id_20_Sensor_tr_50000_1st_75110.csv,0.003716954347060172,0.003934162579767306,0.23062622731300064,0.0034692716560205837,0.20113070967048224,0.6666814445623177,0.02089803653208401,0.012433577968242685,0.030097418596717336,0.012490633656877291,15.530853748321533,99872,1163,0.2755999243329295,0.0036283956266135644,0.23561663138326272,0.666681444428988,0.020903538331929233,0.012391083829687607,0.021077221204640173,0.01262462478519361,0.059920549392700195,99928,1219
052_GHL_id_21_Sensor_tr_50000_1st_98001.csv,0.00310407771068734,0.003411022108440053,0.25886603323076524,0.00295480693676192,0.23775419693857122,0.6666758330022619,0.02774444253957369,0.010564855263658954,0.023797269808592505,0.010606873689480474,15.60722017288208,99870,941,0.323938102872396,0.0032364142257278873,0.29939090272683483,0.6666758330911491,0.02528481218670659,0.011113145787076237,0.0181733108740408,0.01116902484956948,0.06673359870910645,99950,1021
053_GHL_id_22_Sensor_tr_50000_1st_126448.csv,0.026399251285402263,0.029721977966643782,0.42367035079654547,0.02442404376444595,0.3938515529679647,0.8190407370378554,0.017996159168679596,0.0763733258042315,0.18447112310861688,0.07712063084569593,15.910961151123047,98079,5071,0.4798700763988727,0.027400349884454965,0.44990192312258365,0.820128589734264,0.027173215520059916,0.08583554797509016,0.12086233607541076,0.08691552568060974,0.060442447662353516,97636,4628
054_GHL_id_23_Sensor_tr_50000_1st_135001.csv,0.015115314819221959,0.016188012220672423,0.4174006142098185,0.013698045286924174,0.38767982131530543,0.7244491513409661,0.024939402824330752,0.040483547460291605,0.10620173779490608,0.04074822307126222,15.830039739608765,98446,2480,0.4597684837680977,0.014633909942223064,0.4267749312476015,0.7244491513849808,0.0230025677794129,0.04312724500756512,0.06576838397181858,0.04350873880138226,0.06107139587402344,98406,2440
055_GHL_id_24_Sensor_tr_50000_1st_118124.csv,0.0033203827606523,0.0035617769192609157,0.2733992687322137,0.003042073594494556,0.23387877130669193,0.6666784697031658,0.01907787137090294,0.010735812820199064,0.03212506168712291,0.010835547874651023,15.721985816955566,99851,960,0.31705822131763567,0.003199904401811507,0.2680961799700421,0.6666784697920526,0.02076366667009641,0.010805138062678356,0.01923406851064641,0.010865945475016106,0.06043362617492676,99900,1009
056_GHL_id_25_Sensor_tr_50000_1st_105568.csv,0.01838305648021509,0.019525453815191007,0.6002753795393535,0.016700405578703434,0.5757739257611482,0.7767675801394265,0.022242974785635448,0.04985293068317855,0.1618913084037421,0.05059819357071658,15.713331460952759,97220,664,0.6152930414968524,0.01760226634453748,0.5895340577751891,0.7767675802043092,0.022305465690447807,0.05438928821651913,0.09090228827130008,0.054743421164046804,0.06004023551940918,97115,559
057_SMD_id_1_Facility_tr_4529_1st_4629.csv,0.6049970032883415,0.3212641208310805,0.9658429018209269,0.3763412762064567,0.9655475956107177,0.9060373554560142,0.4447060481148594,0.39708561020036387,0.4835589941972921,0.40184072884715133,3.6717541217803955,10317,12,0.9518739350981921,0.23472842720554257,0.8538640114934322,0.8884278988463576,0.33816408743973986,0.6954545454545449,0.9170731707317074,0.3975957108727411,0.014379739761352539,10673,368
058_SMD_id_2_Facility_tr_1087_1st_1187.csv,0.6374638304149134,0.38853220613949413,0.9691136570509984,0.3822909963357612,0.943501954540001,0.9109396572148603,0.46797366311735944,0.519428090832632,0.6373254337706306,0.49725774653155513,4.524693250656128,12069,0,0.9149079461483542,0.31749273147731116,0.8598071870564017,0.9551188519171327,0.459079333834021,0.8999999999999995,0.9899581589958159,0.3421593728595158,0.016707658767700195,12338,269
059_SMD_id_3_Facility_tr_757_1st_857.csv,0.5455827905267405,0.4929984400337457,0.9543394983363944,0.21573597575675635,0.9714797507293673,0.868732381130188,0.31758192700866195,0.30843706777316693,0.43781094527363185,0.4334926049617295,3.609340190887451,10575,0,0.9832842096016262,0.46841897279111105,0.9295716811799403,0.8874570609319138,0.4264113604267444,0.8636363636363631,0.9705882352941176,0.5065616046169253,0.013705968856811523,10966,391
060_SMD_id_4_Facility_tr_7176_1st_10609.csv,0.5126957926977866,0.15904492179635332,0.966657556754629,0.6326677084056984,0.9723535720031616,0.8726542939395812,0.45511643911905864,0.5157480314960624,0.8348993288590604,0.6591145390507807,4.432563781738281,13418,0,0.8134030212910278,0.1816793030357886,0.6357438791472985,0.9587769000833316,0.3747379847580853,0.9610389610389605,0.9977011494252873,0.24784475712377724,0.01611495018005371,13878,460
061_SMD_id_5_Facility_tr_7176_1st_15144.csv,0.4847943708608074,0.38013413228457316,0.9139352145300893,0.47926352370068886,0.9169777995104439,0.8532385816632052,0.5241044281622771,0.5973856209150321,0.7516556291390728,0.47702392663546517,4.385672330856323,12381,0,0.8535675513670578,0.3583529273794336,0.7920071235324614,0.8919051672308257,0.3569074739438042,0.9499999999999995,0.9934782608695653,0.3882609136850744,0.016512632369995117,12867,486
063_SMD_id_7_Facility_tr_5923_1st_6506.csv,0.5313578771560891,0.31396880594411414,0.9139018422520666,0.35771216418970647,0.8660577814813297,0.8553007151882528,0.40342801861246774,0.4362085496082251,0.7154340836012861,0.42862622861629773,3.621833324432373,9602,225,0.8852410849843216,0.20107570057339436,0.7481335009038792,0.8956884492896783,0.30861542484946064,0.7125506072874488,0.9707401032702238,0.2518513333779189,0.014217853546142578,10002,625
064_SMD_id_8_Facility_tr_2272_1st_2372.csv,0.24917419539669372,0.31860296246831277,0.8293195640237766,0.18290066519707057,0.8630432340410821,0.8393115066138834,0.31256433818632295,0.26268505630773076,0.333487725798981,0.30646840407541404,3.2699639797210693,9030,211,0.8506814487868278,0.24587631494876083,0.6473729590583687,0.8949724021582954,0.3936301172855422,0.8234019501625129,0.9410205434062293,0.27394125210277154,0.013300895690917969,9552,733
065_SMD_id_9_Facility_tr_737_1st_837.csv,0.5099697981384089,0.5014493016619357,0.8818588562275914,0.3120798948403795,0.8710408077908641,0.8109697861171827,0.4529623616791332,0.5156535564107512,0.7869237217099748,0.5490879629882359,3.637385845184326,8340,181,0.8701073001641009,0.4298052993804117,0.7982071640447513,0.9421823162270802,0.4925222530307003,0.8386433710174712,0.9937655860349127,0.5113352572697066,0.014000177383422852,9288,1129
066_SMD_id_10_Facility_tr_2634_1st_2734.csv,0.5002736381586084,0.30607787605403225,0.9215451168352735,0.4484547389297562,0.8698160735219156,0.8138773655785345,0.4288289146875352,0.48855667719811924,0.8916619398752127,0.49609512704329917,3.603205442428589,10066,0,0.8839738021719474,0.2548852431410332,0.8130547957491706,0.9637555264879694,0.4681279005391972,0.9543147208121822,0.9954151808456444,0.31167356630506593,0.014626026153564453,10483,417
067_SMD_id_11_Facility_tr_1980_1st_2080.csv,0.39383494100077004,0.10365824343887493,0.8980663900952637,0.2064065133101213,0.8957652237121847,0.8214226554020637,0.5138732184782498,0.4195657860319117,0.6590373611578593,0.35894747797468246,3.462961196899414,9593,142,0.7238349802100603,0.08249222784850699,0.6416710656577176,0.8725338172211645,0.40294744800998084,0.7549019607843132,0.9930907415937356,0.1332611582030195,0.014124631881713867,10179,728
068_SMD_id_12_Facility_tr_1099_1st_1199.csv,0.4498930265085089,0.46495731293496584,0.8302338941809589,0.4936326037297452,0.8895853154481235,0.7165703290130983,0.5546136986244532,0.5657142857142852,0.7138364779874213,0.662202358792115,4.428919076919556,13786,133,0.9330659441672604,0.48269919011864487,0.8363661286931228,0.8999362416949107,0.27722833726206175,0.7715269804822038,0.8760611205432938,0.58157820095588,0.016673564910888672,13908,255
069_SMD_id_13_Facility_tr_5925_1st_12760.csv,0.4091488436300927,0.23203538195715098,0.8571260964835073,0.2211071331790186,0.7500621952919142,0.8388763707697848,0.5094561536608433,0.43458282950423177,0.6952494376075162,0.3872040495306788,3.62256121635437,8349,432,0.6406434603304099,0.1651941572201543,0.5227750049812901,0.9228318514077726,0.4961780392454215,0.8205128205128199,0.9926419060967063,0.25292830673737493,0.014365673065185547,9696,1779
070_SMD_id_14_Facility_tr_1070_1st_1170.csv,0.5664034946804194,0.328758992753768,0.9747874825735904,0.4211882820670676,0.9656281168653355,0.8219997182247174,0.45271696488796354,0.4396843291995486,0.49957374254049447,0.443872940026612,4.3957507610321045,13243,0,0.9250924949311425,0.3039946855296166,0.8499854587925835,0.8457329741949273,0.3417548687978986,0.8372093023255809,0.9599056603773585,0.41440978785747573,0.016391754150390625,13485,242
071_SMD_id_15_Facility_tr_1109_1st_1209.csv,0.48061116056386194,0.4488305262681089,0.8673459927310716,0.7092074980280453,0.9434874877869384,0.7333863111837644,0.6131290542136041,0.5994832041343664,0.8,0.7864773493535728,4.38149356842041,13649,7,0.9367255737060527,0.4487235086898161,0.8413339179135881,0.9112111069122606,0.22818341708144657,0.7292817679558005,0.9029982363315696,0.5114588821871981,0.01634073257446289,13903,261
073_SMD_id_17_Facility_tr_5926_1st_10620.csv,0.38970571528033643,0.5457789525002555,0.9351890743058953,0.0705239859657339,0.9492972125730746,0.8516441885231812,0.16374353033474845,0.1474201474201472,0.15170670037926676,0.1509411969783669,3.6164064407348633,11053,0,0.991569147098333,0.4343485226076924,0.8353384732695076,0.953496590333086,0.4408844721501454,0.7894736842105258,0.8928571428571429,0.591831736818549,0.013625621795654297,11354,301
074_SMD_id_18_Facility_tr_7174_1st_21230.csv,0.9021878340182075,0.18819268231757078,0.9994116310217422,0.531249756511293,0.9964296626167636,0.9927533041533126,0.5387964676210357,0.7023809523809518,0.7888446215139442,0.6768013890941371,4.423238277435303,13916,10,0.7813959686339759,0.23385079720944738,0.7092734134807263,0.982271151570724,0.3909760330190892,0.9411764705882347,0.9974811083123426,0.3890529581802673,0.016448497772216797,14160,254
075_SMD_id_19_Facility_tr_564_1st_664.csv,0.36329852657421785,0.8110348192854615,0.8308715116215496,0.6698934482628736,0.950990296726921,0.7728687118081188,0.19985447687346475,0.26671850699844424,0.8448753462603878,0.7644060377773095,3.6092870235443115,9615,184,0.9871244427352927,0.7601779523121804,0.9338855647729766,0.9649845910319581,0.539688292842136,0.9415929203539817,0.9892215568862276,0.7967429724278888,0.013896703720092773,10568,1137
076_SMD_id_20_Facility_tr_5925_1st_17580.csv,0.946352661517348,0.844885933147581,0.9996942708806981,0.9267214860814821,0.9993649515521618,0.9997099664973947,0.8676819896604724,0.9999999999999996,1.0,0.8315363374343905,3.657902479171753,11590,0,0.9971461347453083,0.9159248469711184,0.9946407398749743,0.999979887876549,0.4975737215378873,0.9999999999999996,1.0,0.9126163681005257,0.014305830001831055,11606,16
077_SMD_id_21_Facility_tr_3026_1st_3126.csv,0.27344497857577266,0.4105371751605599,0.8382716690498431,0.13499744585447573,0.8452016820485153,0.7955152387601332,0.3572324446947551,0.2687799977676075,0.32979749276759884,0.2946929528846459,3.2828691005706787,9013,198,0.9040691871809532,0.25318923157301415,0.7017348569165051,0.896230800006319,0.4466278678239797,0.8235849056603769,0.9542097488921714,0.28340685089501944,0.013366460800170898,9438,623
078_SMD_id_22_Facility_tr_500_1st_326.csv,0.49621837502333294,0.7302456473381724,0.7731192198335614,0.8017510666860838,0.92663030619271,0.7608419913643262,0.37439845716936276,0.4538481883099704,0.873538788522848,0.8086148327334572,3.704646587371826,10153,654,0.9444323614463862,0.6433829954795754,0.8808144304165411,0.8986421588050217,0.4684484443316302,0.9040835707502369,0.9505628976994616,0.7705577708554925,0.014475107192993164,10670,1171
