file,group,selected_head,VUS-PR
001_NAB_id_1_Facility_tr_1007_1st_2014.csv,NAB,fft,0.7902360655124688
002_NAB_id_2_WebService_tr_1500_1st_4106.csv,NAB,fft,0.4733603315248311
005_NAB_id_5_Traffic_tr_594_1st_1645.csv,NAB,fft,0.1594354898085671
006_NAB_id_6_Traffic_tr_2579_1st_5839.csv,NAB,fft,0.3597114404081708
008_NAB_id_8_Synthetic_tr_1007_1st_2734.csv,NAB,fft,0.8218232512238646
009_NAB_id_9_Traffic_tr_500_1st_438.csv,NAB,fft,0.7539471900976323
010_NAB_id_10_WebService_tr_500_1st_271.csv,NAB,fft,0.435048117102145
011_NAB_id_11_Facility_tr_1007_1st_1526.csv,NAB,fft,0.8886754906291608
013_NAB_id_13_Traffic_tr_623_1st_2084.csv,NAB,fft,0.9918525558506212
014_NAB_id_14_WebService_tr_500_1st_1045.csv,NAB,fft,0.6951379331703583
015_NAB_id_15_Synthetic_tr_1007_1st_2787.csv,NAB,fft,0.1289401238572801
016_NAB_id_16_Environment_tr_1816_1st_3540.csv,NAB,fft,0.2555504833446384
017_NAB_id_17_Synthetic_tr_1007_1st_1805.csv,NAB,fft,0.3716249663209354
018_NAB_id_18_Facility_tr_500_1st_669.csv,NAB,fft,0.1024578298628829
019_NAB_id_19_Facility_tr_1007_1st_1171.csv,NAB,fft,0.4627827544908476
020_NAB_id_20_Synthetic_tr_1007_1st_2679.csv,NAB,fft,0.2568231552509381
022_NAB_id_22_Facility_tr_1007_1st_2980.csv,NAB,fft,0.8474823599744217
023_NAB_id_23_Facility_tr_4512_1st_16551.csv,NAB,fft,0.5128781889244836
024_NAB_id_24_Synthetic_tr_1007_1st_2787.csv,NAB,fft,0.5578084654066263
025_NAB_id_25_WebService_tr_3958_1st_4614.csv,NAB,fft,0.2701038999093874
026_NAB_id_26_Traffic_tr_624_1st_2261.csv,NAB,fft,0.5428624115997283
027_NAB_id_27_Facility_tr_757_1st_2582.csv,NAB,fft,0.5644991944515811
028_NAB_id_28_Facility_tr_1007_1st_3447.csv,NAB,fft,0.4784836929297791
032_WSD_id_4_WebService_tr_4559_1st_11822.csv,WSD,ensemble,0.3852082246838068
039_WSD_id_11_WebService_tr_1746_1st_1846.csv,WSD,ensemble,0.6564106420157184
040_WSD_id_12_WebService_tr_4559_1st_9714.csv,WSD,ensemble,0.0217477359714436
043_WSD_id_15_WebService_tr_4521_1st_6828.csv,WSD,ensemble,0.6116888227229701
049_WSD_id_21_WebService_tr_4297_1st_7097.csv,WSD,ensemble,0.2522379896028507
054_WSD_id_26_WebService_tr_2409_1st_2509.csv,WSD,ensemble,0.6461788272664896
058_WSD_id_30_WebService_tr_1136_1st_1236.csv,WSD,ensemble,0.258413453260737
060_WSD_id_32_WebService_tr_4576_1st_4766.csv,WSD,ensemble,0.2440567075496276
068_WSD_id_40_WebService_tr_4549_1st_13322.csv,WSD,ensemble,0.146754566503822
074_WSD_id_46_WebService_tr_990_1st_1090.csv,WSD,ensemble,0.3128079622072178
089_WSD_id_61_WebService_tr_1010_1st_1110.csv,WSD,ensemble,0.7927046640377483
094_WSD_id_66_WebService_tr_3309_1st_3914.csv,WSD,ensemble,0.6260470501647712
099_WSD_id_71_WebService_tr_4559_1st_14411.csv,WSD,ensemble,0.4819736006716204
106_WSD_id_78_WebService_tr_3363_1st_3463.csv,WSD,ensemble,0.7568623930478268
113_WSD_id_85_WebService_tr_500_1st_335.csv,WSD,ensemble,0.5918585790355969
117_WSD_id_89_WebService_tr_3251_1st_3351.csv,WSD,ensemble,0.3882048914119589
125_WSD_id_97_WebService_tr_2217_1st_2317.csv,WSD,ensemble,0.2723947505512558
130_WSD_id_102_WebService_tr_2362_1st_2462.csv,WSD,ensemble,0.4583274408259667
137_WSD_id_109_WebService_tr_4559_1st_14404.csv,WSD,ensemble,0.4696048801488129
139_WSD_id_111_WebService_tr_1701_1st_1801.csv,WSD,ensemble,0.6120536413668437
140_MSL_id_1_Sensor_tr_530_1st_630.csv,MSL,ensemble,0.9073220500812486
141_MSL_id_2_Sensor_tr_500_1st_550.csv,MSL,ensemble,0.714329204381909
143_MSL_id_4_Sensor_tr_980_1st_3550.csv,MSL,ensemble,0.9730364639723558
144_MSL_id_5_Sensor_tr_1525_1st_4590.csv,MSL,ensemble,0.0241414388081516
145_MSL_id_6_Sensor_tr_530_1st_630.csv,MSL,ensemble,0.4508387163836072
147_MSL_id_8_Sensor_tr_590_1st_690.csv,MSL,ensemble,0.3955984809569126
148_MSL_id_9_Sensor_tr_883_1st_1238.csv,MSL,ensemble,0.9330047144272716
149_Stock_id_1_Finance_tr_500_1st_7.csv,Stock,forecast,0.9899820767577322
151_Stock_id_3_Finance_tr_500_1st_62.csv,Stock,forecast,0.9893657774221966
155_Stock_id_7_Finance_tr_500_1st_18.csv,Stock,forecast,0.9951414558901231
156_Stock_id_8_Finance_tr_500_1st_24.csv,Stock,forecast,0.9259232641122536
160_Stock_id_12_Finance_tr_500_1st_14.csv,Stock,forecast,0.9761717761473075
162_Stock_id_14_Finance_tr_500_1st_4.csv,Stock,forecast,0.9975380660830132
165_Stock_id_17_Finance_tr_500_1st_7.csv,Stock,forecast,0.998573521031888
166_Stock_id_18_Finance_tr_500_1st_18.csv,Stock,forecast,0.9920904642164262
169_Daphnet_id_1_HumanActivity_tr_9693_1st_20732.csv,Daphnet,time,0.5460403793290294
170_MITDB_id_1_Medical_tr_17675_1st_17775.csv,MITDB,time,0.0627295955435667
171_MITDB_id_2_Medical_tr_50000_1st_88864.csv,MITDB,time,0.0503257543931495
172_MITDB_id_3_Medical_tr_27274_1st_27374.csv,MITDB,time,0.0312926389070994
173_MITDB_id_4_Medical_tr_13620_1st_13720.csv,MITDB,time,0.1052100180023642
175_MITDB_id_6_Medical_tr_27274_1st_27374.csv,MITDB,time,0.0422721624058994
176_MITDB_id_7_Medical_tr_6232_1st_6332.csv,MITDB,time,0.2858863933738397
177_MITDB_id_8_Medical_tr_17675_1st_17775.csv,MITDB,time,0.0830773559075919
178_SMD_id_1_Facility_tr_6000_1st_10609.csv,SMD,fft,0.1433165159412371
179_SMD_id_2_Facility_tr_5925_1st_17580.csv,SMD,fft,0.9700839829317036
180_SMD_id_3_Facility_tr_5925_1st_17580.csv,SMD,fft,0.9425282162463424
181_SMD_id_4_Facility_tr_5000_1st_15144.csv,SMD,fft,0.7626683985979713
183_SMD_id_6_Facility_tr_5925_1st_17580.csv,SMD,fft,0.9718983589886142
184_SMD_id_7_Facility_tr_7119_1st_15849.csv,SMD,fft,0.6955597619403263
185_SMD_id_8_Facility_tr_5000_1st_15144.csv,SMD,fft,0.7505982803705806
187_SMD_id_10_Facility_tr_5000_1st_15849.csv,SMD,fft,0.42614799496134
188_SMD_id_11_Facility_tr_500_1st_392.csv,SMD,fft,0.3024249350123216
189_SMD_id_12_Facility_tr_5925_1st_17580.csv,SMD,fft,0.8516716580145457
190_SMD_id_13_Facility_tr_7119_1st_15849.csv,SMD,fft,0.7455837811306276
191_SMD_id_14_Facility_tr_4596_1st_4696.csv,SMD,fft,0.8626797998742559
192_SMD_id_15_Facility_tr_5925_1st_17580.csv,SMD,fft,0.9435268060108296
194_SMD_id_17_Facility_tr_5925_1st_17580.csv,SMD,fft,0.8597006669085647
195_SMD_id_18_Facility_tr_5925_1st_17580.csv,SMD,fft,0.929339912568408
196_SMD_id_19_Facility_tr_7174_1st_21230.csv,SMD,fft,0.863249966360246
197_SMD_id_20_Facility_tr_5000_1st_15144.csv,SMD,fft,0.7535335073748375
198_SMD_id_21_Facility_tr_5925_1st_17580.csv,SMD,fft,0.8612222305767262
199_SMD_id_22_Facility_tr_5925_1st_17580.csv,SMD,fft,0.7923137803998099
201_SMD_id_24_Facility_tr_7174_1st_21230.csv,SMD,fft,0.8709632544840812
202_SMD_id_25_Facility_tr_6250_1st_21230.csv,SMD,fft,0.8439277005092751
203_SMD_id_26_Facility_tr_7174_1st_21230.csv,SMD,fft,0.8520774108288964
204_SMD_id_27_Facility_tr_5000_1st_15144.csv,SMD,fft,0.7673661015272306
205_SMD_id_28_Facility_tr_5925_1st_17580.csv,SMD,fft,0.9649135857672132
206_SMD_id_29_Facility_tr_6250_1st_21230.csv,SMD,fft,0.8439277005092751
207_SMD_id_30_Facility_tr_7174_1st_21230.csv,SMD,fft,0.8634737536395491
208_SMD_id_31_Facility_tr_5000_1st_15144.csv,SMD,fft,0.6378251883890891
209_SMD_id_32_Facility_tr_5925_1st_17580.csv,SMD,fft,0.3615134498011841
211_SMD_id_34_Facility_tr_5925_1st_17580.csv,SMD,fft,0.8601704156693543
212_SMD_id_35_Facility_tr_5925_1st_17580.csv,SMD,fft,0.9257109593713778
213_SMD_id_36_Facility_tr_5925_1st_17580.csv,SMD,fft,0.9121178001739132
214_SMD_id_37_Facility_tr_5925_1st_17580.csv,SMD,fft,0.9700839829317036
215_SMD_id_38_Facility_tr_5925_1st_17580.csv,SMD,fft,0.8611107581839802
216_LTDB_id_1_Medical_tr_500_1st_266.csv,LTDB,fft,0.1636271549235526
218_LTDB_id_3_Medical_tr_500_1st_266.csv,LTDB,fft,0.1236288947291432
219_LTDB_id_4_Medical_tr_3618_1st_3718.csv,LTDB,fft,0.4904320697620188
220_LTDB_id_5_Medical_tr_500_1st_26.csv,LTDB,fft,0.6824389159416573
221_LTDB_id_6_Medical_tr_500_1st_26.csv,LTDB,fft,0.3536864929250125
222_LTDB_id_7_Medical_tr_3618_1st_3718.csv,LTDB,fft,0.930116741338235
223_LTDB_id_8_Medical_tr_4456_1st_4556.csv,LTDB,fft,0.1608713148604707
224_LTDB_id_9_Medical_tr_4456_1st_4556.csv,LTDB,fft,0.3648421190582308
225_MGAB_id_1_Synthetic_tr_25000_1st_38478.csv,MGAB,forecast,0.0056374392828236
226_MGAB_id_2_Synthetic_tr_20000_1st_45134.csv,MGAB,forecast,0.004405136940678
227_MGAB_id_3_Synthetic_tr_25000_1st_44340.csv,MGAB,forecast,0.0038521550730408
228_MGAB_id_4_Synthetic_tr_25000_1st_38948.csv,MGAB,forecast,0.0051485709651304
229_MGAB_id_5_Synthetic_tr_25000_1st_33098.csv,MGAB,forecast,0.0058282518716335
231_MGAB_id_7_Synthetic_tr_25000_1st_35544.csv,MGAB,forecast,0.0031765648302805
232_MGAB_id_8_Synthetic_tr_25000_1st_32708.csv,MGAB,forecast,0.0054797611466862
233_MGAB_id_9_Synthetic_tr_25000_1st_41300.csv,MGAB,forecast,0.0052094933807792
234_SED_id_1_Medical_tr_3740_1st_3840.csv,SED,forecast,0.0713540986625827
236_SED_id_3_Medical_tr_3740_1st_3840.csv,SED,forecast,0.0537866262332209
237_SVDB_id_1_Medical_tr_11587_1st_11687.csv,SVDB,fft,0.6794402884230215
238_SVDB_id_2_Medical_tr_25000_1st_71963.csv,SVDB,fft,0.6650124532041497
239_SVDB_id_3_Medical_tr_50000_1st_106634.csv,SVDB,fft,0.3095224335599266
240_SVDB_id_4_Medical_tr_18462_1st_18562.csv,SVDB,fft,0.4571246860836692
241_SVDB_id_5_Medical_tr_11587_1st_11687.csv,SVDB,fft,0.076405013101716
243_SVDB_id_7_Medical_tr_11393_1st_11493.csv,SVDB,fft,0.1786156087419917
244_SVDB_id_8_Medical_tr_17803_1st_17903.csv,SVDB,fft,0.0538615015861896
245_SVDB_id_9_Medical_tr_12607_1st_12707.csv,SVDB,fft,0.5548729948887476
246_SVDB_id_10_Medical_tr_20100_1st_68460.csv,SVDB,fft,0.0148146440552542
247_SVDB_id_11_Medical_tr_20100_1st_23611.csv,SVDB,fft,0.5931189273491241
248_SVDB_id_12_Medical_tr_18462_1st_18562.csv,SVDB,fft,0.5619544417429806
249_SVDB_id_13_Medical_tr_50000_1st_54982.csv,SVDB,fft,0.3266448069147317
250_SVDB_id_14_Medical_tr_50000_1st_107354.csv,SVDB,fft,0.5871178755943186
251_SVDB_id_15_Medical_tr_5421_1st_5521.csv,SVDB,fft,0.6807899654849163
253_SVDB_id_17_Medical_tr_17803_1st_17903.csv,SVDB,fft,0.0493584695585101
254_SVDB_id_18_Medical_tr_30824_1st_30924.csv,SVDB,fft,0.2976264454224979
255_SVDB_id_19_Medical_tr_50000_1st_54982.csv,SVDB,fft,0.2903441734890737
256_SVDB_id_20_Medical_tr_6264_1st_6364.csv,SVDB,fft,0.1439955675526575
257_TAO_id_1_Environment_tr_500_1st_3.csv,TAO,forecast,0.9973657534493428
258_TAO_id_2_Environment_tr_500_1st_4.csv,TAO,forecast,0.9985137508237868
260_IOPS_id_1_WebService_tr_5000_1st_11804.csv,IOPS,time,0.2085823126086208
261_IOPS_id_2_WebService_tr_2178_1st_2278.csv,IOPS,time,0.7788830579350249
262_IOPS_id_3_WebService_tr_7028_1st_7128.csv,IOPS,time,0.1690817902363181
263_IOPS_id_4_WebService_tr_3482_1st_3582.csv,IOPS,time,0.667217493042358
264_IOPS_id_5_WebService_tr_11665_1st_11765.csv,IOPS,time,0.4625493357439231
266_IOPS_id_7_WebService_tr_4010_1st_4110.csv,IOPS,time,0.0400046840522592
267_IOPS_id_8_WebService_tr_1534_1st_1882.csv,IOPS,time,0.3042033410903937
268_IOPS_id_9_WebService_tr_6216_1st_6316.csv,IOPS,time,0.3235809560500118
269_IOPS_id_10_WebService_tr_1216_1st_1728.csv,IOPS,time,0.4902685476078948
271_IOPS_id_12_WebService_tr_500_1st_341.csv,IOPS,time,0.4619603071371336
272_IOPS_id_13_WebService_tr_3442_1st_3542.csv,IOPS,time,0.6138392484687304
273_IOPS_id_14_WebService_tr_5569_1st_5669.csv,IOPS,time,0.5687704373634771
274_IOPS_id_15_WebService_tr_4591_1st_4691.csv,IOPS,time,0.5887252838803091
275_IOPS_id_16_WebService_tr_1482_1st_1582.csv,IOPS,time,0.1758471188681934
276_IOPS_id_17_WebService_tr_19197_1st_19297.csv,IOPS,time,0.3759075151620699
277_NEK_id_1_WebService_tr_500_1st_17.csv,NEK,ensemble,0.3358064236364423
278_NEK_id_2_WebService_tr_500_1st_64.csv,NEK,ensemble,0.2068429984165005
279_NEK_id_3_WebService_tr_500_1st_974.csv,NEK,ensemble,0.8066081681706665
281_NEK_id_5_WebService_tr_500_1st_974.csv,NEK,ensemble,0.8362632239731128
282_NEK_id_6_WebService_tr_500_1st_64.csv,NEK,ensemble,0.2229852492830669
283_NEK_id_7_WebService_tr_500_1st_777.csv,NEK,ensemble,0.7665715770406581
284_NEK_id_8_WebService_tr_500_1st_976.csv,NEK,ensemble,0.7197736416755233
285_NEK_id_9_WebService_tr_500_1st_780.csv,NEK,ensemble,0.7364202108179555
286_CATSv2_id_1_Sensor_tr_17792_1st_17892.csv,CATSv2,time,0.346167142368203
287_TODS_id_1_Synthetic_tr_500_1st_11.csv,TODS,time,0.8615607979061571
288_TODS_id_2_Synthetic_tr_500_1st_65.csv,TODS,time,0.7706098106187053
289_TODS_id_3_Synthetic_tr_500_1st_26.csv,TODS,time,0.7263828424399569
290_TODS_id_4_Synthetic_tr_500_1st_26.csv,TODS,time,0.6842193920718683
292_TODS_id_6_Synthetic_tr_500_1st_11.csv,TODS,time,0.8438083072534529
293_TODS_id_7_Synthetic_tr_500_1st_7.csv,TODS,time,0.5865837592147841
294_TODS_id_8_Synthetic_tr_500_1st_200.csv,TODS,time,0.5488029027973113
295_TODS_id_9_Synthetic_tr_1250_1st_2046.csv,TODS,time,0.5705814750011673
296_TODS_id_10_Synthetic_tr_500_1st_26.csv,TODS,time,0.7566020331717568
297_TODS_id_11_Synthetic_tr_500_1st_7.csv,TODS,time,0.5285237780777022
298_TODS_id_12_Synthetic_tr_500_1st_0.csv,TODS,time,0.7100815020133682
299_TODS_id_13_Synthetic_tr_500_1st_65.csv,TODS,time,0.7314406900115202
301_TODS_id_15_Synthetic_tr_500_1st_245.csv,TODS,time,0.473612987501732
302_Power_id_1_Facility_tr_7685_1st_7785.csv,Power,time,0.0723055587980174
304_UCR_id_2_Medical_tr_2499_1st_7000.csv,UCR,time,0.0714857169475246
307_UCR_id_5_Facility_tr_29895_1st_39240.csv,UCR,time,0.0010434970766527
309_UCR_id_7_Medical_tr_3000_1st_5948.csv,UCR,time,0.1584964435399058
310_UCR_id_8_HumanActivity_tr_2631_1st_8285.csv,UCR,time,0.0030067865505602
311_UCR_id_9_HumanActivity_tr_16000_1st_38400.csv,UCR,time,0.0414884576861679
313_UCR_id_11_Sensor_tr_2827_1st_4711.csv,UCR,time,0.3911552537731505
315_UCR_id_13_HumanActivity_tr_16000_1st_33070.csv,UCR,time,0.0233552126156189
316_UCR_id_14_Sensor_tr_2833_1st_5988.csv,UCR,time,0.1335286401071237
319_UCR_id_17_Environment_tr_6166_1st_19280.csv,UCR,time,0.4129324195514327
326_UCR_id_24_Medical_tr_1875_1st_4187.csv,UCR,time,0.0495127808060158
331_UCR_id_29_Facility_tr_50000_1st_837400.csv,UCR,time,0.0018184296216818
332_UCR_id_30_Facility_tr_13750_1st_52600.csv,UCR,time,0.0039171895591374
334_UCR_id_32_HumanActivity_tr_1671_1st_2764.csv,UCR,time,0.0226213807611565
339_UCR_id_37_Sensor_tr_2750_1st_5400.csv,UCR,time,0.0444118709231127
341_UCR_id_39_HumanActivity_tr_48812_1st_128430.csv,UCR,time,5.5781619875433616e-05
344_UCR_id_42_Sensor_tr_2851_1st_5365.csv,UCR,time,0.0048439159756062
346_UCR_id_44_Medical_tr_7456_1st_17390.csv,UCR,time,0.0033505537652433
349_UCR_id_47_Facility_tr_29954_1st_74900.csv,UCR,time,0.0008067878401104
355_UCR_id_53_HumanActivity_tr_48750_1st_143411.csv,UCR,time,0.133779652431133
358_UCR_id_56_Facility_tr_10500_1st_29080.csv,UCR,time,0.0012093609345353
361_UCR_id_59_Medical_tr_3000_1st_7175.csv,UCR,time,0.0410200401260631
364_UCR_id_62_Sensor_tr_2833_1st_5988.csv,UCR,time,0.1432542544206685
369_UCR_id_67_Sensor_tr_2750_1st_5400.csv,UCR,time,0.0535873943514278
371_UCR_id_69_Medical_tr_1853_1st_6200.csv,UCR,time,0.0969017717028438
373_UCR_id_71_Sensor_tr_2827_1st_5988.csv,UCR,time,0.0141426539632874
381_UCR_id_79_HumanActivity_tr_16000_1st_31200.csv,UCR,time,0.0297971963146272
382_UCR_id_80_Medical_tr_7500_1st_11800.csv,UCR,time,0.585993484219601
385_UCR_id_83_Environment_tr_2046_1st_6006.csv,UCR,time,0.824330020011988
387_UCR_id_85_Environment_tr_2046_1st_5549.csv,UCR,time,0.0734342911770636
391_UCR_id_89_Medical_tr_1875_1st_5759.csv,UCR,time,0.0279548794359367
393_UCR_id_91_Environment_tr_2046_1st_4852.csv,UCR,time,0.7852950602962158
396_UCR_id_94_Medical_tr_1875_1st_5607.csv,UCR,time,0.760039779389858
400_UCR_id_98_Environment_tr_2046_1st_5391.csv,UCR,time,0.0015788990404641
401_UCR_id_99_HumanActivity_tr_1671_1st_5920.csv,UCR,time,0.1037000634984709
405_UCR_id_103_Sensor_tr_2827_1st_5988.csv,UCR,time,0.0130646998928964
406_UCR_id_104_Facility_tr_20000_1st_67950.csv,UCR,time,0.0121049861563058
411_UCR_id_109_Environment_tr_2046_1st_4852.csv,UCR,time,0.8071274557735328
415_UCR_id_113_Medical_tr_3000_1st_8612.csv,UCR,time,0.6248445666589203
417_UCR_id_115_Sensor_tr_2750_1st_5400.csv,UCR,time,0.0439730575232374
419_UCR_id_117_Facility_tr_3000_1st_6168.csv,UCR,time,0.0085092120470196
420_UCR_id_118_Facility_tr_13750_1st_52600.csv,UCR,time,0.2463570487574331
421_UCR_id_119_HumanActivity_tr_48750_1st_130700.csv,UCR,time,0.0211067446948946
426_UCR_id_124_Sensor_tr_2827_1st_4711.csv,UCR,time,0.3499109714479534
430_UCR_id_128_HumanActivity_tr_12500_1st_46500.csv,UCR,time,0.0090249121185805
432_UCR_id_130_Facility_tr_23000_1st_26970.csv,UCR,time,0.0074980062941379
436_UCR_id_134_Medical_tr_1875_1st_4526.csv,UCR,time,0.0551923399920261
437_UCR_id_135_Medical_tr_2499_1st_8000.csv,UCR,time,0.0016124925987719
439_UCR_id_137_HumanActivity_tr_48750_1st_110800.csv,UCR,time,0.5787034654856505
445_UCR_id_143_Environment_tr_6166_1st_19280.csv,UCR,time,0.3702381204901331
449_UCR_id_147_Sensor_tr_2847_1st_9330.csv,UCR,time,0.3071398743652199
452_UCR_id_150_Facility_tr_10000_1st_35774.csv,UCR,time,0.1814094992651128
459_UCR_id_157_HumanActivity_tr_50000_1st_110260.csv,UCR,time,0.0005845481863272
463_UCR_id_161_Environment_tr_2046_1st_6006.csv,UCR,time,0.8032847072574616
467_UCR_id_165_Environment_tr_6166_1st_19280.csv,UCR,time,0.3412316948342407
471_UCR_id_169_Facility_tr_10000_1st_35774.csv,UCR,time,0.0131578174488178
473_UCR_id_171_HumanActivity_tr_2617_1st_7290.csv,UCR,time,0.001743620659054
474_UCR_id_172_Environment_tr_2046_1st_6520.csv,UCR,time,0.4796390650965228
493_UCR_id_191_Sensor_tr_2847_1st_9330.csv,UCR,time,0.341350694149282
494_UCR_id_192_Facility_tr_22500_1st_72150.csv,UCR,time,0.0049405795896829
495_UCR_id_193_Environment_tr_2046_1st_6520.csv,UCR,time,0.466725287095682
496_UCR_id_194_Environment_tr_2046_1st_5391.csv,UCR,time,0.0070545858605834
499_UCR_id_197_Environment_tr_2046_1st_5703.csv,UCR,time,0.1527280797480043
500_UCR_id_198_Facility_tr_7482_1st_23357.csv,UCR,time,0.0099449749571809
504_UCR_id_202_Environment_tr_2046_1st_5549.csv,UCR,time,0.0550445316029615
506_UCR_id_204_Environment_tr_2046_1st_5549.csv,UCR,time,0.0910900004766534
516_UCR_id_214_HumanActivity_tr_2108_1st_4702.csv,UCR,time,0.0012078891965206
517_UCR_id_215_Facility_tr_7482_1st_24005.csv,UCR,time,0.8023395147029342
525_UCR_id_223_Facility_tr_50000_1st_250720.csv,UCR,time,0.0034968016345688
526_UCR_id_224_Sensor_tr_2827_1st_4711.csv,UCR,time,0.2955040443119496
530_UCR_id_228_HumanActivity_tr_16250_1st_38500.csv,UCR,time,0.0049759601410814
531_SMAP_id_1_Sensor_tr_1811_1st_4510.csv,SMAP,time,0.9614750876150844
532_SMAP_id_2_Sensor_tr_2075_1st_5550.csv,SMAP,time,0.5848747948253264
533_SMAP_id_3_Sensor_tr_2052_1st_5300.csv,SMAP,time,0.999928135535203
534_SMAP_id_4_Sensor_tr_1968_1st_4370.csv,SMAP,time,0.8346862271385762
536_SMAP_id_6_Sensor_tr_2160_1st_5600.csv,SMAP,time,0.9930436220926496
537_SMAP_id_7_Sensor_tr_2077_1st_5394.csv,SMAP,time,0.9989796334430994
538_SMAP_id_8_Sensor_tr_2007_1st_3650.csv,SMAP,time,0.9369436602525276
539_SMAP_id_9_Sensor_tr_1857_1st_4270.csv,SMAP,time,0.9269831927395088
540_SMAP_id_10_Sensor_tr_2051_1st_4575.csv,SMAP,time,0.8500284631155511
541_SMAP_id_11_Sensor_tr_1832_1st_5300.csv,SMAP,time,0.4230433680436624
542_SMAP_id_12_Sensor_tr_1908_1st_4690.csv,SMAP,time,0.6922885097982584
544_SMAP_id_14_Sensor_tr_1978_1st_4450.csv,SMAP,time,0.0843237550775123
545_SMAP_id_15_Sensor_tr_1173_1st_2750.csv,SMAP,time,0.7527492717102894
546_SMAP_id_16_Sensor_tr_2117_1st_4770.csv,SMAP,time,0.0463612729245378
547_SMAP_id_17_Sensor_tr_2133_1st_5400.csv,SMAP,time,0.1494877103151508
548_SMAP_id_18_Sensor_tr_2094_1st_5600.csv,SMAP,time,0.8313433595654826
549_SMAP_id_19_Sensor_tr_1998_1st_2098.csv,SMAP,time,0.9632789198811098
550_SWaT_id_1_Sensor_tr_43700_1st_43800.csv,SWaT,time,0.0952596706939913
551_YAHOO_id_1_Synthetic_tr_500_1st_893.csv,YAHOO,forecast,1.0
552_YAHOO_id_2_Synthetic_tr_500_1st_893.csv,YAHOO,forecast,1.0
555_YAHOO_id_5_WebService_tr_500_1st_730.csv,YAHOO,forecast,0.9440573274774527
558_YAHOO_id_8_WebService_tr_500_1st_1125.csv,YAHOO,forecast,0.0432056768656836
562_YAHOO_id_12_Synthetic_tr_500_1st_893.csv,YAHOO,forecast,1.0
570_YAHOO_id_20_Synthetic_tr_500_1st_658.csv,YAHOO,forecast,0.9814810928210732
571_YAHOO_id_21_Synthetic_tr_500_1st_623.csv,YAHOO,forecast,0.9268037247183032
579_YAHOO_id_29_WebService_tr_500_1st_1342.csv,YAHOO,forecast,1.0
603_YAHOO_id_53_Synthetic_tr_500_1st_893.csv,YAHOO,forecast,1.0
644_YAHOO_id_94_WebService_tr_500_1st_1078.csv,YAHOO,forecast,0.0440476302412453
645_YAHOO_id_95_WebService_tr_500_1st_1047.csv,YAHOO,forecast,1.0
649_YAHOO_id_99_WebService_tr_500_1st_1386.csv,YAHOO,forecast,1.0
657_YAHOO_id_107_WebService_tr_500_1st_1260.csv,YAHOO,forecast,1.0
658_YAHOO_id_108_Synthetic_tr_500_1st_893.csv,YAHOO,forecast,1.0
672_YAHOO_id_122_WebService_tr_500_1st_857.csv,YAHOO,forecast,1.0
680_YAHOO_id_130_Synthetic_tr_500_1st_893.csv,YAHOO,forecast,1.0
689_YAHOO_id_139_WebService_tr_500_1st_1073.csv,YAHOO,forecast,1.0
693_YAHOO_id_143_WebService_tr_500_1st_1003.csv,YAHOO,forecast,0.5
701_YAHOO_id_151_Synthetic_tr_500_1st_893.csv,YAHOO,forecast,1.0
723_YAHOO_id_173_WebService_tr_500_1st_1214.csv,YAHOO,forecast,0.6868864670348196
724_YAHOO_id_174_WebService_tr_500_1st_1030.csv,YAHOO,forecast,0.7257142857142859
734_YAHOO_id_184_WebService_tr_500_1st_768.csv,YAHOO,forecast,0.7620281304244023
741_YAHOO_id_191_WebService_tr_500_1st_1114.csv,YAHOO,forecast,0.6487353365594031
755_YAHOO_id_205_Synthetic_tr_500_1st_893.csv,YAHOO,forecast,1.0
762_YAHOO_id_212_WebService_tr_500_1st_1055.csv,YAHOO,forecast,0.530986809574503
780_YAHOO_id_230_Synthetic_tr_500_1st_893.csv,YAHOO,forecast,1.0
788_YAHOO_id_238_WebService_tr_500_1st_973.csv,YAHOO,forecast,1.0
797_YAHOO_id_247_Synthetic_tr_500_1st_893.csv,YAHOO,forecast,0.3894776261533497
806_YAHOO_id_256_Synthetic_tr_500_1st_893.csv,YAHOO,forecast,1.0
807_YAHOO_id_257_WebService_tr_500_1st_1210.csv,YAHOO,forecast,0.6190204762477024
810_Exathlon_id_1_Facility_tr_10766_1st_12590.csv,Exathlon,fft,0.0995405487889748
811_Exathlon_id_2_Facility_tr_10766_1st_12590.csv,Exathlon,fft,0.9994483634447476
812_Exathlon_id_3_Facility_tr_10766_1st_12590.csv,Exathlon,fft,0.9998673695159396
814_Exathlon_id_5_Facility_tr_10766_1st_12590.csv,Exathlon,fft,0.9994483634447476
815_Exathlon_id_6_Facility_tr_10766_1st_12590.csv,Exathlon,fft,0.9998673695159396
816_Exathlon_id_7_Facility_tr_10766_1st_12590.csv,Exathlon,fft,0.9304344456953402
817_Exathlon_id_8_Facility_tr_10766_1st_12590.csv,Exathlon,fft,0.5754676694607777
818_Exathlon_id_9_Facility_tr_11665_1st_13484.csv,Exathlon,fft,0.9247968840910016
819_Exathlon_id_10_Facility_tr_10766_1st_12590.csv,Exathlon,fft,0.9849601102050418
820_Exathlon_id_11_Facility_tr_11665_1st_13484.csv,Exathlon,fft,0.9369861425830964
821_Exathlon_id_12_Facility_tr_6985_1st_7085.csv,Exathlon,fft,0.3982878917811527
822_Exathlon_id_13_Facility_tr_10766_1st_12590.csv,Exathlon,fft,0.5754676694607777
823_Exathlon_id_14_Facility_tr_10766_1st_12590.csv,Exathlon,fft,0.9290954748547658
824_Exathlon_id_15_Facility_tr_10766_1st_12590.csv,Exathlon,fft,0.9957180537794934
826_Exathlon_id_17_Facility_tr_11665_1st_13484.csv,Exathlon,fft,0.9369861425830964
827_Exathlon_id_18_Facility_tr_10766_1st_12590.csv,Exathlon,fft,0.9957180537794934
828_Exathlon_id_19_Facility_tr_11663_1st_13482.csv,Exathlon,fft,0.8395030095481132
829_Exathlon_id_20_Facility_tr_10766_1st_12590.csv,Exathlon,fft,0.9304344456953402
830_Exathlon_id_21_Facility_tr_10766_1st_12590.csv,Exathlon,fft,0.9646089308160894
831_Exathlon_id_22_Facility_tr_11665_1st_13484.csv,Exathlon,fft,0.9369861425830964
832_Exathlon_id_23_Facility_tr_10766_1st_12590.csv,Exathlon,fft,0.9304344456953402
833_Exathlon_id_24_Facility_tr_10766_1st_12590.csv,Exathlon,fft,0.9998673695159396
834_Exathlon_id_25_Facility_tr_11665_1st_13484.csv,Exathlon,fft,0.9369861425830964
835_Exathlon_id_26_Facility_tr_10766_1st_12590.csv,Exathlon,fft,0.3587736631890226
836_Exathlon_id_27_Facility_tr_10766_1st_12590.csv,Exathlon,fft,0.9998673695159396
837_Exathlon_id_28_Facility_tr_8898_1st_8998.csv,Exathlon,fft,0.1940958075833105
838_Exathlon_id_29_Facility_tr_10766_1st_12590.csv,Exathlon,fft,0.5754676694607777
839_Exathlon_id_30_Facility_tr_10766_1st_12590.csv,Exathlon,fft,0.9304344456953402
840_Exathlon_id_31_Facility_tr_10766_1st_12590.csv,Exathlon,fft,0.9957180537794934
841_Exathlon_id_32_Facility_tr_11663_1st_13482.csv,Exathlon,fft,0.9432444509013972
842_OPPORTUNITY_id_1_HumanActivity_tr_7295_1st_27516.csv,OPPORTUNITY,ensemble,0.0084599158938865
843_OPPORTUNITY_id_2_HumanActivity_tr_808_1st_908.csv,OPPORTUNITY,ensemble,0.0879502850236316
844_OPPORTUNITY_id_3_HumanActivity_tr_500_1st_566.csv,OPPORTUNITY,ensemble,0.0582039746096797
845_OPPORTUNITY_id_4_HumanActivity_tr_7295_1st_27516.csv,OPPORTUNITY,ensemble,0.0166499800804133
846_OPPORTUNITY_id_5_HumanActivity_tr_2085_1st_2185.csv,OPPORTUNITY,ensemble,0.0296681312758163
847_OPPORTUNITY_id_6_HumanActivity_tr_808_1st_908.csv,OPPORTUNITY,ensemble,0.0723174126089621
848_OPPORTUNITY_id_7_HumanActivity_tr_1477_1st_1577.csv,OPPORTUNITY,ensemble,0.0456309241896521
849_OPPORTUNITY_id_8_HumanActivity_tr_1100_1st_1200.csv,OPPORTUNITY,ensemble,0.0268899408552939
850_OPPORTUNITY_id_9_HumanActivity_tr_895_1st_995.csv,OPPORTUNITY,ensemble,0.043472439256334
851_OPPORTUNITY_id_10_HumanActivity_tr_6213_1st_7311.csv,OPPORTUNITY,ensemble,0.0204440730570231
853_OPPORTUNITY_id_12_HumanActivity_tr_808_1st_908.csv,OPPORTUNITY,ensemble,0.0784199374634098
854_OPPORTUNITY_id_13_HumanActivity_tr_1477_1st_1577.csv,OPPORTUNITY,ensemble,0.0925504990560568
855_OPPORTUNITY_id_14_HumanActivity_tr_808_1st_908.csv,OPPORTUNITY,ensemble,0.0702530375191553
856_OPPORTUNITY_id_15_HumanActivity_tr_808_1st_908.csv,OPPORTUNITY,ensemble,0.0743860689129435
857_OPPORTUNITY_id_16_HumanActivity_tr_500_1st_566.csv,OPPORTUNITY,ensemble,0.0666482601563712
858_OPPORTUNITY_id_17_HumanActivity_tr_808_1st_908.csv,OPPORTUNITY,ensemble,0.0719749403671053
859_OPPORTUNITY_id_18_HumanActivity_tr_895_1st_995.csv,OPPORTUNITY,ensemble,0.022423919438681
860_OPPORTUNITY_id_19_HumanActivity_tr_808_1st_908.csv,OPPORTUNITY,ensemble,0.0752659907218907
861_OPPORTUNITY_id_20_HumanActivity_tr_2085_1st_2185.csv,OPPORTUNITY,ensemble,0.0294317213145966
862_OPPORTUNITY_id_21_HumanActivity_tr_500_1st_566.csv,OPPORTUNITY,ensemble,0.06709699124178
863_OPPORTUNITY_id_22_HumanActivity_tr_808_1st_908.csv,OPPORTUNITY,ensemble,0.0816957892569809
865_OPPORTUNITY_id_24_HumanActivity_tr_2085_1st_2185.csv,OPPORTUNITY,ensemble,0.0390038485484248
866_OPPORTUNITY_id_25_HumanActivity_tr_6213_1st_7311.csv,OPPORTUNITY,ensemble,0.031041941747329
867_OPPORTUNITY_id_26_HumanActivity_tr_808_1st_908.csv,OPPORTUNITY,ensemble,0.0868776550518827
868_OPPORTUNITY_id_27_HumanActivity_tr_2085_1st_2185.csv,OPPORTUNITY,ensemble,0.0256113352513845
869_OPPORTUNITY_id_28_HumanActivity_tr_500_1st_566.csv,OPPORTUNITY,ensemble,0.0804253914893653
870_OPPORTUNITY_id_29_HumanActivity_tr_1477_1st_1577.csv,OPPORTUNITY,ensemble,0.1796343099900222
