,ActualBestHead_Eval,ActualBestHead_Ablated_Eval,ReproducedChoice,LLMChoice,ActualBestHead_VUSPR,ActualBestHead_Ablated_VUSPR,ReproducedChoice_VUSPR,LLMChoice_VUSPR,Fallback_VUSPR
001_NAB_id_1_Facility_tr_1007_1st_2014,time,,fft,forecast,0.8086107030531541,,0.7902360655124688,0.1351178408996704,0.8020519433696706
002_NAB_id_2_WebService_tr_1500_1st_4106,fft,,fft,time,0.4733603315248311,,0.4733603315248311,0.4607772673123767,0.4723757873076452
005_NAB_id_5_Traffic_tr_594_1st_1645,fft,,fft,forecast,0.1594354898085671,,0.1594354898085671,0.0985242566329778,0.1576276467017616
006_NAB_id_6_Traffic_tr_2579_1st_5839,fft,,fft,ensemble,0.3597114404081708,,0.3597114404081708,0.3446094491928905,0.3446094491928905
008_NAB_id_8_Synthetic_tr_1007_1st_2734,fft,,fft,ensemble,0.8218232512238646,,0.8218232512238646,0.7213339664983253,0.7213339664983253
009_NAB_id_9_Traffic_tr_500_1st_438,fft,,fft,ensemble,0.7539471900976323,,0.7539471900976323,0.7461343572153591,0.7461343572153591
010_NAB_id_10_WebService_tr_500_1st_271,time,,fft,forecast,0.4350493730596725,,0.4350481171021450,0.3541999157079958,0.4258971614303612
011_NAB_id_11_Facility_tr_1007_1st_1526,ensemble,,fft,ensemble,0.8931826127166105,,0.8886754906291608,0.8931826127166105,0.8931826127166105
013_NAB_id_13_Traffic_tr_623_1st_2084,ensemble,,fft,ensemble,0.9921709268360824,,0.9918525558506212,0.9921709268360824,0.9921709268360824
014_NAB_id_14_WebService_tr_500_1st_1045,fft,,fft,forecast,0.6951379331703583,,0.6951379331703583,0.0823919358890855,0.6906777123142289
015_NAB_id_15_Synthetic_tr_1007_1st_2787,forecast,,fft,ensemble,0.1393318961922106,,0.1289401238572801,0.1241942975915710,0.1241942975915710
016_NAB_id_16_Environment_tr_1816_1st_3540,time,,fft,ensemble,0.2580084366160728,,0.2555504833446384,0.2548389473932705,0.2548389473932705
017_NAB_id_17_Synthetic_tr_1007_1st_1805,time,,fft,fft,0.3746769513835301,,0.3716249663209354,0.3716249663209354,0.2351309411478829
018_NAB_id_18_Facility_tr_500_1st_669,forecast,,fft,forecast,0.1600282854554508,,0.1024578298628829,0.1600282854554508,0.1025519887147723
019_NAB_id_19_Facility_tr_1007_1st_1171,time,,fft,ensemble,0.5274172476460959,,0.4627827544908476,0.4646202604472220,0.4646202604472220
020_NAB_id_20_Synthetic_tr_1007_1st_2679,fft,,fft,forecast,0.2568231552509381,,0.2568231552509381,0.1539312507024915,0.2081005374042750
022_NAB_id_22_Facility_tr_1007_1st_2980,fft,,fft,ensemble,0.8474823599744217,,0.8474823599744217,0.8318198147614574,0.8318198147614574
023_NAB_id_23_Facility_tr_4512_1st_16551,fft,,fft,ensemble,0.5128781889244836,,0.5128781889244836,0.4410100206893457,0.4410100206893457
024_NAB_id_24_Synthetic_tr_1007_1st_2787,fft,,fft,ensemble,0.5578084654066263,,0.5578084654066263,0.5343281305147316,0.5343281305147316
025_NAB_id_25_WebService_tr_3958_1st_4614,fft,,fft,ensemble,0.2701038999093874,,0.2701038999093874,0.2697155042824156,0.2697155042824156
026_NAB_id_26_Traffic_tr_624_1st_2261,time,,fft,time,0.5433263897740175,,0.5428624115997283,0.5433263897740175,0.5416479102648915
027_NAB_id_27_Facility_tr_757_1st_2582,fft,,fft,ensemble,0.5644991944515811,,0.5644991944515811,0.5629963729261556,0.5629963729261556
028_NAB_id_28_Facility_tr_1007_1st_3447,fft,,fft,forecast,0.4784836929297791,,0.4784836929297791,0.1702459696392196,0.4617972513149851
032_WSD_id_4_WebService_tr_4559_1st_11822,ensemble,,ensemble,ensemble,0.3852082246838068,,0.3852082246838068,0.3852082246838068,0.3852082246838068
039_WSD_id_11_WebService_tr_1746_1st_1846,ensemble,,ensemble,ensemble,0.6564106420157184,,0.6564106420157184,0.6564106420157184,0.6564106420157184
040_WSD_id_12_WebService_tr_4559_1st_9714,time,,ensemble,forecast,0.0259868007723283,,0.0217477359714436,0.0125781937850343,0.0217477359714436
043_WSD_id_15_WebService_tr_4521_1st_6828,ensemble,,ensemble,ensemble,0.6116888227229701,,0.6116888227229701,0.6116888227229701,0.6116888227229701
049_WSD_id_21_WebService_tr_4297_1st_7097,ensemble,,ensemble,ensemble,0.2522379896028507,,0.2522379896028507,0.2522379896028507,0.2522379896028507
054_WSD_id_26_WebService_tr_2409_1st_2509,ensemble,,ensemble,forecast,0.6461788272664896,,0.6461788272664896,0.1144002654780608,0.6461788272664896
058_WSD_id_30_WebService_tr_1136_1st_1236,ensemble,,ensemble,ensemble,0.2584134532607370,,0.2584134532607370,0.2584134532607370,0.2584134532607370
060_WSD_id_32_WebService_tr_4576_1st_4766,ensemble,,ensemble,forecast,0.2440567075496276,,0.2440567075496276,0.1351543319333946,0.2440567075496276
068_WSD_id_40_WebService_tr_4549_1st_13322,ensemble,,ensemble,forecast,0.1467545665038220,,0.1467545665038220,0.0338419350055424,0.1467545665038220
074_WSD_id_46_WebService_tr_990_1st_1090,forecast,,ensemble,fft,0.7267565650807029,,0.3128079622072178,0.2881105698258112,0.3128079622072178
089_WSD_id_61_WebService_tr_1010_1st_1110,forecast,,ensemble,forecast,0.9493587909729247,,0.7927046640377483,0.9493587909729247,0.7927046640377483
094_WSD_id_66_WebService_tr_3309_1st_3914,ensemble,,ensemble,forecast,0.6260470501647712,,0.6260470501647712,0.1424761086300341,0.6260470501647712
099_WSD_id_71_WebService_tr_4559_1st_14411,ensemble,,ensemble,ensemble,0.4819736006716204,,0.4819736006716204,0.4819736006716204,0.4819736006716204
106_WSD_id_78_WebService_tr_3363_1st_3463,fft,,ensemble,ensemble,0.7574923033543973,,0.7568623930478268,0.7568623930478268,0.7568623930478268
113_WSD_id_85_WebService_tr_500_1st_335,ensemble,,ensemble,forecast,0.5918585790355969,,0.5918585790355969,0.1718594305699047,0.5918585790355969
117_WSD_id_89_WebService_tr_3251_1st_3351,ensemble,,ensemble,forecast,0.3882048914119589,,0.3882048914119589,0.3437565270843453,0.3882048914119589
125_WSD_id_97_WebService_tr_2217_1st_2317,fft,,ensemble,forecast,0.2724675748489971,,0.2723947505512558,0.1540233431326394,0.2723947505512558
130_WSD_id_102_WebService_tr_2362_1st_2462,ensemble,,ensemble,forecast,0.4583274408259667,,0.4583274408259667,0.1597317901905901,0.4583274408259667
137_WSD_id_109_WebService_tr_4559_1st_14404,ensemble,,ensemble,ensemble,0.4696048801488129,,0.4696048801488129,0.4696048801488129,0.4696048801488129
139_WSD_id_111_WebService_tr_1701_1st_1801,ensemble,,ensemble,ensemble,0.6120536413668437,,0.6120536413668437,0.6120536413668437,0.6120536413668437
140_MSL_id_1_Sensor_tr_530_1st_630,time,,ensemble,forecast,0.9213973009578020,,0.9073220500812486,0.2023472400862908,0.9073220500812486
141_MSL_id_2_Sensor_tr_500_1st_550,ensemble,,ensemble,forecast,0.7143292043819091,,0.7143292043819091,0.4165549000502344,0.7143292043819091
143_MSL_id_4_Sensor_tr_980_1st_3550,time,,ensemble,ensemble,0.9766562742619926,,0.9730364639723558,0.9730364639723558,0.9730364639723558
144_MSL_id_5_Sensor_tr_1525_1st_4590,forecast,,ensemble,forecast,0.0402974837688562,,0.0241414388081516,0.0402974837688562,0.0241414388081516
145_MSL_id_6_Sensor_tr_530_1st_630,time,,ensemble,ensemble,0.5008405337969901,,0.4508387163836072,0.4508387163836072,0.4508387163836072
147_MSL_id_8_Sensor_tr_590_1st_690,time,,ensemble,forecast,0.4496609826521480,,0.3955984809569126,0.3029095405083406,0.3955984809569126
148_MSL_id_9_Sensor_tr_883_1st_1238,ensemble,,ensemble,ensemble,0.9330047144272716,,0.9330047144272716,0.9330047144272716,0.9330047144272716
149_Stock_id_1_Finance_tr_500_1st_7,forecast,,forecast,forecast,0.9899820767577322,,0.9899820767577322,0.9899820767577322,0.9161142497799704
151_Stock_id_3_Finance_tr_500_1st_62,forecast,,forecast,ensemble,0.9893657774221966,,0.9893657774221966,0.8798088468688190,0.8798088468688190
155_Stock_id_7_Finance_tr_500_1st_18,forecast,,forecast,forecast,0.9951414558901231,,0.9951414558901231,0.9951414558901231,0.9591416168484760
156_Stock_id_8_Finance_tr_500_1st_24,forecast,,forecast,ensemble,0.9259232641122536,,0.9259232641122536,0.1979129846192935,0.1979129846192935
160_Stock_id_12_Finance_tr_500_1st_14,forecast,,forecast,forecast,0.9761717761473075,,0.9761717761473075,0.9761717761473075,0.8238273960337738
162_Stock_id_14_Finance_tr_500_1st_4,forecast,,forecast,ensemble,0.9975380660830132,,0.9975380660830132,0.9547217570637428,0.9547217570637428
165_Stock_id_17_Finance_tr_500_1st_7,forecast,,forecast,forecast,0.9985735210318880,,0.9985735210318880,0.9985735210318880,0.9837878686634088
166_Stock_id_18_Finance_tr_500_1st_18,forecast,,forecast,ensemble,0.9920904642164262,,0.9920904642164262,0.9210628007060228,0.9210628007060228
169_Daphnet_id_1_HumanActivity_tr_9693_1st_20732,time,,,ensemble,0.5460403793290294,,0.5404576687846937,0.5404576687846937,0.5404576687846937
170_MITDB_id_1_Medical_tr_17675_1st_17775,forecast,,time,forecast,0.0656633140123035,,0.0627295955435667,0.0656633140123035,0.0609998107226303
171_MITDB_id_2_Medical_tr_50000_1st_88864,forecast,,time,ensemble,0.0640283981318666,,0.0503257543931495,0.0497237200538475,0.0497237200538475
172_MITDB_id_3_Medical_tr_27274_1st_27374,fft,,time,fft,0.0367352400616621,,0.0312926389070994,0.0367352400616621,0.0330937935607266
173_MITDB_id_4_Medical_tr_13620_1st_13720,forecast,,time,forecast,0.1317513325547708,,0.1052100180023642,0.1317513325547708,0.1058668762376388
175_MITDB_id_6_Medical_tr_27274_1st_27374,fft,,time,fft,0.0450573668546007,,0.0422721624058994,0.0450573668546007,0.0421094471448631
176_MITDB_id_7_Medical_tr_6232_1st_6332,fft,,time,time,0.3570199782704820,,0.2858863933738397,0.2858863933738397,0.3439136679294492
177_MITDB_id_8_Medical_tr_17675_1st_17775,time,,time,forecast,0.0830773559075919,,0.0830773559075919,0.0689101734909224,0.0784740203240983
178_SMD_id_1_Facility_tr_6000_1st_10609,ensemble,,fft,forecast,0.2346819683055170,,0.1433165159412371,0.0722942436521998,0.2346819683055170
179_SMD_id_2_Facility_tr_5925_1st_17580,time,,fft,time,0.9705243197588924,,0.9700839829317036,0.9705243197588924,0.9700839829317036
180_SMD_id_3_Facility_tr_5925_1st_17580,ensemble,,fft,time,0.9425282162463424,,0.9425282162463424,0.9409599676338524,0.9425282162463424
181_SMD_id_4_Facility_tr_5000_1st_15144,fft,,fft,ensemble,0.7626683985979713,,0.7626683985979713,0.7474066606490459,0.7474066606490459
183_SMD_id_6_Facility_tr_5925_1st_17580,fft,,fft,ensemble,0.9718983589886142,,0.9718983589886142,0.9702528530278566,0.9702528530278566
184_SMD_id_7_Facility_tr_7119_1st_15849,ensemble,,fft,ensemble,0.7017541236258886,,0.6955597619403263,0.7017541236258886,0.7017541236258886
185_SMD_id_8_Facility_tr_5000_1st_15144,fft,,fft,ensemble,0.7505982803705806,,0.7505982803705806,0.7158706488732925,0.7158706488732925
187_SMD_id_10_Facility_tr_5000_1st_15849,ensemble,,fft,ensemble,0.4418576916426222,,0.4261479949613400,0.4418576916426222,0.4418576916426222
188_SMD_id_11_Facility_tr_500_1st_392,time,,fft,ensemble,0.3895412564681727,,0.3024249350123216,0.3386992728964939,0.3386992728964939
189_SMD_id_12_Facility_tr_5925_1st_17580,ensemble,,fft,time,0.8516716580145457,,0.8516716580145457,0.8516716580145457,0.8516716580145457
190_SMD_id_13_Facility_tr_7119_1st_15849,fft,,fft,ensemble,0.7455837811306276,,0.7455837811306276,0.7441291110984506,0.7441291110984506
191_SMD_id_14_Facility_tr_4596_1st_4696,ensemble,,fft,time,0.8866876167766931,,0.8626797998742559,0.8620466826394400,0.8866876167766931
192_SMD_id_15_Facility_tr_5925_1st_17580,fft,,fft,ensemble,0.9435268060108296,,0.9435268060108296,0.9425708478556608,0.9425708478556608
194_SMD_id_17_Facility_tr_5925_1st_17580,fft,,fft,time,0.8597006669085647,,0.8597006669085647,0.8482199185432928,0.8274637973663780
195_SMD_id_18_Facility_tr_5925_1st_17580,ensemble,,fft,time,0.9293399125684080,,0.9293399125684080,0.9293399125684080,0.9293399125684080
196_SMD_id_19_Facility_tr_7174_1st_21230,time,,fft,forecast,0.8867410432744962,,0.8632499663602460,0.1025544017265578,0.8652834786330892
197_SMD_id_20_Facility_tr_5000_1st_15144,fft,,fft,ensemble,0.7535335073748375,,0.7535335073748375,0.7454295486770780,0.7454295486770780
198_SMD_id_21_Facility_tr_5925_1st_17580,time,,fft,time,0.8812814856050712,,0.8612222305767262,0.8812814856050712,0.8439193608851436
199_SMD_id_22_Facility_tr_5925_1st_17580,fft,,fft,ensemble,0.7923137803998099,,0.7923137803998099,0.7876895363260836,0.7876895363260836
201_SMD_id_24_Facility_tr_7174_1st_21230,time,,fft,ensemble,0.8977883788444199,,0.8709632544840812,0.8760383380901584,0.8760383380901584
202_SMD_id_25_Facility_tr_6250_1st_21230,time,,fft,forecast,0.8659078063269522,,0.8439277005092751,0.0473449165320561,0.8466830513814509
203_SMD_id_26_Facility_tr_7174_1st_21230,ensemble,,fft,ensemble,0.8524672592685547,,0.8520774108288964,0.8524672592685547,0.8524672592685547
204_SMD_id_27_Facility_tr_5000_1st_15144,time,,fft,ensemble,0.7686079177974126,,0.7673661015272306,0.6921665646173669,0.6921665646173669
205_SMD_id_28_Facility_tr_5925_1st_17580,ensemble,,fft,fft,0.9649135857672132,,0.9649135857672132,0.9649135857672132,0.9649135857672132
206_SMD_id_29_Facility_tr_6250_1st_21230,time,,fft,forecast,0.8697727915984544,,0.8439277005092751,0.0404607688747984,0.8410863155380734
207_SMD_id_30_Facility_tr_7174_1st_21230,time,,fft,ensemble,0.8638239058862888,,0.8634737536395491,0.8635097971163657,0.8635097971163657
208_SMD_id_31_Facility_tr_5000_1st_15144,fft,,fft,time,0.6378251883890891,,0.6378251883890891,0.6208390192002322,0.6231474448297178
209_SMD_id_32_Facility_tr_5925_1st_17580,fft,,fft,forecast,0.3615134498011841,,0.3615134498011841,0.1344037509069952,0.3549347650880810
211_SMD_id_34_Facility_tr_5925_1st_17580,ensemble,,fft,time,0.8601704156693543,,0.8601704156693543,0.8601704156693543,0.8601704156693543
212_SMD_id_35_Facility_tr_5925_1st_17580,fft,,fft,time,0.9257109593713778,,0.9257109593713778,0.9257109593713778,0.9224455308783198
213_SMD_id_36_Facility_tr_5925_1st_17580,time,,fft,time,0.9334096646491752,,0.9121178001739132,0.9334096646491752,0.9249171699322970
214_SMD_id_37_Facility_tr_5925_1st_17580,time,,fft,time,0.9705243197588924,,0.9700839829317036,0.9705243197588924,0.9700839829317036
215_SMD_id_38_Facility_tr_5925_1st_17580,fft,,fft,ensemble,0.8611107581839802,,0.8611107581839802,0.8576973687191836,0.8576973687191836
216_LTDB_id_1_Medical_tr_500_1st_266,forecast,,fft,forecast,0.1975159311116966,,0.1636271549235526,0.1975159311116966,0.1546392011320168
218_LTDB_id_3_Medical_tr_500_1st_266,forecast,,fft,ensemble,0.1902062813491110,,0.1236288947291432,0.1214622804636799,0.1214622804636799
219_LTDB_id_4_Medical_tr_3618_1st_3718,fft,,fft,ensemble,0.4904320697620188,,0.4904320697620188,0.4430085935611803,0.4430085935611803
220_LTDB_id_5_Medical_tr_500_1st_26,fft,,fft,forecast,0.6824389159416573,,0.6824389159416573,0.4111165906822944,0.6689046398714984
221_LTDB_id_6_Medical_tr_500_1st_26,forecast,,fft,fft,0.4128669747749073,,0.3536864929250125,0.3536864929250125,0.3561931451177540
222_LTDB_id_7_Medical_tr_3618_1st_3718,fft,,fft,time,0.9301167413382350,,0.9301167413382350,0.9293014478163888,0.8317125402192530
223_LTDB_id_8_Medical_tr_4456_1st_4556,forecast,,fft,forecast,0.2164970970668407,,0.1608713148604707,0.2164970970668407,0.1603333425587595
224_LTDB_id_9_Medical_tr_4456_1st_4556,fft,,fft,ensemble,0.3648421190582308,,0.3648421190582308,0.3437466724051365,0.3437466724051365
225_MGAB_id_1_Synthetic_tr_25000_1st_38478,forecast,,forecast,forecast,0.0056374392828236,,0.0056374392828236,0.0056374392828236,0.0038908709690727
226_MGAB_id_2_Synthetic_tr_20000_1st_45134,forecast,,forecast,forecast,0.0044051369406780,,0.0044051369406780,0.0044051369406780,0.0038056630384575
227_MGAB_id_3_Synthetic_tr_25000_1st_44340,forecast,,forecast,forecast,0.0038521550730408,,0.0038521550730408,0.0038521550730408,0.0026845367120982
228_MGAB_id_4_Synthetic_tr_25000_1st_38948,fft,,forecast,forecast,0.0076158460857275,,0.0051485709651304,0.0051485709651304,0.0071782140374162
229_MGAB_id_5_Synthetic_tr_25000_1st_33098,forecast,,forecast,fft,0.0058282518716335,,0.0058282518716335,0.0047812809028012,0.0046907860586244
231_MGAB_id_7_Synthetic_tr_25000_1st_35544,forecast,,forecast,forecast,0.0031765648302805,,0.0031765648302805,0.0031765648302805,0.0028926746066526
232_MGAB_id_8_Synthetic_tr_25000_1st_32708,forecast,,forecast,forecast,0.0054797611466862,,0.0054797611466862,0.0054797611466862,0.0042906327596840
233_MGAB_id_9_Synthetic_tr_25000_1st_41300,forecast,,forecast,forecast,0.0052094933807792,,0.0052094933807792,0.0052094933807792,0.0046739704095912
234_SED_id_1_Medical_tr_3740_1st_3840,forecast,,forecast,fft,0.0713540986625827,,0.0713540986625827,0.0435054858992336,0.0447034500060491
236_SED_id_3_Medical_tr_3740_1st_3840,forecast,,forecast,forecast,0.0537866262332209,,0.0537866262332209,0.0537866262332209,0.0373999837061806
237_SVDB_id_1_Medical_tr_11587_1st_11687,fft,,fft,ensemble,0.6794402884230215,,0.6794402884230215,0.4797152816596344,0.4797152816596344
238_SVDB_id_2_Medical_tr_25000_1st_71963,fft,,fft,time,0.6650124532041497,,0.6650124532041497,0.6580429241099616,0.0985758298009391
239_SVDB_id_3_Medical_tr_50000_1st_106634,fft,,fft,time,0.3095224335599266,,0.3095224335599266,0.3016985227900907,0.2075918004360215
240_SVDB_id_4_Medical_tr_18462_1st_18562,fft,,fft,fft,0.4571246860836692,,0.4571246860836692,0.4571246860836692,0.3063015749959075
241_SVDB_id_5_Medical_tr_11587_1st_11687,forecast,,fft,ensemble,0.1139696252224217,,0.0764050131017160,0.0750394960026403,0.0750394960026403
243_SVDB_id_7_Medical_tr_11393_1st_11493,fft,,fft,ensemble,0.1786156087419917,,0.1786156087419917,0.1482018210565031,0.1482018210565031
244_SVDB_id_8_Medical_tr_17803_1st_17903,fft,,fft,ensemble,0.0538615015861896,,0.0538615015861896,0.0434082667323783,0.0434082667323783
245_SVDB_id_9_Medical_tr_12607_1st_12707,fft,,fft,ensemble,0.5548729948887476,,0.5548729948887476,0.5007821567370898,0.5007821567370898
246_SVDB_id_10_Medical_tr_20100_1st_68460,time,,fft,time,0.0160802907584261,,0.0148146440552542,0.0160802907584261,0.0118051851304552
247_SVDB_id_11_Medical_tr_20100_1st_23611,time,,fft,time,0.6184898454173853,,0.5931189273491241,0.6184898454173853,0.3061405699145623
248_SVDB_id_12_Medical_tr_18462_1st_18562,time,,fft,ensemble,0.5745976973309349,,0.5619544417429806,0.5607115578109676,0.5607115578109676
249_SVDB_id_13_Medical_tr_50000_1st_54982,ensemble,,fft,ensemble,0.3286954937311474,,0.3266448069147317,0.3286954937311474,0.3286954937311474
250_SVDB_id_14_Medical_tr_50000_1st_107354,fft,,fft,ensemble,0.5871178755943186,,0.5871178755943186,0.4225012940829232,0.4225012940829232
251_SVDB_id_15_Medical_tr_5421_1st_5521,fft,,fft,time,0.6807899654849163,,0.6807899654849163,0.6698671310448879,0.4656723093362928
253_SVDB_id_17_Medical_tr_17803_1st_17903,time,,fft,fft,0.1099522675461320,,0.0493584695585101,0.0493584695585101,0.0408572087631997
254_SVDB_id_18_Medical_tr_30824_1st_30924,fft,,fft,ensemble,0.2976264454224979,,0.2976264454224979,0.2497868983029336,0.2497868983029336
255_SVDB_id_19_Medical_tr_50000_1st_54982,ensemble,,fft,forecast,0.3262245869387333,,0.2903441734890737,0.0563344997107292,0.3262245869387333
256_SVDB_id_20_Medical_tr_6264_1st_6364,time,,fft,time,0.1461777360797334,,0.1439955675526575,0.1461777360797334,0.0815838709652996
257_TAO_id_1_Environment_tr_500_1st_3,forecast,,forecast,time,0.9973657534493428,,0.9973657534493428,0.9049769619625802,0.9666007116941766
258_TAO_id_2_Environment_tr_500_1st_4,forecast,,forecast,ensemble,0.9985137508237868,,0.9985137508237868,0.9824943496008864,0.9824943496008864
260_IOPS_id_1_WebService_tr_5000_1st_11804,ensemble,,time,time,0.2651121474222908,,0.2085823126086208,0.2085823126086208,0.2651121474222908
261_IOPS_id_2_WebService_tr_2178_1st_2278,time,,time,time,0.7788830579350249,,0.7788830579350249,0.7788830579350249,0.7248834648784630
262_IOPS_id_3_WebService_tr_7028_1st_7128,ensemble,,time,ensemble,0.1928870709006951,,0.1690817902363181,0.1928870709006951,0.1928870709006951
263_IOPS_id_4_WebService_tr_3482_1st_3582,ensemble,,time,ensemble,0.6695062918987534,,0.6672174930423580,0.6695062918987534,0.6695062918987534
264_IOPS_id_5_WebService_tr_11665_1st_11765,time,,time,time,0.4625493357439231,,0.4625493357439231,0.4625493357439231,0.4587069587583317
266_IOPS_id_7_WebService_tr_4010_1st_4110,forecast,,time,ensemble,0.0627981441774690,,0.0400046840522592,0.0415958894911793,0.0415958894911793
267_IOPS_id_8_WebService_tr_1534_1st_1882,time,,time,ensemble,0.3042033410903937,,0.3042033410903937,0.2635699501992580,0.2635699501992580
268_IOPS_id_9_WebService_tr_6216_1st_6316,time,,time,forecast,0.3235809560500118,,0.3235809560500118,0.1831210702492138,0.3227085456172360
269_IOPS_id_10_WebService_tr_1216_1st_1728,ensemble,,time,ensemble,0.7486925429575444,,0.4902685476078948,0.7486925429575444,0.7486925429575444
271_IOPS_id_12_WebService_tr_500_1st_341,ensemble,,time,time,0.6813180812384841,,0.4619603071371336,0.4619603071371336,0.6813180812384841
272_IOPS_id_13_WebService_tr_3442_1st_3542,fft,,time,ensemble,0.6185160492244416,,0.6138392484687304,0.6181996327393152,0.6181996327393152
273_IOPS_id_14_WebService_tr_5569_1st_5669,ensemble,,time,fft,0.5761985808279212,,0.5687704373634771,0.5693565715421962,0.5761985808279212
274_IOPS_id_15_WebService_tr_4591_1st_4691,ensemble,,time,forecast,0.5988777803426706,,0.5887252838803091,0.2289914207972136,0.5988777803426706
275_IOPS_id_16_WebService_tr_1482_1st_1582,ensemble,,time,ensemble,0.1945845409145544,,0.1758471188681934,0.1945845409145544,0.1945845409145544
276_IOPS_id_17_WebService_tr_19197_1st_19297,time,,time,ensemble,0.3759075151620699,,0.3759075151620699,0.3731148412228882,0.3731148412228882
277_NEK_id_1_WebService_tr_500_1st_17,time,,ensemble,time,0.3365396254347749,,0.3358064236364423,0.3365396254347749,0.3358064236364423
278_NEK_id_2_WebService_tr_500_1st_64,ensemble,,ensemble,time,0.2068429984165005,,0.2068429984165005,0.2025164219234113,0.2068429984165005
279_NEK_id_3_WebService_tr_500_1st_974,fft,,ensemble,fft,0.8492113423675438,,0.8066081681706665,0.8492113423675438,0.8066081681706665
281_NEK_id_5_WebService_tr_500_1st_974,ensemble,,ensemble,ensemble,0.8362632239731128,,0.8362632239731128,0.8362632239731128,0.8362632239731128
282_NEK_id_6_WebService_tr_500_1st_64,ensemble,,ensemble,forecast,0.2229852492830669,,0.2229852492830669,0.1944596581225875,0.2229852492830669
283_NEK_id_7_WebService_tr_500_1st_777,ensemble,,ensemble,ensemble,0.7665715770406581,,0.7665715770406581,0.7665715770406581,0.7665715770406581
284_NEK_id_8_WebService_tr_500_1st_976,ensemble,,ensemble,ensemble,0.7197736416755233,,0.7197736416755233,0.7197736416755233,0.7197736416755233
285_NEK_id_9_WebService_tr_500_1st_780,ensemble,,ensemble,ensemble,0.7364202108179555,,0.7364202108179555,0.7364202108179555,0.7364202108179555
286_CATSv2_id_1_Sensor_tr_17792_1st_17892,time,,,ensemble,0.3461671423682030,,0.2841207572772729,0.2841207572772729,0.2841207572772729
287_TODS_id_1_Synthetic_tr_500_1st_11,forecast,,time,forecast,0.8971587517564691,,0.8615607979061571,0.8971587517564691,0.8753307056179869
288_TODS_id_2_Synthetic_tr_500_1st_65,forecast,,time,forecast,0.8088743495049130,,0.7706098106187053,0.8088743495049130,0.7778164061090727
289_TODS_id_3_Synthetic_tr_500_1st_26,forecast,,time,ensemble,0.8896065290476975,,0.7263828424399569,0.7513899295353004,0.7513899295353004
290_TODS_id_4_Synthetic_tr_500_1st_26,forecast,,time,ensemble,0.7143957465801631,,0.6842193920718683,0.6993084380724269,0.6993084380724269
292_TODS_id_6_Synthetic_tr_500_1st_11,forecast,,time,forecast,0.8958719951029586,,0.8438083072534529,0.8958719951029586,0.8568579317863690
293_TODS_id_7_Synthetic_tr_500_1st_7,ensemble,,time,ensemble,0.6038989523887883,,0.5865837592147841,0.6038989523887883,0.6038989523887883
294_TODS_id_8_Synthetic_tr_500_1st_200,ensemble,,time,ensemble,0.5515663489159669,,0.5488029027973113,0.5515663489159669,0.5515663489159669
295_TODS_id_9_Synthetic_tr_1250_1st_2046,ensemble,,time,ensemble,0.6130660041149454,,0.5705814750011673,0.6130660041149454,0.6130660041149454
296_TODS_id_10_Synthetic_tr_500_1st_26,forecast,,time,forecast,0.9280960811786760,,0.7566020331717568,0.9280960811786760,0.7857389019037673
297_TODS_id_11_Synthetic_tr_500_1st_7,forecast,,time,ensemble,0.6775238366969990,,0.5285237780777022,0.5703577226409048,0.5703577226409048
298_TODS_id_12_Synthetic_tr_500_1st_0,ensemble,,time,forecast,0.7417200691664643,,0.7100815020133682,0.7211058364557198,0.7417200691664643
299_TODS_id_13_Synthetic_tr_500_1st_65,forecast,,time,ensemble,0.8739148862323712,,0.7314406900115202,0.7461253015533083,0.7461253015533083
301_TODS_id_15_Synthetic_tr_500_1st_245,time,,time,ensemble,0.4736129875017320,,0.4736129875017320,0.4603988926356538,0.4603988926356538
302_Power_id_1_Facility_tr_7685_1st_7785,forecast,,,forecast,0.0823115029862769,,0.0724705649980358,0.0823115029862769,0.0724705649980358
304_UCR_id_2_Medical_tr_2499_1st_7000,time,,time,ensemble,0.0714857169475246,,0.0714857169475246,0.0617309141533972,0.0617309141533972
307_UCR_id_5_Facility_tr_29895_1st_39240,fft,,time,forecast,0.0015301131647740,,0.0010434970766527,0.0009643847236347,0.0011675975043194
309_UCR_id_7_Medical_tr_3000_1st_5948,time,,time,forecast,0.1584964435399058,,0.1584964435399058,0.0329539283904894,0.1042935334625020
310_UCR_id_8_HumanActivity_tr_2631_1st_8285,forecast,,time,ensemble,0.0048115251899169,,0.0030067865505602,0.0030059001443693,0.0030059001443693
311_UCR_id_9_HumanActivity_tr_16000_1st_38400,time,,time,time,0.0414884576861679,,0.0414884576861679,0.0414884576861679,0.0330394985331865
313_UCR_id_11_Sensor_tr_2827_1st_4711,fft,,time,time,0.4102253985845789,,0.3911552537731505,0.3911552537731505,0.2968018598259269
315_UCR_id_13_HumanActivity_tr_16000_1st_33070,time,,time,time,0.0233552126156189,,0.0233552126156189,0.0233552126156189,0.0101773398427759
316_UCR_id_14_Sensor_tr_2833_1st_5988,ensemble,,time,ensemble,0.1719247629918376,,0.1335286401071237,0.1719247629918376,0.1719247629918376
319_UCR_id_17_Environment_tr_6166_1st_19280,fft,,time,ensemble,0.5800372838264695,,0.4129324195514327,0.3452955888399165,0.3452955888399165
326_UCR_id_24_Medical_tr_1875_1st_4187,forecast,,time,forecast,0.3310412821023604,,0.0495127808060158,0.3310412821023604,0.1246720546464089
331_UCR_id_29_Facility_tr_50000_1st_837400,forecast,,time,forecast,0.0020812557872213,,0.0018184296216818,0.0020812557872213,0.0017934520842494
332_UCR_id_30_Facility_tr_13750_1st_52600,forecast,,time,forecast,0.0060104171302201,,0.0039171895591374,0.0060104171302201,0.0040139929157296
334_UCR_id_32_HumanActivity_tr_1671_1st_2764,forecast,,time,time,0.0251691712216423,,0.0226213807611565,0.0226213807611565,0.0225360567980201
339_UCR_id_37_Sensor_tr_2750_1st_5400,time,,time,time,0.0444118709231127,,0.0444118709231127,0.0444118709231127,0.0358424150027778
341_UCR_id_39_HumanActivity_tr_48812_1st_128430,forecast,,time,time,0.0001540866785796,,0.0000557816198754,0.0000557816198754,0.0000388557983682
344_UCR_id_42_Sensor_tr_2851_1st_5365,forecast,,time,forecast,0.0104931441970443,,0.0048439159756062,0.0104931441970443,0.0058945407594385
346_UCR_id_44_Medical_tr_7456_1st_17390,forecast,,time,time,0.0050510105076325,,0.0033505537652433,0.0033505537652433,0.0036127874919839
349_UCR_id_47_Facility_tr_29954_1st_74900,fft,,time,forecast,0.0014772212073228,,0.0008067878401104,0.0010252829509117,0.0010594789498357
355_UCR_id_53_HumanActivity_tr_48750_1st_143411,time,,time,forecast,0.1337796524311330,,0.1337796524311330,0.0520684247109672,0.0893187512796734
358_UCR_id_56_Facility_tr_10500_1st_29080,forecast,,time,ensemble,0.0018735055956263,,0.0012093609345353,0.0011917305949359,0.0011917305949359
361_UCR_id_59_Medical_tr_3000_1st_7175,ensemble,,time,ensemble,0.0521985569284645,,0.0410200401260631,0.0521985569284645,0.0521985569284645
364_UCR_id_62_Sensor_tr_2833_1st_5988,ensemble,,time,time,0.1893689090705709,,0.1432542544206685,0.1432542544206685,0.1893689090705709
369_UCR_id_67_Sensor_tr_2750_1st_5400,time,,time,time,0.0535873943514278,,0.0535873943514278,0.0535873943514278,0.0400297008130069
371_UCR_id_69_Medical_tr_1853_1st_6200,forecast,,time,forecast,0.1152407075484635,,0.0969017717028438,0.1152407075484635,0.0835241028091889
373_UCR_id_71_Sensor_tr_2827_1st_5988,forecast,,time,ensemble,0.0226659816507584,,0.0141426539632874,0.0173662253592186,0.0173662253592186
381_UCR_id_79_HumanActivity_tr_16000_1st_31200,time,,time,fft,0.0297971963146272,,0.0297971963146272,0.0231691997656803,0.0221419977877245
382_UCR_id_80_Medical_tr_7500_1st_11800,fft,,time,ensemble,0.6478050740859497,,0.5859934842196010,0.5896450642111403,0.5896450642111403
385_UCR_id_83_Environment_tr_2046_1st_6006,fft,,time,time,0.8384811677164621,,0.8243300200119880,0.8243300200119880,0.8226530844093201
387_UCR_id_85_Environment_tr_2046_1st_5549,forecast,,time,forecast,0.1836944032976335,,0.0734342911770636,0.1836944032976335,0.1061134932232888
391_UCR_id_89_Medical_tr_1875_1st_5759,forecast,,time,time,0.0480717706755174,,0.0279548794359367,0.0279548794359367,0.0278202129842742
393_UCR_id_91_Environment_tr_2046_1st_4852,ensemble,,time,ensemble,0.7887949227766924,,0.7852950602962158,0.7887949227766924,0.7887949227766924
396_UCR_id_94_Medical_tr_1875_1st_5607,ensemble,,time,forecast,0.7889046309173058,,0.7600397793898580,0.0871537552090185,0.7889046309173058
400_UCR_id_98_Environment_tr_2046_1st_5391,forecast,,time,ensemble,0.5542575647276121,,0.0015788990404641,0.5506525245925077,0.5506525245925077
401_UCR_id_99_HumanActivity_tr_1671_1st_5920,ensemble,,time,forecast,0.1180813455854669,,0.1037000634984709,0.0455446502432207,0.1180813455854669
405_UCR_id_103_Sensor_tr_2827_1st_5988,forecast,,time,forecast,0.0216299659818625,,0.0130646998928964,0.0216299659818625,0.0151513530136772
406_UCR_id_104_Facility_tr_20000_1st_67950,time,,time,fft,0.0121049861563058,,0.0121049861563058,0.0083418357084739,0.0095930207105513
411_UCR_id_109_Environment_tr_2046_1st_4852,ensemble,,time,ensemble,0.8114332437149010,,0.8071274557735328,0.8114332437149010,0.8114332437149010
415_UCR_id_113_Medical_tr_3000_1st_8612,time,,time,forecast,0.6248445666589203,,0.6248445666589203,0.0354748322726995,0.4649934603040556
417_UCR_id_115_Sensor_tr_2750_1st_5400,time,,time,ensemble,0.0439730575232374,,0.0439730575232374,0.0324601987841165,0.0324601987841165
419_UCR_id_117_Facility_tr_3000_1st_6168,fft,,time,forecast,0.0313113338758854,,0.0085092120470196,0.0089110925999610,0.0301627149506076
420_UCR_id_118_Facility_tr_13750_1st_52600,time,,time,ensemble,0.2463570487574331,,0.2463570487574331,0.2245733979210357,0.2245733979210357
421_UCR_id_119_HumanActivity_tr_48750_1st_130700,time,,time,ensemble,0.0211067446948946,,0.0211067446948946,0.0158878246751427,0.0158878246751427
426_UCR_id_124_Sensor_tr_2827_1st_4711,fft,,time,time,0.3945219600552093,,0.3499109714479534,0.3499109714479534,0.3246974133217415
430_UCR_id_128_HumanActivity_tr_12500_1st_46500,time,,time,fft,0.0090249121185805,,0.0090249121185805,0.0087570143408696,0.0087048973397802
432_UCR_id_130_Facility_tr_23000_1st_26970,ensemble,,time,forecast,0.0086383508557626,,0.0074980062941379,0.0060992162650916,0.0086383508557626
436_UCR_id_134_Medical_tr_1875_1st_4526,fft,,time,ensemble,0.0733691300739685,,0.0551923399920261,0.0687414059051421,0.0687414059051421
437_UCR_id_135_Medical_tr_2499_1st_8000,forecast,,time,ensemble,0.0029506211902950,,0.0016124925987719,0.0016662657622165,0.0016662657622165
439_UCR_id_137_HumanActivity_tr_48750_1st_110800,ensemble,,time,time,0.6449696140426232,,0.5787034654856505,0.5787034654856505,0.6449696140426232
445_UCR_id_143_Environment_tr_6166_1st_19280,fft,,time,ensemble,0.5357385846302563,,0.3702381204901331,0.3256078102774943,0.3256078102774943
449_UCR_id_147_Sensor_tr_2847_1st_9330,ensemble,,time,time,0.4058705996282428,,0.3071398743652199,0.3071398743652199,0.4058705996282428
452_UCR_id_150_Facility_tr_10000_1st_35774,ensemble,,time,time,0.2535930075681732,,0.1814094992651128,0.1814094992651128,0.2535930075681732
459_UCR_id_157_HumanActivity_tr_50000_1st_110260,forecast,,time,fft,0.0006485855143004,,0.0005845481863272,0.0006177252087131,0.0004693095869852
463_UCR_id_161_Environment_tr_2046_1st_6006,fft,,time,ensemble,0.8186465308012774,,0.8032847072574616,0.8015191347587191,0.8015191347587191
467_UCR_id_165_Environment_tr_6166_1st_19280,fft,,time,ensemble,0.5448896761159033,,0.3412316948342407,0.3383579742351656,0.3383579742351656
471_UCR_id_169_Facility_tr_10000_1st_35774,time,,time,forecast,0.0131578174488178,,0.0131578174488178,0.0036003015480439,0.0128620132122825
473_UCR_id_171_HumanActivity_tr_2617_1st_7290,forecast,,time,ensemble,0.0077254234991382,,0.0017436206590540,0.0017158440067160,0.0017158440067160
474_UCR_id_172_Environment_tr_2046_1st_6520,time,,time,ensemble,0.4796390650965228,,0.4796390650965228,0.4602056517111281,0.4602056517111281
493_UCR_id_191_Sensor_tr_2847_1st_9330,ensemble,,time,forecast,0.4334162660583894,,0.3413506941492820,0.1100282138232851,0.4334162660583894
494_UCR_id_192_Facility_tr_22500_1st_72150,forecast,,time,forecast,0.0086344285566696,,0.0049405795896829,0.0086344285566696,0.0049205409012118
495_UCR_id_193_Environment_tr_2046_1st_6520,fft,,time,ensemble,0.4668455352466694,,0.4667252870956820,0.4303138937502002,0.4303138937502002
496_UCR_id_194_Environment_tr_2046_1st_5391,forecast,,time,ensemble,0.5718495872204400,,0.0070545858605834,0.5523566983428604,0.5523566983428604
499_UCR_id_197_Environment_tr_2046_1st_5703,fft,,time,ensemble,0.1589319397560447,,0.1527280797480043,0.1520376038902492,0.1520376038902492
500_UCR_id_198_Facility_tr_7482_1st_23357,forecast,,time,ensemble,0.0135377730414784,,0.0099449749571809,0.0110078421460860,0.0110078421460860
504_UCR_id_202_Environment_tr_2046_1st_5549,forecast,,time,forecast,0.1693267614140037,,0.0550445316029615,0.1693267614140037,0.0809396942485037
506_UCR_id_204_Environment_tr_2046_1st_5549,forecast,,time,forecast,0.1509340334725475,,0.0910900004766534,0.1509340334725475,0.1269853616864530
516_UCR_id_214_HumanActivity_tr_2108_1st_4702,forecast,,time,ensemble,0.0016054864895202,,0.0012078891965206,0.0011789932699576,0.0011789932699576
517_UCR_id_215_Facility_tr_7482_1st_24005,time,,time,ensemble,0.8023395147029342,,0.8023395147029342,0.7934431927339050,0.7934431927339050
525_UCR_id_223_Facility_tr_50000_1st_250720,fft,,time,forecast,0.0035519742185289,,0.0034968016345688,0.0033684923844430,0.0035031086841314
526_UCR_id_224_Sensor_tr_2827_1st_4711,fft,,time,time,0.3957689905722114,,0.2955040443119496,0.2955040443119496,0.2777998173150505
530_UCR_id_228_HumanActivity_tr_16250_1st_38500,forecast,,time,fft,0.0050080841255905,,0.0049759601410814,0.0046913179343626,0.0048025553271998
531_SMAP_id_1_Sensor_tr_1811_1st_4510,ensemble,,time,forecast,0.9677585420676624,,0.9614750876150844,0.1876223707093826,0.9677585420676624
532_SMAP_id_2_Sensor_tr_2075_1st_5550,ensemble,,time,ensemble,0.5944465527212941,,0.5848747948253264,0.5944465527212941,0.5944465527212941
533_SMAP_id_3_Sensor_tr_2052_1st_5300,time,,time,ensemble,0.9999281355352030,,0.9999281355352030,0.9998794296919780,0.9998794296919780
534_SMAP_id_4_Sensor_tr_1968_1st_4370,ensemble,,time,forecast,0.8538813444799248,,0.8346862271385762,0.2363021544653165,0.8538813444799248
536_SMAP_id_6_Sensor_tr_2160_1st_5600,time,,time,forecast,0.9930436220926496,,0.9930436220926496,0.5786988355392930,0.9797972794697610
537_SMAP_id_7_Sensor_tr_2077_1st_5394,time,,time,ensemble,0.9989796334430994,,0.9989796334430994,0.9981598712876116,0.9981598712876116
538_SMAP_id_8_Sensor_tr_2007_1st_3650,time,,time,ensemble,0.9369436602525276,,0.9369436602525276,0.6363869106046199,0.6363869106046199
539_SMAP_id_9_Sensor_tr_1857_1st_4270,fft,,time,forecast,0.9385833609620856,,0.9269831927395088,0.6691914873206417,0.9297197031195490
540_SMAP_id_10_Sensor_tr_2051_1st_4575,fft,,time,ensemble,0.8701986064477222,,0.8500284631155511,0.8288767967732276,0.8288767967732276
541_SMAP_id_11_Sensor_tr_1832_1st_5300,time,,time,ensemble,0.4230433680436624,,0.4230433680436624,0.3995609673141943,0.3995609673141943
542_SMAP_id_12_Sensor_tr_1908_1st_4690,ensemble,,time,time,0.7190446224106981,,0.6922885097982584,0.6922885097982584,0.7190446224106981
544_SMAP_id_14_Sensor_tr_1978_1st_4450,time,,time,forecast,0.0843237550775123,,0.0843237550775123,0.0229472173326733,0.0708616516125072
545_SMAP_id_15_Sensor_tr_1173_1st_2750,forecast,,time,time,0.7794034672737388,,0.7527492717102894,0.7527492717102894,0.7619873084348320
546_SMAP_id_16_Sensor_tr_2117_1st_4770,fft,,time,ensemble,0.0571431506028181,,0.0463612729245378,0.0497524576963708,0.0497524576963708
547_SMAP_id_17_Sensor_tr_2133_1st_5400,ensemble,,time,ensemble,0.1569149429517837,,0.1494877103151508,0.1569149429517837,0.1569149429517837
548_SMAP_id_18_Sensor_tr_2094_1st_5600,ensemble,,time,forecast,0.8852792344855220,,0.8313433595654826,0.0699905664503342,0.8852792344855220
549_SMAP_id_19_Sensor_tr_1998_1st_2098,fft,,time,forecast,0.9754920020091228,,0.9632789198811098,0.1707342457168115,0.9754905022878156
550_SWaT_id_1_Sensor_tr_43700_1st_43800,forecast,,,ensemble,0.1015049541505122,,0.0974623788368532,0.0974623788368532,0.0974623788368532
551_YAHOO_id_1_Synthetic_tr_500_1st_893,ensemble,,forecast,forecast,1.0000000000000000,,1.0000000000000000,1.0000000000000000,1.0000000000000000
552_YAHOO_id_2_Synthetic_tr_500_1st_893,ensemble,,forecast,ensemble,1.0000000000000000,,1.0000000000000000,1.0000000000000000,1.0000000000000000
555_YAHOO_id_5_WebService_tr_500_1st_730,forecast,,forecast,forecast,0.9440573274774527,,0.9440573274774527,0.9440573274774527,0.5618391216430632
558_YAHOO_id_8_WebService_tr_500_1st_1125,forecast,,forecast,ensemble,0.0432056768656836,,0.0432056768656836,0.0363866916783065,0.0363866916783065
562_YAHOO_id_12_Synthetic_tr_500_1st_893,ensemble,,forecast,forecast,1.0000000000000000,,1.0000000000000000,1.0000000000000000,1.0000000000000000
570_YAHOO_id_20_Synthetic_tr_500_1st_658,forecast,,forecast,forecast,0.9814810928210732,,0.9814810928210732,0.9814810928210732,0.5731943807443279
571_YAHOO_id_21_Synthetic_tr_500_1st_623,forecast,,forecast,forecast,0.9268037247183032,,0.9268037247183032,0.9268037247183032,0.8922678163604041
579_YAHOO_id_29_WebService_tr_500_1st_1342,ensemble,,forecast,ensemble,1.0000000000000000,,1.0000000000000000,1.0000000000000000,1.0000000000000000
603_YAHOO_id_53_Synthetic_tr_500_1st_893,ensemble,,forecast,time,1.0000000000000000,,1.0000000000000000,0.3151973772099962,1.0000000000000000
644_YAHOO_id_94_WebService_tr_500_1st_1078,forecast,,forecast,ensemble,0.0440476302412453,,0.0440476302412453,0.0305635638312114,0.0305635638312114
645_YAHOO_id_95_WebService_tr_500_1st_1047,ensemble,,forecast,ensemble,1.0000000000000000,,1.0000000000000000,1.0000000000000000,1.0000000000000000
649_YAHOO_id_99_WebService_tr_500_1st_1386,ensemble,,forecast,ensemble,1.0000000000000000,,1.0000000000000000,1.0000000000000000,1.0000000000000000
657_YAHOO_id_107_WebService_tr_500_1st_1260,ensemble,,forecast,time,1.0000000000000000,,1.0000000000000000,0.4246700331071584,1.0000000000000000
658_YAHOO_id_108_Synthetic_tr_500_1st_893,ensemble,,forecast,forecast,1.0000000000000000,,1.0000000000000000,1.0000000000000000,1.0000000000000000
672_YAHOO_id_122_WebService_tr_500_1st_857,ensemble,,forecast,forecast,1.0000000000000000,,1.0000000000000000,1.0000000000000000,1.0000000000000000
680_YAHOO_id_130_Synthetic_tr_500_1st_893,ensemble,,forecast,forecast,1.0000000000000000,,1.0000000000000000,1.0000000000000000,1.0000000000000000
689_YAHOO_id_139_WebService_tr_500_1st_1073,ensemble,,forecast,ensemble,1.0000000000000000,,1.0000000000000000,1.0000000000000000,1.0000000000000000
693_YAHOO_id_143_WebService_tr_500_1st_1003,forecast,,forecast,forecast,0.5000000000000000,,0.5000000000000000,0.5000000000000000,0.3572404255984154
701_YAHOO_id_151_Synthetic_tr_500_1st_893,ensemble,,forecast,forecast,1.0000000000000000,,1.0000000000000000,1.0000000000000000,1.0000000000000000
723_YAHOO_id_173_WebService_tr_500_1st_1214,forecast,,forecast,ensemble,0.6868864670348196,,0.6868864670348196,0.5425414270488204,0.5425414270488204
724_YAHOO_id_174_WebService_tr_500_1st_1030,forecast,,forecast,ensemble,0.7257142857142859,,0.7257142857142859,0.3009861263846260,0.3009861263846260
734_YAHOO_id_184_WebService_tr_500_1st_768,forecast,,forecast,ensemble,0.7620281304244023,,0.7620281304244023,0.6763698188581783,0.6763698188581783
741_YAHOO_id_191_WebService_tr_500_1st_1114,forecast,,forecast,ensemble,0.6487353365594031,,0.6487353365594031,0.4642857142857141,0.4642857142857141
755_YAHOO_id_205_Synthetic_tr_500_1st_893,ensemble,,forecast,forecast,1.0000000000000000,,1.0000000000000000,1.0000000000000000,1.0000000000000000
762_YAHOO_id_212_WebService_tr_500_1st_1055,forecast,,forecast,forecast,0.5309868095745029,,0.5309868095745029,0.5309868095745029,0.0056900708110499
780_YAHOO_id_230_Synthetic_tr_500_1st_893,ensemble,,forecast,ensemble,1.0000000000000000,,1.0000000000000000,1.0000000000000000,1.0000000000000000
788_YAHOO_id_238_WebService_tr_500_1st_973,ensemble,,forecast,ensemble,1.0000000000000000,,1.0000000000000000,1.0000000000000000,1.0000000000000000
797_YAHOO_id_247_Synthetic_tr_500_1st_893,time,,forecast,time,0.4438451920502949,,0.3894776261533497,0.4438451920502949,0.3497087825831947
806_YAHOO_id_256_Synthetic_tr_500_1st_893,ensemble,,forecast,forecast,1.0000000000000000,,1.0000000000000000,1.0000000000000000,1.0000000000000000
807_YAHOO_id_257_WebService_tr_500_1st_1210,forecast,,forecast,time,0.6190204762477024,,0.6190204762477024,0.3582581895213197,0.4144586909143777
810_Exathlon_id_1_Facility_tr_10766_1st_12590,forecast,,fft,ensemble,0.1640179434667311,,0.0995405487889748,0.1008252248068324,0.1008252248068324
811_Exathlon_id_2_Facility_tr_10766_1st_12590,fft,,fft,ensemble,0.9994483634447476,,0.9994483634447476,0.9994456342962370,0.9994456342962370
812_Exathlon_id_3_Facility_tr_10766_1st_12590,fft,,fft,time,0.9998673695159396,,0.9998673695159396,0.9998269063257108,0.9994570962991216
814_Exathlon_id_5_Facility_tr_10766_1st_12590,fft,,fft,ensemble,0.9994483634447476,,0.9994483634447476,0.9994456342962370,0.9994456342962370
815_Exathlon_id_6_Facility_tr_10766_1st_12590,fft,,fft,time,0.9998673695159396,,0.9998673695159396,0.9998269063257108,0.9994570962991216
816_Exathlon_id_7_Facility_tr_10766_1st_12590,fft,,fft,ensemble,0.9304344456953402,,0.9304344456953402,0.9298572568903468,0.9298572568903468
817_Exathlon_id_8_Facility_tr_10766_1st_12590,fft,,fft,ensemble,0.5754676694607777,,0.5754676694607777,0.5557465059475828,0.5557465059475828
818_Exathlon_id_9_Facility_tr_11665_1st_13484,fft,,fft,ensemble,0.9247968840910016,,0.9247968840910016,0.8988224764601095,0.8988224764601095
819_Exathlon_id_10_Facility_tr_10766_1st_12590,fft,,fft,ensemble,0.9849601102050418,,0.9849601102050418,0.9825318920210854,0.9825318920210854
820_Exathlon_id_11_Facility_tr_11665_1st_13484,fft,,fft,ensemble,0.9369861425830964,,0.9369861425830964,0.9356138508707386,0.9356138508707386
821_Exathlon_id_12_Facility_tr_6985_1st_7085,time,,fft,ensemble,0.4071195791958895,,0.3982878917811527,0.3884170945161146,0.3884170945161146
822_Exathlon_id_13_Facility_tr_10766_1st_12590,fft,,fft,ensemble,0.5754676694607777,,0.5754676694607777,0.5557465059475828,0.5557465059475828
823_Exathlon_id_14_Facility_tr_10766_1st_12590,fft,,fft,ensemble,0.9290954748547658,,0.9290954748547658,0.8896048558984692,0.8896048558984692
824_Exathlon_id_15_Facility_tr_10766_1st_12590,fft,,fft,ensemble,0.9957180537794934,,0.9957180537794934,0.9956763048736792,0.9956763048736792
826_Exathlon_id_17_Facility_tr_11665_1st_13484,fft,,fft,ensemble,0.9369861425830964,,0.9369861425830964,0.9356138508707386,0.9356138508707386
827_Exathlon_id_18_Facility_tr_10766_1st_12590,fft,,fft,time,0.9957180537794934,,0.9957180537794934,0.9938816430758785,0.9956763048736792
828_Exathlon_id_19_Facility_tr_11663_1st_13482,time,,fft,fft,0.8536407158064737,,0.8395030095481132,0.8395030095481132,0.8392855531908469
829_Exathlon_id_20_Facility_tr_10766_1st_12590,fft,,fft,ensemble,0.9304344456953402,,0.9304344456953402,0.9298572568903468,0.9298572568903468
830_Exathlon_id_21_Facility_tr_10766_1st_12590,fft,,fft,ensemble,0.9646089308160894,,0.9646089308160894,0.9632614027552264,0.9632614027552264
831_Exathlon_id_22_Facility_tr_11665_1st_13484,fft,,fft,ensemble,0.9369861425830964,,0.9369861425830964,0.9356138508707386,0.9356138508707386
832_Exathlon_id_23_Facility_tr_10766_1st_12590,fft,,fft,ensemble,0.9304344456953402,,0.9304344456953402,0.9298572568903468,0.9298572568903468
833_Exathlon_id_24_Facility_tr_10766_1st_12590,fft,,fft,ensemble,0.9998673695159396,,0.9998673695159396,0.9994570962991216,0.9994570962991216
834_Exathlon_id_25_Facility_tr_11665_1st_13484,fft,,fft,ensemble,0.9369861425830964,,0.9369861425830964,0.9356138508707386,0.9356138508707386
835_Exathlon_id_26_Facility_tr_10766_1st_12590,time,,fft,ensemble,0.3655453031286952,,0.3587736631890226,0.3594159774042393,0.3594159774042393
836_Exathlon_id_27_Facility_tr_10766_1st_12590,fft,,fft,time,0.9998673695159396,,0.9998673695159396,0.9998269063257108,0.9994570962991216
837_Exathlon_id_28_Facility_tr_8898_1st_8998,ensemble,,fft,fft,0.1999993184392149,,0.1940958075833105,0.1940958075833105,0.1999993184392149
838_Exathlon_id_29_Facility_tr_10766_1st_12590,fft,,fft,ensemble,0.5754676694607777,,0.5754676694607777,0.5557465059475828,0.5557465059475828
839_Exathlon_id_30_Facility_tr_10766_1st_12590,fft,,fft,ensemble,0.9304344456953402,,0.9304344456953402,0.9298572568903468,0.9298572568903468
840_Exathlon_id_31_Facility_tr_10766_1st_12590,fft,,fft,ensemble,0.9957180537794934,,0.9957180537794934,0.9956763048736792,0.9956763048736792
841_Exathlon_id_32_Facility_tr_11663_1st_13482,time,,fft,ensemble,0.9671912540593938,,0.9432444509013972,0.9493840658936200,0.9493840658936200
842_OPPORTUNITY_id_1_HumanActivity_tr_7295_1st_27516,fft,,ensemble,ensemble,0.0084662151463791,,0.0084599158938865,0.0084599158938865,0.0084599158938865
843_OPPORTUNITY_id_2_HumanActivity_tr_808_1st_908,forecast,,ensemble,ensemble,0.0969174926140022,,0.0879502850236316,0.0879502850236316,0.0879502850236316
844_OPPORTUNITY_id_3_HumanActivity_tr_500_1st_566,forecast,,ensemble,ensemble,0.0642506804539224,,0.0582039746096797,0.0582039746096797,0.0582039746096797
845_OPPORTUNITY_id_4_HumanActivity_tr_7295_1st_27516,ensemble,,ensemble,ensemble,0.0166499800804133,,0.0166499800804133,0.0166499800804133,0.0166499800804133
846_OPPORTUNITY_id_5_HumanActivity_tr_2085_1st_2185,fft,,ensemble,ensemble,0.0301083859169593,,0.0296681312758163,0.0296681312758163,0.0296681312758163
847_OPPORTUNITY_id_6_HumanActivity_tr_808_1st_908,forecast,,ensemble,ensemble,0.0744332470370091,,0.0723174126089621,0.0723174126089621,0.0723174126089621
848_OPPORTUNITY_id_7_HumanActivity_tr_1477_1st_1577,time,,ensemble,ensemble,0.0492674041059396,,0.0456309241896521,0.0456309241896521,0.0456309241896521
849_OPPORTUNITY_id_8_HumanActivity_tr_1100_1st_1200,ensemble,,ensemble,ensemble,0.0268899408552939,,0.0268899408552939,0.0268899408552939,0.0268899408552939
850_OPPORTUNITY_id_9_HumanActivity_tr_895_1st_995,fft,,ensemble,ensemble,0.0438495666602263,,0.0434724392563340,0.0434724392563340,0.0434724392563340
851_OPPORTUNITY_id_10_HumanActivity_tr_6213_1st_7311,forecast,,ensemble,ensemble,0.0225877524829801,,0.0204440730570231,0.0204440730570231,0.0204440730570231
853_OPPORTUNITY_id_12_HumanActivity_tr_808_1st_908,ensemble,,ensemble,ensemble,0.0784199374634098,,0.0784199374634098,0.0784199374634098,0.0784199374634098
854_OPPORTUNITY_id_13_HumanActivity_tr_1477_1st_1577,ensemble,,ensemble,ensemble,0.0925504990560568,,0.0925504990560568,0.0925504990560568,0.0925504990560568
855_OPPORTUNITY_id_14_HumanActivity_tr_808_1st_908,forecast,,ensemble,ensemble,0.0789678724656628,,0.0702530375191553,0.0702530375191553,0.0702530375191553
856_OPPORTUNITY_id_15_HumanActivity_tr_808_1st_908,forecast,,ensemble,ensemble,0.0752324912726894,,0.0743860689129435,0.0743860689129435,0.0743860689129435
857_OPPORTUNITY_id_16_HumanActivity_tr_500_1st_566,ensemble,,ensemble,ensemble,0.0666482601563712,,0.0666482601563712,0.0666482601563712,0.0666482601563712
858_OPPORTUNITY_id_17_HumanActivity_tr_808_1st_908,forecast,,ensemble,ensemble,0.0771821552547609,,0.0719749403671053,0.0719749403671053,0.0719749403671053
859_OPPORTUNITY_id_18_HumanActivity_tr_895_1st_995,forecast,,ensemble,fft,0.0230179031434725,,0.0224239194386810,0.0224328162747157,0.0224239194386810
860_OPPORTUNITY_id_19_HumanActivity_tr_808_1st_908,forecast,,ensemble,ensemble,0.0829488383952982,,0.0752659907218907,0.0752659907218907,0.0752659907218907
861_OPPORTUNITY_id_20_HumanActivity_tr_2085_1st_2185,fft,,ensemble,ensemble,0.0296536299792722,,0.0294317213145966,0.0294317213145966,0.0294317213145966
862_OPPORTUNITY_id_21_HumanActivity_tr_500_1st_566,ensemble,,ensemble,time,0.0670969912417800,,0.0670969912417800,0.0609417651459302,0.0670969912417800
863_OPPORTUNITY_id_22_HumanActivity_tr_808_1st_908,forecast,,ensemble,ensemble,0.0868042058798993,,0.0816957892569809,0.0816957892569809,0.0816957892569809
865_OPPORTUNITY_id_24_HumanActivity_tr_2085_1st_2185,ensemble,,ensemble,ensemble,0.0390038485484248,,0.0390038485484248,0.0390038485484248,0.0390038485484248
866_OPPORTUNITY_id_25_HumanActivity_tr_6213_1st_7311,fft,,ensemble,ensemble,0.0320882927010278,,0.0310419417473290,0.0310419417473290,0.0310419417473290
867_OPPORTUNITY_id_26_HumanActivity_tr_808_1st_908,ensemble,,ensemble,ensemble,0.0868776550518827,,0.0868776550518827,0.0868776550518827,0.0868776550518827
868_OPPORTUNITY_id_27_HumanActivity_tr_2085_1st_2185,ensemble,,ensemble,ensemble,0.0256113352513845,,0.0256113352513845,0.0256113352513845,0.0256113352513845
869_OPPORTUNITY_id_28_HumanActivity_tr_500_1st_566,ensemble,,ensemble,ensemble,0.0804253914893653,,0.0804253914893653,0.0804253914893653,0.0804253914893653
870_OPPORTUNITY_id_29_HumanActivity_tr_1477_1st_1577,fft,,ensemble,ensemble,0.1892576061654352,,0.1796343099900222,0.1796343099900222,0.1796343099900222
