file,Time,AUC-PR,AUC-ROC,VUS-PR_my,VUS-ROC_my,Standard-F1,PA-F1,Event-based-F1,R-based-F1,Affiliation-F,VUS-PR_bench,VUS-ROC_bench,VUS-PR_Improvement,VUS-ROC_Improvement
001_Genesis_id_1_Sensor_tr_4055_1st_15538.csv,9.393173694610596,0.008015980006913,0.4914619666048238,0.0172636392385621,0.8065563403339073,0.0624952396204195,0.6,0.0863309352517984,0.0755905511811023,0.8856416130367102,0.0076,0.49144,0.009663639238562102,0.31511634033390734
002_MSL_id_1_Sensor_tr_500_1st_900.csv,2.5094094276428223,0.0974822460630052,0.7804365238285943,0.1226957957019439,0.9443803080472616,0.2222174692374635,0.9166666666666666,0.4999999999999996,0.3,0.8573856754349426,0.08762,0.78034,0.0350757957019439,0.16404030804726155
003_MSL_id_2_Sensor_tr_883_1st_1238.csv,4.956298589706421,0.0796049205779851,0.5908937182690626,0.0862233109654317,0.6319730645512225,0.1769688200638609,0.926829268292683,0.4999999999999994,0.1718266253869969,0.8293367614248093,0.07654,0.59088,0.009683310965431707,0.041093064551222525
004_MSL_id_3_Sensor_tr_530_1st_630.csv,3.358462333679199,0.1191310666381955,0.5696967310810375,0.1523529873863514,0.6853411877551016,0.1842657035063632,1.0,0.9999999999999996,0.3424657534246575,0.987548809630389,0.11159,0.56961,0.040762987386351396,0.1157311877551016
005_MSL_id_4_Sensor_tr_855_1st_2700.csv,4.776045322418213,0.043006694092929,0.6118585580928123,0.0627344543857862,0.7326640138842014,0.0915304593701176,0.9726027397260274,0.333333333333333,0.2054794520547945,0.9183225951038876,0.03844,0.61108,0.0242944543857862,0.12158401388420148
006_MSL_id_5_Sensor_tr_1150_1st_1250.csv,7.352441072463989,0.0923531262371494,0.5669230843840436,0.0942169201310821,0.5724337564443392,0.2049991829972401,0.53315649867374,0.1544923301680056,0.0981251512511165,0.6858211502043033,0.09274,0.56541,0.0014769201310820962,0.00702375644433928
007_MSL_id_6_Sensor_tr_980_1st_3550.csv,5.524929285049439,0.0708415171028429,0.7306878390505444,0.1145899364845394,0.8290444875874392,0.1640015609009683,0.825136612021858,0.0888888888888887,0.0732032254294729,0.7405220765006628,0.07126,0.7307,0.043329936484539394,0.09834448758743919
008_MSL_id_7_Sensor_tr_656_1st_1630.csv,3.6893930435180655,0.0598800901997482,0.2559638289975368,0.1378133239519354,0.4584089269741515,0.1653616115990712,0.91156462585034,0.156008432888264,0.1166317092459512,0.8372456648291576,0.06038,0.25591,0.0774333239519354,0.20249892697415145
009_MSL_id_8_Sensor_tr_714_1st_1390.csv,3.982763767242432,0.0079706902423077,0.4796506256823717,0.0107392307645912,0.6087341584841073,0.0239156848941703,0.0146036161335187,0.0146036161335187,0.0120378331900257,0.6898063861128404,0.00794,0.47938,0.002799230764591201,0.1293541584841073
010_MSL_id_9_Sensor_tr_554_1st_1172.csv,3.042731523513794,0.0292001778348919,0.4225906134456049,0.0397339752388303,0.5094904124654711,0.0735271968254816,0.8466257668711656,0.0975609756097559,0.0942239432074863,0.7593683275802571,0.0297,0.42258,0.0100339752388303,0.0869104124654711
011_MSL_id_10_Sensor_tr_1525_1st_4590.csv,8.72008228302002,0.1090834610076505,0.8851866961489323,0.1248902067514263,0.8980200151877026,0.2131097814248196,0.9849624060150376,0.3392857142857139,0.2319697765768471,0.8569405514251541,0.11167,0.88527,0.013220206751426294,0.01275001518770258
012_MSL_id_11_Sensor_tr_539_1st_940.csv,48.90004229545593,0.0632180915516917,0.5419912794199128,0.135048561208856,0.7144679996803465,0.1423904216858211,0.9805825242718448,0.333333333333333,0.227027027027027,0.787886124351168,0.06082,0.54195,0.074228561208856,0.17251799968034642
013_MSL_id_12_Sensor_tr_554_1st_1200.csv,3.037281036376953,0.0412050093476787,0.7297339977540707,0.0675258514015132,0.8615132987667533,0.1509383981719096,0.8125,0.222222222222222,0.1935483870967742,0.7636741470626699,0.04307,0.72966,0.0244558514015132,0.13185329876675334
014_MSL_id_13_Sensor_tr_1525_1st_4575.csv,8.855096578598022,0.114611779970864,0.8526908849579825,0.1334697621169305,0.8735195853869103,0.1939344410814947,0.989071038251366,0.3636363636363632,0.2446076648970984,0.8572997746229409,0.11621,0.85278,0.01725976211693052,0.020739585386910342
015_MSL_id_14_Sensor_tr_575_1st_1250.csv,3.1568796634674072,0.1610642733436895,0.5328691242312504,0.1640313990707134,0.5386707959719151,0.2642817838754175,1.0,0.9999999999999996,0.3370165745856354,0.963461115754814,0.16081,0.53289,0.0032213990707133933,0.005780795971915165
016_MSL_id_15_Sensor_tr_500_1st_780.csv,1.399723768234253,0.2695754726685854,0.6191655778164925,0.2863051497538779,0.6332283099161125,0.4701443885555811,0.9333333333333332,0.5999999999999995,0.3231250133574753,0.8855765855546424,0.26926,0.61903,0.017045149753877886,0.014198309916112484
017_MSL_id_16_Sensor_tr_512_1st_1850.csv,2.8090972900390625,0.1045990456528571,0.4208448188152898,0.1208673750481471,0.4885194019296249,0.1686704093092016,0.9972451790633609,0.6666666666666662,0.5115009895996014,0.8894190441893155,0.10089,0.42014,0.019977375048147103,0.06837940192962488
018_Daphnet_id_1_HumanActivity_tr_9693_1st_20732.csv,13.21880865097046,0.3335472159235924,0.9247361871083072,0.3496372654666695,0.9303082568255702,0.4187069040628073,0.9798172933928192,0.6122448979591832,0.2694955391170834,0.8927299096513421,0.33456,0.92474,0.015077265466669487,0.0055682568255701614
019_MITDB_id_1_Medical_tr_37500_1st_103211.csv,73.35607433319092,0.1548302249221523,0.5842513131715821,0.1548879321971396,0.5853698701044615,0.244760419305884,0.9999731334461728,0.7499999999999994,0.3000483584976626,0.860542330776677,0.15454,0.58425,0.0003479321971395777,0.0011198701044614623
020_MITDB_id_2_Medical_tr_50000_1st_52315.csv,116.88555526733398,0.0022597403062377,0.5961013601880102,0.0024597673894875,0.6263545571879117,0.0068800893579428,0.5728871242200794,0.0093457943925233,0.0090121992244905,0.7420182926128319,0.00226,0.59606,0.00019976738948749998,0.03029455718791163
021_MITDB_id_3_Medical_tr_50000_1st_57595.csv,128.1787450313568,0.0186556811635529,0.5171261531707413,0.0222201073567873,0.5810155382040179,0.0365558853352748,0.8731194690265487,0.1379310344827581,0.0548386139843771,0.6763112529667402,0.01851,0.51712,0.0037101073567873018,0.06389553820401783
022_MITDB_id_4_Medical_tr_50000_1st_54253.csv,100.36329889297484,0.0465192324733306,0.5151124915165775,0.051669554579646,0.5485111962035878,0.0859047420515319,0.9038007051257216,0.2499999999999995,0.0931551047841711,0.7989404430108348,0.04603,0.51511,0.005639554579645996,0.033401196203587835
023_MITDB_id_5_Medical_tr_25000_1st_36913.csv,33.39046788215637,0.0075322427684987,0.6199774759081341,0.0089861304506542,0.6806077028255232,0.0202739960601283,0.8765315739868049,0.0210420841683366,0.0289592081072138,0.8129869565482241,0.00754,0.61995,0.0014461304506542,0.060657702825523185
024_MITDB_id_6_Medical_tr_50000_1st_58118.csv,36.32801198959351,0.0599902331969313,0.6191151461649926,0.0096419644248309,0.6622138613011815,0.1007536965914163,1.0,0.9999999999999996,0.3406455656534002,0.9996327121746778,0.00927,0.61904,0.0003719644248309003,0.043173861301181504
025_MITDB_id_7_Medical_tr_37500_1st_88864.csv,53.32400727272034,0.059015708185307,0.7123236774173353,0.0664252332983022,0.7571722174834108,0.1428245476051412,0.9529457264406342,0.3043478260869561,0.18603804758346,0.8032754132335003,0.05852,0.71234,0.0079052332983022,0.04483221748341082
026_MITDB_id_8_Medical_tr_30495_1st_30595.csv,72.00824880599976,0.0811507054130948,0.548397977159378,0.0796392825953811,0.5514811387911864,0.1350278753376674,0.980927377321339,0.5483299893780239,0.2127764102486845,0.9016737227219944,0.07901,0.54839,0.0006292825953811004,0.0030911387911863875
027_MITDB_id_9_Medical_tr_25000_1st_52255.csv,18.361430883407596,0.0067870242877101,0.6189103436819071,0.0074487522320277,0.6539831747000548,0.0213971788793572,0.8310940499040307,0.0125899280575539,0.0175713223496262,0.683949880995667,0.00681,0.61894,0.0006387522320277002,0.0350431747000548
028_MITDB_id_10_Medical_tr_37500_1st_39948.csv,57.33278751373291,0.006189219494375,0.629005437812179,0.0082833105279657,0.7179588024679343,0.0165010926035456,0.6522727272727272,0.0909090909090907,0.0669735327963176,0.8571630895650697,0.00611,0.62898,0.0021733105279656993,0.08897880246793433
029_MITDB_id_11_Medical_tr_50000_1st_518037.csv,107.77747964859007,0.0482860599983574,0.7316647154199749,0.0176341430637361,0.7556919591673215,0.0729180710190286,1.0,0.9999999999999996,0.3420286022689341,0.9871930030036384,0.01671,0.7316,0.000924143063736102,0.02409195916732143
030_MITDB_id_12_Medical_tr_50000_1st_84572.csv,141.4893674850464,0.0521898572447981,0.5715146160604611,0.0670584135017661,0.6479622627409063,0.0988609200045943,0.966217923268488,0.2022471910112355,0.1031270220859095,0.7210552107188484,0.05191,0.57151,0.0151484135017661,0.07645226274090633
031_MITDB_id_13_Medical_tr_50000_1st_79433.csv,81.0475389957428,0.0229113168925662,0.52393763186855,0.0297987105798017,0.6039730026398447,0.0464374702572519,0.7827524575513851,0.0426571206117362,0.0380591026899481,0.6681689687741309,0.02292,0.52395,0.006878710579801699,0.08002300263984463
032_GHL_id_1_Sensor_tr_50000_1st_65001.csv,113.68247199058531,0.0048583481976204,0.1208076996153765,0.0058071591507226,0.1577197530809101,0.0183566392827451,0.4178552562070787,0.0183304433985632,0.0046774695142763,0.7187476781887878,0.00548,0.07658,0.0003271591507226007,0.08113975308091011
033_GHL_id_2_Sensor_tr_50000_1st_51001.csv,113.75105047225952,0.005052304974494,0.1681706203482835,0.0059191349866887,0.2127253726752598,0.0183055249063111,0.1971153846153846,0.01830099035408,0.0070225600215961,0.671216080711503,0.0054,0.16789,0.0005191349866886996,0.04483537267525978
034_GHL_id_3_Sensor_tr_50000_1st_122001.csv,113.93724703788756,0.0050259842914027,0.1135889401349562,0.0060742493905948,0.1523266816025845,0.0190146675397277,0.4899378881987578,0.0190076218681748,0.0056239458764812,0.6846619309594881,0.00568,0.11099,0.0003942493905947997,0.041336681602584496
035_GHL_id_4_Sensor_tr_50000_1st_90001.csv,136.83319759368896,0.0072420736171643,0.1394448100690628,0.0086409864604845,0.1798982815650122,0.0267802861345061,0.6171057380007218,0.0267669069077957,0.0068606166968646,0.7757383535368981,0.0081,0.10275,0.0005409864604844997,0.0771482815650122
036_GHL_id_5_Sensor_tr_50000_1st_67147.csv,113.85149598121644,0.0065899334228635,0.2220491136765811,0.0075100986212054,0.2583633510600092,0.0226173969268895,0.7976939203354297,0.0225723367757053,0.0082971265339053,0.6731849258989683,0.00681,0.22201,0.0007000986212054002,0.03635335106000917
037_GHL_id_6_Sensor_tr_50000_1st_80001.csv,113.81003069877625,0.0050060929391546,0.1475215170316361,0.0058338172995747,0.1877492569268534,0.0184891890102424,0.3256855064353665,0.0184875115175413,0.0049267456811767,0.7082209919658633,0.00538,0.14498,0.0004538172995746997,0.042769256926853405
038_GHL_id_7_Sensor_tr_50000_1st_100001.csv,137.0952591896057,0.0053193941981064,0.2874803598276815,0.0060552836923628,0.3203803399419286,0.0168426285980667,0.4083239595050618,0.0168075559632117,0.0043814129863012,0.7738865383402788,0.00554,0.28717,0.0005152836923628,0.033210339941928624
039_GHL_id_8_Sensor_tr_50000_1st_63030.csv,113.97543048858644,0.0031296832295406,0.1444223900052698,0.0038279187582353,0.1808944527923188,0.0116149451893107,0.674364896073903,0.0116121848405312,0.0125717114964426,0.7130501627144457,0.00357,0.14442,0.0002579187582353003,0.03647445279231881
040_GHL_id_9_Sensor_tr_50000_1st_92001.csv,113.77094435691832,0.0067365708207724,0.2017951910320284,0.0076108575863259,0.2367277470577722,0.0236142123548408,0.5437648584395937,0.0235884715915547,0.010464364389597,0.8019913553751691,0.007,0.20134,0.0006108575863258995,0.0353877470577722
041_GHL_id_10_Sensor_tr_50000_1st_57001.csv,120.73097777366638,0.0048992061801698,0.1238236266905807,0.0055571796205189,0.156848349034383,0.0184162066308343,0.1594827586206896,0.0183795298605434,0.0060696388810268,0.6719050005835684,0.00527,0.11936,0.00028717962051889954,0.037488349034383
042_GHL_id_11_Sensor_tr_50000_1st_150001.csv,113.9527986049652,0.0045979400702032,0.2472562691031426,0.0052435526871326,0.2806937092133308,0.0153705437306023,0.3799392097264438,0.0153414108937909,0.0043390279566995,0.6712697280569183,0.00483,0.23246,0.00041355268713260014,0.04823370921333081
043_GHL_id_12_Sensor_tr_39938_1st_40038.csv,114.09503030776978,0.002931040252394,0.1901089282003592,0.003615472613567,0.2294557877217632,0.0104790346945433,0.7094161322983463,0.0104550586667064,0.0053558370215227,0.7847895611407322,0.00333,0.18994,0.0002854726135669999,0.0395157877217632
044_GHL_id_13_Sensor_tr_50000_1st_145001.csv,137.7144775390625,0.004887396531636,0.1291409312146996,0.0057612084247578,0.1686380818923364,0.0183228813182095,0.3528441879637263,0.0183206258143463,0.0136103494598921,0.676203745623758,0.00533,0.12305,0.00043120842475780075,0.04558808189233639
045_GHL_id_14_Sensor_tr_50000_1st_85076.csv,113.83478665351868,0.0049024983768484,0.180944466945796,0.0058143796747509,0.2273763728564455,0.0175671049800779,0.7587832047986289,0.0175545544206055,0.0066550550798813,0.7749525360325751,0.00525,0.18096,0.0005643796747508995,0.04641637285644548
046_GHL_id_15_Sensor_tr_50000_1st_156462.csv,113.9412636756897,0.0129830417957074,0.7758644370233667,0.0139819652496338,0.7854048033027407,0.0410988039394319,0.6733695652173913,0.0123137165261206,0.0081650943862504,0.7059320966780339,0.01334,0.77586,0.000641965249633801,0.009544803302740656
047_GHL_id_16_Sensor_tr_50000_1st_77001.csv,113.7334144115448,0.0071458975863993,0.1153623386547124,0.0083642973814367,0.1506872018621764,0.0269602274700594,0.6080862533692722,0.0269129079357562,0.0050069377656723,0.7809315807676352,0.00789,0.08631,0.0004742973814367002,0.06437720186217641
048_GHL_id_17_Sensor_tr_50000_1st_154001.csv,116.94474983215332,0.0095793557192475,0.1420864214503754,0.011477867960354,0.1849308946620959,0.0352455431039092,0.7027027027027027,0.0351994027006183,0.0066285627599833,0.8251859487795298,0.01052,0.11373,0.0009578679603540006,0.07120089466209589
049_GHL_id_18_Sensor_tr_50000_1st_109001.csv,113.7975664138794,0.014811151831572,0.1342784288496651,0.0164734480782558,0.1642037500372474,0.0540300810140143,0.7336683417085427,0.0539919921770477,0.0088875790916858,0.8266116034885678,0.01559,0.13377,0.0008834480782557996,0.03043375003724741
050_GHL_id_19_Sensor_tr_43750_1st_55001.csv,99.59797716140748,0.0132752358090636,0.7644234770140916,0.0148296004728233,0.776772708196853,0.0460848486692274,0.0128201488681591,0.0128201488681591,0.008304065608738,0.985906478368686,0.01409,0.76446,0.0007396004728232996,0.012312708196852928
051_GHL_id_20_Sensor_tr_50000_1st_75110.csv,113.89933443069458,0.0032007839294094,0.1484435856824174,0.0038696053372982,0.1846902791681727,0.0118457561660686,0.6753614970229657,0.0118394958024961,0.0090167502602441,0.6666826844830349,0.00361,0.14839,0.0002596053372982002,0.03630027916817272
052_GHL_id_21_Sensor_tr_50000_1st_98001.csv,113.71307635307312,0.0024429559646232,0.0069740429548811,0.0032015081312878,0.034244906235877,0.0096820674271775,0.009663085718835,0.009663085718835,0.0073755331310315,0.7692086132927991,0.0031,0.00693,0.00010150813128780023,0.027314906235877
053_GHL_id_22_Sensor_tr_50000_1st_126448.csv,113.8059606552124,0.0182344582254574,0.1914335966013569,0.0203104589973968,0.2216817165728705,0.0629533145935461,0.9212430821626224,0.062878949305542,0.0088345562252456,0.8166622566605277,0.01889,0.19142,0.0014204589973968,0.030261716572870495
054_GHL_id_23_Sensor_tr_50000_1st_135001.csv,113.77736043930054,0.0101093525458941,0.1563903454278336,0.0114224089218597,0.186260238772409,0.0366558191412273,0.7380798552784598,0.0366556392158402,0.0070654127798066,0.7244501844967135,0.0108,0.13463,0.0006224089218596993,0.05163023877240899
055_GHL_id_24_Sensor_tr_50000_1st_118124.csv,113.91702318191528,0.0028845469911662,0.2129386070114487,0.0035051443593358,0.2531330805894726,0.0100609743074461,0.8094665062174088,0.0100393514718246,0.0059234298361223,0.7078513262480362,0.00322,0.21286,0.0002851443593357996,0.0402730805894726
056_GHL_id_25_Sensor_tr_50000_1st_105568.csv,113.79419469833374,0.0087293296011168,0.1842030048329084,0.010182732828357,0.2213411198592893,0.0310017118460807,0.8466406355190521,0.0309534123577363,0.0068966424933205,0.7767678349057289,0.00931,0.18418,0.0008727328283569986,0.0371611198592893
057_SMD_id_1_Facility_tr_4529_1st_4629.csv,24.8488450050354,0.1167690000310441,0.7901053235221362,0.1125306179477764,0.8340241913175844,0.1593724867831535,0.91796875,0.7199999999999995,0.3571385882303756,0.8926065554550728,0.1,0.79002,0.012530617947776393,0.044004191317584485
058_SMD_id_2_Facility_tr_1087_1st_1187.csv,29.919214963912964,0.3613514483260607,0.8588804141050062,0.446869129149783,0.9311713959417062,0.3796479417123104,0.9903725408120552,0.8538163001293656,0.3750904690398909,0.9283361302488018,0.34658,0.85885,0.100289129149783,0.07232139594170617
059_SMD_id_3_Facility_tr_757_1st_857.csv,24.859647512435917,0.3140392984122238,0.908803361280512,0.3009940388577199,0.9346780494836152,0.403321473601604,0.9590017825311944,0.818897637795275,0.4657543279231765,0.893996834669159,0.29056,0.90881,0.01043403885771993,0.025868049483615208
060_SMD_id_4_Facility_tr_7176_1st_10609.csv,29.871270895004272,0.1231215968479771,0.6737903898199243,0.0900101196069934,0.7679577145807454,0.1832645901158048,0.9965556831228471,0.9135802469135798,0.4167004299897262,0.9627207473699144,0.08022,0.67366,0.0097901196069934,0.09429771458074532
061_SMD_id_5_Facility_tr_7176_1st_15144.csv,30.05031538009644,0.1059304801396059,0.667765348475323,0.1191552302208593,0.7224491597439041,0.1747931255354913,0.544016868740116,0.4137931034482754,0.1198583740603371,0.6849609815029651,0.09954,0.66767,0.0196152302208593,0.05477915974390413
062_SMD_id_6_Facility_tr_7180_1st_15131.csv,29.86993384361267,0.3247860705346004,0.8626702236150823,0.3750670945685408,0.9071927561069572,0.4184288680045665,0.976899526857779,0.8135593220338977,0.4865699935397414,0.8753348592474187,0.32099,0.86262,0.05407709456854082,0.0445727561069571
063_SMD_id_7_Facility_tr_5923_1st_6506.csv,24.6638765335083,0.1223149209501196,0.665724537701096,0.162910827598637,0.7820859151580155,0.1793482395576743,0.964196502914238,0.6614173228346452,0.2685997767707094,0.853120559893918,0.11203,0.66575,0.050880827598637005,0.11633591515801556
064_SMD_id_8_Facility_tr_2272_1st_2372.csv,22.246510982513428,0.3467053132558201,0.8161820281539076,0.4150241846376794,0.8940056269240325,0.4150897401720043,0.9239130434782608,0.7631027253668757,0.2809580597836714,0.8452897378328058,0.32796,0.81609,0.08706418463767945,0.07791562692403253
065_SMD_id_9_Facility_tr_737_1st_837.csv,24.67394042015076,0.2157560451184074,0.6483343554249885,0.2392632819523899,0.6967307540242993,0.2461537711288531,0.9904126719466444,0.7973421926910294,0.383721675451664,0.9269009510733902,0.21404,0.64829,0.025223281952389903,0.04844075402429926
066_SMD_id_10_Facility_tr_2634_1st_2734.csv,24.836033582687374,0.0724952193795401,0.5477435215144267,0.0667784364015665,0.5679742512678838,0.0943291905869894,0.991374936580416,0.7462686567164173,0.4459181399762617,0.9384654666601338,0.06249,0.54771,0.004288436401566502,0.02026425126788378
067_SMD_id_11_Facility_tr_1980_1st_2080.csv,23.630269289016724,0.0748983501997422,0.5263008628001671,0.0655837387785612,0.5306835097492134,0.1146685830378343,0.98989898989899,0.7777777777777772,0.4347709835437309,0.8564198938852684,0.06266,0.51491,0.0029237387785612107,0.015773509749213432
068_SMD_id_12_Facility_tr_1099_1st_1199.csv,30.084923267364506,0.2045046190783701,0.8145384126585838,0.1681951924237922,0.8316534488804224,0.3141548725071579,0.8775510204081632,0.6666666666666662,0.2541887551578194,0.861351868608619,0.16577,0.81431,0.0024251924237921885,0.017343448880422385
069_SMD_id_13_Facility_tr_5925_1st_12760.csv,24.679978847503666,0.1560127546741023,0.5605834159432174,0.1870866041908393,0.6338472252378645,0.2319418002526821,0.9956070989281322,0.7971014492753618,0.4584152968468379,0.9390088169489208,0.15211,0.56053,0.03497660419083931,0.07331722523786455
070_SMD_id_14_Facility_tr_1070_1st_1170.csv,29.92073082923889,0.2359431263334911,0.7761396109152666,0.2414961886235168,0.8903035169402485,0.3446197575257501,0.9599056603773584,0.7755681818181813,0.3338972698384768,0.8324272614132194,0.18124,0.77409,0.06025618862351678,0.1162135169402485
071_SMD_id_15_Facility_tr_1109_1st_1209.csv,30.05358862876892,0.1352703053361236,0.8479649928825752,0.1070948151823574,0.8585403135939328,0.2038171300268949,0.8998242530755711,0.5641025641025637,0.2015988889775301,0.8756940653797483,0.10557,0.84744,0.0015248151823574058,0.01110031359393282
072_SMD_id_16_Facility_tr_7119_1st_15849.csv,29.65685248374939,0.3420812023036773,0.8157931161959894,0.4007541390408448,0.8685869233738612,0.4023266797355736,1.0,0.9999999999999996,0.6425709061126947,0.9730671146841466,0.3348,0.81572,0.0659541390408448,0.05286692337386123
073_SMD_id_17_Facility_tr_5926_1st_10620.csv,24.85061001777649,0.1907217731049653,0.8297314242141829,0.1417269627412844,0.8822844546309034,0.3411716263663599,0.8658008658008658,0.626506024096385,0.3725040818387976,0.9259553462220096,0.13107,0.82957,0.010656962741284415,0.05271445463090341
074_SMD_id_18_Facility_tr_7174_1st_21230.csv,29.89613246917725,0.2001123750397429,0.7776218214143682,0.1551263372755192,0.8719555568185466,0.3188356890479233,0.9974811083123426,0.9565217391304344,0.4459293209504282,0.9853791759903746,0.14083,0.77744,0.014296337275519183,0.09451555681854662
075_SMD_id_19_Facility_tr_564_1st_664.csv,24.860652446746823,0.1953348046607752,0.7008073166879959,0.2377940409257372,0.8907723033759584,0.2547238911430038,0.9880382775119616,0.8904006046863183,0.5923931708882173,0.958064782619814,0.14201,0.69509,0.0957840409257372,0.19568230337595838
076_SMD_id_20_Facility_tr_5925_1st_17580.csv,24.68802118301392,0.9132871298697166,0.9918105925131296,0.846407026772859,0.9943466728347726,0.872269143379365,1.0,0.9999999999999996,0.3657192575406032,0.999803560984616,0.83893,0.99161,0.007477026772858997,0.0027366728347726355
077_SMD_id_21_Facility_tr_3026_1st_3126.csv,22.08192491531372,0.3133263727594879,0.7935100139745693,0.3781351046289777,0.8752380291675326,0.3811275198835732,0.7553956834532374,0.7523364485981303,0.3403776731492731,0.725317154511198,0.28755,0.79331,0.09058510462897773,0.08192802916753261
078_SMD_id_22_Facility_tr_500_1st_326.csv,24.829274892807007,0.5604877867644963,0.941946521103305,0.569826462239783,0.9328999649105484,0.6610119501878259,0.956043956043956,0.8022175118212941,0.4350134802338004,0.8342341544013182,0.52689,0.90375,0.04293646223978298,0.02914996491054833
079_LTDB_id_1_Medical_tr_3618_1st_3718.csv,18.377246618270878,0.228156800547498,0.6528982643499142,0.2914111663386476,0.743413145129081,0.3480113387166168,0.9037050623624358,0.4061543998560371,0.2744076416261272,0.7657539063934797,0.22779,0.65277,0.06362116633864762,0.090643145129081
080_LTDB_id_2_Medical_tr_500_1st_266.csv,20.052410364151,0.1473785426127733,0.5044894879054681,0.1952221980051187,0.6038595925376763,0.2587919335700499,0.9120173038997392,0.2783587789349819,0.1950164750490229,0.6867380474189817,0.14768,0.50264,0.04754219800511869,0.10121959253767632
081_LTDB_id_3_Medical_tr_500_1st_26.csv,18.38102650642395,0.3682267680469329,0.5529909642534095,0.4170463108802381,0.6145958837869191,0.4798953716949614,0.9686313254499984,0.6233713871861299,0.2944084860225004,0.819297191508805,0.36823,0.55089,0.04881631088023808,0.0637058837869191
082_LTDB_id_4_Medical_tr_4456_1st_4556.csv,18.58960509300232,0.1789532799523762,0.5480563431770695,0.2251045161883338,0.6338488629158464,0.2796100823242768,0.9144275201095328,0.2905982905982903,0.2180304327647013,0.7319492539932029,0.17804,0.54801,0.047064516188333794,0.08583886291584641
083_LTDB_id_5_Medical_tr_15502_1st_15602.csv,18.42276763916016,0.0069168023152394,0.6295304654843593,0.0070708888960258,0.6368746208658189,0.0167675587531734,0.2748517614230903,0.0152114390021295,0.0169672513800047,0.6920865075046303,0.00696,0.62953,0.00011088889602580039,0.007344620865818885
084_SVDB_id_1_Medical_tr_12973_1st_13073.csv,41.91929602622986,0.0191292922104713,0.5769436791198488,0.0255437063742866,0.6562863686844423,0.0435328961757938,0.6877414822620302,0.044123768558346,0.0470277024989393,0.6855885629333516,0.01914,0.5769,0.0064037063742866,0.07938636868444238
085_SVDB_id_2_Medical_tr_50000_1st_54982.csv,41.91587209701538,0.0532676649755755,0.5808460909863645,0.0594642367442001,0.6549943323221533,0.1006053522508585,0.9156587297282638,0.5403868031854374,0.1752357205364728,0.7584122165067156,0.04865,0.5808,0.010814236744200102,0.07419433232215333
086_SVDB_id_3_Medical_tr_533_1st_633.csv,42.182326316833496,0.073434465252768,0.5236505462320957,0.0981171000288713,0.6136705531372667,0.1359780314190078,0.7409785758936183,0.1490390654440395,0.151312510648872,0.6805978333989515,0.07367,0.5235,0.024447100028871308,0.09017055313726674
087_SVDB_id_4_Medical_tr_5421_1st_5521.csv,41.66412544250488,0.0689795007039128,0.5777386589142637,0.0865358146529082,0.6462018387382242,0.1275156040896562,0.7472332890659584,0.1659407477683382,0.1115577382616084,0.6904884201506071,0.0693,0.57765,0.017235814652908202,0.06855183873822424
088_SVDB_id_5_Medical_tr_500_1st_168.csv,42.20409178733826,0.1109292973952705,0.5436686190495416,0.1488766068291142,0.6373203556546033,0.1875869682120154,0.9179901395153676,0.2277185321842818,0.1842334030191588,0.6932840625306025,0.11054,0.54191,0.03833660682911419,0.09541035565460332
089_SVDB_id_6_Medical_tr_50000_1st_83083.csv,42.017298221588135,0.0211301749953343,0.6477001043747783,0.0233280642139991,0.6781629712436942,0.0475423232452083,0.8356760374832664,0.0444930707512763,0.0492233353530143,0.6868639415344833,0.02118,0.64769,0.002148064213999098,0.03047297124369419
090_SVDB_id_7_Medical_tr_12157_1st_12257.csv,9.526642084121704,0.0603408155102796,0.5620969656140844,0.0787957430141316,0.6474872246729764,0.1310069857423112,0.6194390715667312,0.1520304568527917,0.1424951474450659,0.7088135839324511,0.06067,0.56197,0.0181257430141316,0.0855172246729764
091_SVDB_id_8_Medical_tr_500_1st_126.csv,41.77537417411804,0.1601092991682171,0.7212818206448375,0.1791764134617689,0.7696448079200866,0.2588469766260157,0.9366425407799503,0.4923957573376727,0.2094452651373312,0.7357783992853307,0.15615,0.72066,0.023026413461768896,0.04898480792008664
092_SVDB_id_9_Medical_tr_2674_1st_2774.csv,41.90513372421265,0.0735472595143914,0.60047068833549,0.0824273613787661,0.6382463101880598,0.15111227757768,0.9196927957258536,0.1784624327859321,0.1567486315735873,0.7269891919318795,0.07355,0.60045,0.008877361378766102,0.037796310188059734
093_SVDB_id_10_Medical_tr_500_1st_37.csv,41.92675471305847,0.1263682962789187,0.6047045039017331,0.161701108503092,0.6983659353791274,0.1893717738047171,0.9401742284756384,0.7117941160991521,0.2443607641372728,0.8152643334293819,0.11626,0.60451,0.04544110850309199,0.0938559353791274
094_SVDB_id_11_Medical_tr_20100_1st_23611.csv,14.9040629863739,0.012802063855626,0.5478906665414752,0.0170498956029841,0.6305043426397029,0.0279823059188245,0.5991820040899796,0.0740740740740736,0.036193774110579,0.7544646505813578,0.01274,0.54776,0.0043098956029840995,0.08274434263970287
095_SVDB_id_12_Medical_tr_6264_1st_6364.csv,42.15599465370178,0.0343165158944702,0.525044103456258,0.0436786708329518,0.5943112093633356,0.0664289359878437,0.8027388733271086,0.0632650375115166,0.0617263476717469,0.6725723247186786,0.03433,0.52503,0.009348670832951801,0.0692812093633356
096_SVDB_id_13_Medical_tr_500_1st_444.csv,41.66645336151123,0.0376797818950026,0.543528058437152,0.0482664339443611,0.615606691946529,0.073213504717075,0.7902989283699944,0.0851063829787232,0.0733187746701385,0.6683958059776869,0.03758,0.54347,0.010686433944361098,0.07213669194652894
097_SVDB_id_14_Medical_tr_1031_1st_1131.csv,41.90304756164551,0.2664161445030648,0.6951803612241199,0.2941848335613575,0.7575485293385289,0.3793497755994665,0.9819602272727272,0.8046776498276871,0.2770908096391777,0.8626251219497891,0.25961,0.69516,0.03457483356135749,0.0623885293385289
098_SVDB_id_15_Medical_tr_500_1st_303.csv,41.855762004852295,0.0777715021503323,0.5497091624770525,0.0981129587860527,0.6359326310778202,0.1284567097503377,0.8629875443222111,0.324658947609767,0.1462608554852367,0.6866240973204858,0.07324,0.54609,0.024872958786052696,0.0898426310778202
099_SVDB_id_16_Medical_tr_1115_1st_1215.csv,41.71101260185242,0.1165227077076523,0.6558645141804276,0.1461872128620319,0.7389018900007575,0.2070409769836838,0.7442381746077361,0.3404190707561491,0.1840178954128608,0.7155157559767161,0.11001,0.65555,0.036177212862031904,0.08335189000075749
100_SVDB_id_17_Medical_tr_17803_1st_17903.csv,23.93006443977356,0.0345235560924482,0.5589575726622793,0.0439396727909821,0.6324916167100685,0.0729284451903176,0.5370673207958572,0.080129066953482,0.0841079450386294,0.6982896287365584,0.03467,0.55883,0.009269672790982099,0.07366161671006843
101_SVDB_id_18_Medical_tr_1851_1st_1951.csv,41.923317670822144,0.1002855800492628,0.5896191735965611,0.1221905197891244,0.661126319992126,0.1651239672143706,0.962248802386189,0.4096653420053919,0.2042570115890475,0.8619839238312277,0.09866,0.5896,0.023530519789124404,0.071526319992126
102_SVDB_id_19_Medical_tr_50000_1st_107354.csv,41.79774594306946,0.1015493550266087,0.6945485463501093,0.1029921348074821,0.7001166429419494,0.1960444303629621,0.9762395904958362,0.2222222222222217,0.167674897956884,0.6993955221618943,0.10162,0.69451,0.0013721348074820922,0.005606642941949458
103_SVDB_id_20_Medical_tr_12167_1st_12267.csv,41.876868724823,0.0311007800958905,0.5629236253964705,0.0383602465622456,0.634336893208935,0.0660188047084957,0.5142666666666666,0.0520059184104839,0.0606582534164887,0.6724809865445645,0.03068,0.56244,0.007680246562245599,0.071896893208935
104_SVDB_id_21_Medical_tr_50000_1st_106634.csv,42.127567529678345,0.0421548487458144,0.6640791269229345,0.0334748313140644,0.713804851061999,0.0650067485546385,0.9053676698727892,0.6796116504854364,0.2268949402846451,0.7948121196886357,0.02824,0.66391,0.005234831314064402,0.04989485106199898
105_SVDB_id_22_Medical_tr_500_1st_417.csv,27.396055221557617,0.1143921380557031,0.5841414316454611,0.1512619667736392,0.6710720478005905,0.18174375860851,0.9339647071880434,0.3143350604490497,0.1976098735553497,0.7377827683043175,0.11326,0.58399,0.038001966773639206,0.08708204780059048
106_SVDB_id_23_Medical_tr_37500_1st_121963.csv,27.431795597076416,0.0089374918674294,0.5777088370168106,0.0079752042075363,0.6031990449441673,0.0175340715552816,1.0,0.9999999999999996,0.3366141732283464,0.9984591184889527,0.00748,0.57774,0.0004952042075363006,0.025459044944167286
107_SVDB_id_24_Medical_tr_32805_1st_32905.csv,42.02946162223816,0.0321778060288273,0.5619185429818226,0.0454387780216889,0.6607413369336528,0.0707918774616875,0.5746819677964594,0.1012658227848097,0.0585738411292354,0.6771987770583162,0.03213,0.56166,0.013308778021688901,0.09908133693365273
108_SVDB_id_25_Medical_tr_1238_1st_1338.csv,42.17300987243652,0.0596720369231227,0.6346037943436094,0.0590380679513882,0.678704921007834,0.1153318037136415,0.9331453587593678,0.6883194278903451,0.2290346493839452,0.7770525049715952,0.05178,0.63452,0.007258067951388197,0.044184921007834
109_SVDB_id_26_Medical_tr_1038_1st_1138.csv,42.00332164764404,0.1020505794058564,0.5548930438297572,0.1456301763886043,0.6598953594151398,0.1770011870938688,0.8623046660366162,0.1975643558517381,0.1536873160323695,0.6980438038505614,0.10195,0.55484,0.04368017638860429,0.10505535941513977
110_SVDB_id_27_Medical_tr_30824_1st_30924.csv,41.709228515625,0.0466854914785427,0.5879716621838978,0.0546073029137473,0.6493397072421943,0.0883059137437643,0.9294089778514746,0.2153493699885449,0.1371467968302103,0.7338904665308,0.04613,0.58797,0.008477302913747306,0.06136970724219426
111_SVDB_id_28_Medical_tr_1791_1st_1891.csv,41.82886934280396,0.1167716193433869,0.5776005462346409,0.1510422020211253,0.659618463876102,0.1965209769075249,0.8192205940296827,0.2355719021023473,0.1302612527728535,0.6961618025297717,0.11706,0.57752,0.03398220202112531,0.08209846387610198
112_SVDB_id_29_Medical_tr_8226_1st_8326.csv,41.86813807487488,0.0109747417697758,0.5114346467927467,0.0142897623564145,0.589643260947287,0.0234173988614463,0.6678299492385786,0.0231213872832369,0.0206990115400395,0.6691749204371787,0.01098,0.51142,0.0033097623564144994,0.07822326094728704
113_SVDB_id_30_Medical_tr_4552_1st_4652.csv,42.00832390785217,0.0665815788059225,0.6155281926029346,0.0667697662778199,0.6220172235595681,0.1439574149047656,0.7898187032674383,0.3700097370983441,0.1212375225155719,0.7106492576632967,0.06521,0.61544,0.0015597662778198962,0.006577223559568135
114_SVDB_id_31_Medical_tr_25000_1st_63090.csv,18.365713834762573,0.0050292712673395,0.4939783520879455,0.0054897094684178,0.5233035221923993,0.0106776783830249,0.8946894689468947,0.0241935483870967,0.0230875576036866,0.8030649999688687,0.00501,0.49399,0.00047970946841780025,0.0293135221923993
115_PSM_id_1_Facility_tr_50000_1st_129872.csv,155.9715931415558,0.1213988303176094,0.5046595491126169,0.1340700423650358,0.5446090173402706,0.2015365975317303,0.8737846182203585,0.4126547455295731,0.2883929554730577,0.6942863482526572,0.11874,0.49217,0.01533004236503581,0.052439017340270566
116_TAO_id_1_Environment_tr_500_1st_3.csv,2.405285120010376,0.9705169894934976,0.9981158357018992,0.99441720410509,0.9996856649156212,0.9697551702641204,0.9697601668404588,0.9680139291490304,0.9678848283499446,0.9695334430751724,0.93823,0.9963,0.05618720410509004,0.0033856649156212004
117_TAO_id_2_Environment_tr_500_1st_1.csv,2.39583420753479,0.9636438161223836,0.9860323767751932,0.9885043239511384,0.9956496663794552,0.9686412602657184,0.9693613879660392,0.971990907113886,0.9713188601180792,0.9721163687878048,0.93212,0.97404,0.05638432395113846,0.02160966637945516
118_TAO_id_3_Environment_tr_500_1st_7.csv,2.410284280776977,0.9650083581523464,0.9888753550304016,0.970978191676638,0.9912510105984008,0.9770304923961568,0.977035490605428,0.9772354169476386,0.9771490750816104,0.978396694804756,0.92929,0.97838,0.041688191676638064,0.01287101059840079
119_TAO_id_4_Environment_tr_500_1st_1.csv,2.3962390422821045,0.9510975238228024,0.9723452505120092,0.9961563900187312,0.9976658226059476,0.9678774211720128,0.9689373297002724,0.9724071577150054,0.9718620496935032,0.9728533085534748,0.90992,0.94936,0.08623639001873129,0.048305822605947624
120_TAO_id_5_Environment_tr_500_1st_3.csv,2.4023213386535645,0.9800389821197713,0.9980073892070856,0.9991371105913192,0.99992064819996,0.971454346823343,0.9720129171151776,0.9710094738000696,0.9707783678474076,0.9712416618246664,0.95987,0.99605,0.039267110591319154,0.0038706481999599696
121_TAO_id_6_Environment_tr_500_1st_7.csv,2.5615909099578857,0.9818424557507988,0.9957652052889456,0.9962623352649944,0.999260805545603,0.9782716132322848,0.9782766111513396,0.9766614235521032,0.9767536634380688,0.9772541809805968,0.96292,0.99157,0.033342335264994416,0.0076908055456030855
122_TAO_id_7_Environment_tr_500_1st_19.csv,2.425921678543091,0.9675519370989204,0.9892413686697208,0.9909545017790264,0.997076021303602,0.976236903495764,0.9767943874797624,0.9749103942652324,0.9746653919694072,0.9748812334651376,0.93354,0.97816,0.057414501779026406,0.018916021303601926
123_TAO_id_8_Environment_tr_500_1st_62.csv,2.3948192596435547,0.9632369098724356,0.9685313364549668,0.9924179660994112,0.9923449689034264,0.9790306416360326,0.979035639412998,0.9812981298129808,0.9812981298129811,0.9816641137600072,0.92938,0.94177,0.06303796609941126,0.05057496890342639
124_TAO_id_9_Environment_tr_500_1st_1.csv,2.41939377784729,0.9406876951472368,0.9789643073058104,0.9920705671719272,0.9972192498057388,0.9625618504419978,0.9635974304068522,0.9661168977107232,0.9655963156856884,0.9670912619012172,0.88773,0.96073,0.10434056717192719,0.036489249805738866
125_TAO_id_10_Environment_tr_500_1st_9.csv,2.575666666030884,0.9767527401359096,0.9972200336949292,0.9992055965968863,0.999917918437598,0.9705511654411284,0.9710856519367158,0.9717717717717712,0.9712774906862156,0.971944287487165,0.95507,0.99483,0.04413559659688637,0.005087918437598038
126_TAO_id_11_Environment_tr_500_1st_7.csv,2.3970484733581543,0.9715345918356396,0.9920963692339348,0.9988346600827936,0.9997048798208618,0.9765907467492086,0.9771154869611496,0.976112756519358,0.9760093622001172,0.976941135051221,0.9428,0.98429,0.056034660082793675,0.01541487982086176
127_TAO_id_12_Environment_tr_500_1st_24.csv,2.3862392902374268,0.959596518416856,0.994614688690131,0.9948764687354622,0.9994357027103858,0.9691767263473722,0.970276008492569,0.9695603156708,0.969095420708324,0.969544401544401,0.91801,0.98946,0.07686646873546221,0.009975702710385836
128_TAO_id_13_Environment_tr_500_1st_7.csv,2.3881609439849854,0.9818424557507988,0.9957652052889456,0.9962623352649944,0.999260805545603,0.9782716132322848,0.9782766111513396,0.9766614235521032,0.9767536634380688,0.9772541809805968,0.96292,0.99157,0.033342335264994416,0.0076908055456030855
129_OPPORTUNITY_id_1_HumanActivity_tr_1801_1st_1901.csv,152.95199251174927,0.0192596959196409,0.2986120191541079,0.020736964344681,0.322079542439193,0.0567755724660202,0.8857493857493858,0.0567426120489512,0.0676046078731905,0.673564088812784,0.01933,0.29855,0.0014069643446809992,0.02352954243919303
130_OPPORTUNITY_id_2_HumanActivity_tr_1045_1st_1145.csv,29.91201901435852,0.0535398186709551,0.2066267548137974,0.0560204859054557,0.2295002836303052,0.166576345467776,0.6871794871794872,0.1662817551963046,0.1628554977398325,0.8129458908875613,0.05391,0.20643,0.0021104859054556988,0.023070283630305194
131_OPPORTUNITY_id_3_HumanActivity_tr_7016_1st_26691.csv,174.57838416099548,0.0070144123381455,0.2408673007840155,0.0073900622612667,0.2618885504465812,0.023255584101785,0.0232435287902799,0.0232435287902799,0.0399177452522075,0.9138281190854574,0.00705,0.24084,0.00034006226126670046,0.021048550446581216
132_OPPORTUNITY_id_4_HumanActivity_tr_895_1st_995.csv,56.14882206916809,0.0314794858966566,0.3254191688315693,0.0356242731025487,0.3709506484290868,0.0943387178635088,0.8179271708683473,0.0897540983606556,0.107116654438738,0.6767967989993602,0.03157,0.32507,0.004054273102548696,0.04588064842908679
133_OPPORTUNITY_id_5_HumanActivity_tr_1745_1st_6500.csv,41.343295097351074,0.2212820981096203,0.6819746794871795,0.2648495407126575,0.7172292929001659,0.3762943763874226,1.0,0.6666666666666662,0.3356449375866852,0.9645451596797514,0.21902,0.6817,0.04582954071265749,0.03552929290016593
134_OPPORTUNITY_id_6_HumanActivity_tr_1477_1st_1577.csv,101.43174123764038,0.0165170447558094,0.4128138509273462,0.0207732959630764,0.4847185852145728,0.0437604133004413,0.6561922365988909,0.0420890390657418,0.0269582716330637,0.7594214712882057,0.01655,0.41272,0.004223295963076402,0.07199858521457281
135_OPPORTUNITY_id_7_HumanActivity_tr_2085_1st_2185.csv,134.27961587905884,0.0223435392821452,0.2337256379114504,0.0270397084895968,0.3104070517136413,0.072639385238781,0.5517547756552643,0.0726368600985658,0.0835287712712254,0.6674963037696567,0.02248,0.23353,0.0045597084895968,0.07687705171364131
136_OPPORTUNITY_id_8_HumanActivity_tr_1495_1st_1595.csv,167.4166419506073,0.013408214551589,0.2133522927421803,0.0141760122154283,0.237359896285103,0.0453009017958469,0.6186770428015564,0.045301344543906,0.0638508932420805,0.7193923510247268,0.0135,0.21316,0.0006760122154283003,0.024199896285103023
137_CreditCard_id_1_Finance_tr_500_1st_541.csv,232.4708745479584,0.1227800845859553,0.9519307138009212,0.1163656880696081,0.9741474575822548,0.2413303912795223,0.2574772431729519,0.2414266117969817,0.2390568829272209,0.6687914964764312,0.0653,0.91098,0.05106568806960811,0.06316745758225484
138_CATSv2_id_1_Sensor_tr_16568_1st_16668.csv,52.68437314033508,0.0685590959740526,0.6845393341836734,0.056685749101925,0.7056985611415181,0.1350414388318143,0.8079175924055746,0.7999999999999995,0.2375518943053343,0.7985103955234331,0.05296,0.68457,0.0037257491019249966,0.021128561141518065
139_CATSv2_id_2_Sensor_tr_5592_1st_5692.csv,102.03581762313844,0.0423671464092023,0.5622121658463617,0.0431269585562177,0.5893320236063003,0.0775141651410028,0.9386174016686532,0.5714285714285711,0.1489708277802458,0.7212103037825828,0.03957,0.56224,0.003556958556217696,0.027092023606300364
140_CATSv2_id_3_Sensor_tr_28307_1st_28407.csv,209.62353229522705,0.0920852965171834,0.5914955749807987,0.095695126340389,0.6076270784772897,0.1615657313277908,0.9523809523809524,0.333333333333333,0.1062377919340252,0.6731384812381584,0.09136,0.59148,0.004335126340389003,0.01614707847728969
141_CATSv2_id_4_Sensor_tr_41727_1st_41827.csv,101.97641563415527,0.064294965233772,0.6411881360413735,0.0604793902135566,0.6618960723638694,0.1326792435179982,0.8598076362576508,0.3076923076923074,0.0712410411651897,0.6795313589215606,0.05692,0.64115,0.0035593902135565986,0.020746072363869383
142_CATSv2_id_5_Sensor_tr_30704_1st_30804.csv,183.0944402217865,0.0956135449523287,0.6108297400655941,0.0975362853271246,0.6457422048097218,0.1579678229867062,0.910010111223458,0.4668008048289734,0.1163029214936855,0.6905716288388634,0.0893,0.61081,0.008236285327124601,0.03493220480972181
143_CATSv2_id_6_Sensor_tr_50000_1st_60232.csv,104.8980062007904,0.0390525628147576,0.61362159375,0.0396058238335281,0.6590451611555753,0.0857784651946698,0.8088978766430738,0.2499999999999997,0.0563782525914956,0.6856457209999844,0.03416,0.61363,0.005445823833528096,0.04541516115557531
144_SMAP_id_1_Sensor_tr_2052_1st_5300.csv,6.060963869094849,0.3120960728426996,0.8316648937883985,0.3144457075847121,0.8353057516077813,0.5348929473468089,1.0,0.9999999999999996,0.3343239227340267,0.9497627268151518,0.31137,0.83169,0.003075707584712095,0.00361575160778127
145_SMAP_id_2_Sensor_tr_2133_1st_5400.csv,6.252017974853516,0.0963581773736517,0.622263845138937,0.0980564324746111,0.6348601181795122,0.1832044158050029,1.0,0.9999999999999996,0.3368926855312333,0.9797066575733958,0.09381,0.62225,0.004246432474611095,0.012610118179512186
146_SMAP_id_3_Sensor_tr_2128_1st_5000.csv,6.2323925495147705,0.0550776305856927,0.6617321171902227,0.0592416719824262,0.7025063816046239,0.1006207703073692,0.9053803339517624,0.6666666666666662,0.1872213967310549,0.8478802811747199,0.04998,0.66132,0.009261671982426202,0.041186381604623845
147_SMAP_id_4_Sensor_tr_2160_1st_6449.csv,6.32677149772644,0.0170160710570097,0.5552954552730455,0.0214473680935958,0.6245440663050023,0.0385804557091278,0.7908496732026143,0.0407239819004524,0.0478011472275334,0.7657986067379245,0.017,0.55537,0.004447368093595798,0.06917406630500222
148_SMAP_id_5_Sensor_tr_2011_1st_5060.csv,5.90416955947876,0.0279680637183466,0.8048872691813744,0.0366581713217425,0.8560413835042127,0.0939936185920801,0.9861111111111112,0.4999999999999996,0.2586206896551724,0.6666554898392562,0.02603,0.80483,0.010628171321742496,0.051211383504212615
149_SMAP_id_6_Sensor_tr_2128_1st_5000.csv,6.414343595504761,0.0733876074138367,0.5333278385984359,0.0769002264091873,0.5660891540362886,0.1543786316598855,0.9542600896860988,0.6666666666666662,0.1843003412969283,0.8349736583013854,0.06982,0.53332,0.007080226409187304,0.03276915403628855
150_SMAP_id_7_Sensor_tr_2077_1st_5394.csv,6.120569229125977,0.0709408005087987,0.7095386873827926,0.0747930627372235,0.7485812478397192,0.131855743739211,1.0,0.9999999999999996,0.3412042502951594,0.9876922616729076,0.06502,0.70936,0.009773062737223503,0.03922124783971925
151_SMAP_id_8_Sensor_tr_1971_1st_4870.csv,6.199388027191162,0.0214540990571807,0.5851279106010192,0.027745143703702,0.7054541020789348,0.0681768501812297,0.9700598802395208,0.2857142857142854,0.2281879194630872,0.8366945664765486,0.01944,0.585,0.008305143703702,0.12045410207893481
152_SMAP_id_9_Sensor_tr_2073_1st_5600.csv,6.096307992935181,0.0742284315378918,0.6903232209329541,0.0696881483863624,0.710000195905626,0.1365965854044519,1.0,0.9999999999999996,0.3367875647668394,0.98367223185738,0.06523,0.6901,0.004458148386362409,0.019900195905625973
153_SMAP_id_10_Sensor_tr_1840_1st_4030.csv,5.408111572265625,0.050041760645067,0.700303212048514,0.0471319173964882,0.8046428317141603,0.090907820265694,1.0,0.9999999999999996,0.36,0.9984036904287794,0.0353,0.70005,0.0118319173964882,0.10459283171416034
154_SMAP_id_11_Sensor_tr_2117_1st_4770.csv,6.364079475402832,0.0155494368403719,0.5401372922499377,0.0172175567348582,0.5816884135222423,0.035050749373941,0.360655737704918,0.0281755734078472,0.0287053870443019,0.8475371201018268,0.0155,0.5402,0.0017175567348582006,0.04148841352224231
155_SMAP_id_12_Sensor_tr_1907_1st_4800.csv,5.611150979995728,0.0227764018838967,0.6379678438618419,0.0221955097971715,0.6472342005475247,0.0933288455491316,0.8571428571428571,0.1904761904761903,0.158273381294964,0.8482564186370092,0.02186,0.6384,0.00033550979717150015,0.008834200547524707
156_SMAP_id_13_Sensor_tr_1173_1st_2750.csv,3.5060839653015137,0.7011906108554565,0.9150784398205642,0.7794034672737388,0.9862409973813352,0.7857095153350855,1.0,0.9999999999999996,0.3860759493670886,0.999614421271406,0.67039,0.91513,0.10901346727373873,0.0711109973813352
157_SMAP_id_14_Sensor_tr_2126_1st_5000.csv,6.232925415039063,0.0603769392171595,0.6532487060357672,0.0617146958609563,0.6900847625452974,0.1075241279722733,0.9139966273187184,0.6666666666666662,0.1866845098695216,0.8548239168147542,0.05401,0.65312,0.007704695860956297,0.03696476254529735
158_SMAP_id_15_Sensor_tr_2075_1st_5610.csv,6.1183249950408936,0.1133952907071827,0.8676956595343771,0.0718800991169214,0.9032937553243656,0.159997888027878,1.0,0.9999999999999996,0.35,0.9979604342537288,0.06612,0.86746,0.005760099116921408,0.03583375532436561
159_SMAP_id_16_Sensor_tr_1757_1st_2650.csv,5.163902282714844,0.2508772395805744,0.7826057922192027,0.2531942332016612,0.8055348325062996,0.495304568689171,0.978102189781022,0.6886227544910175,0.3147922472952005,0.8532770166769946,0.24834,0.78165,0.004854233201661173,0.02388483250629969
160_SMAP_id_17_Sensor_tr_1832_1st_5300.csv,5.575960397720337,0.0468382028788016,0.3586432216537639,0.0525744131220771,0.3973655498808525,0.1157911034929639,0.9781659388646288,0.1151967086654665,0.1253466444814198,0.7072058024234191,0.04703,0.35866,0.0055444131220770965,0.03870554988085251
161_SMAP_id_18_Sensor_tr_2075_1st_5550.csv,6.085577011108398,0.0828462582424375,0.7069463211457929,0.0779038898699531,0.7211647634865815,0.1507305141400123,1.0,0.9999999999999996,0.3364928909952606,0.9864057944573926,0.07414,0.70667,0.003763889869953102,0.014494763486581519
162_SMAP_id_19_Sensor_tr_1908_1st_4690.csv,5.596850633621216,0.2724478767639484,0.5456285463287938,0.1093397372899223,0.789474924875856,0.4102531492698391,1.0,0.9999999999999996,0.4951456310679611,0.9992470835060524,0.10041,0.54519,0.008929737289922302,0.24428492487585607
163_SMAP_id_20_Sensor_tr_2051_1st_4575.csv,6.03081202507019,0.0210540958771065,0.4883556124097741,0.0248123327656503,0.5424619390012902,0.0462338442338188,0.4655819774718398,0.0443384982121572,0.0286828531890803,0.8248297143647502,0.0211,0.48833,0.003712332765650299,0.054131939001290263
164_SMAP_id_21_Sensor_tr_1976_1st_4200.csv,5.803907632827759,0.0397859674635377,0.6674004632402859,0.0420777231888338,0.7782791991134619,0.0714269451900871,1.0,0.9999999999999996,0.3548387096774193,0.998027147837192,0.03333,0.66749,0.008747723188833802,0.11078919911346186
165_SMAP_id_22_Sensor_tr_2129_1st_5000.csv,6.397643804550171,0.0663085347443032,0.5465034473400615,0.0720066082510049,0.5896989211513549,0.1397973304799671,0.9685279187817258,0.6666666666666662,0.1845861084681256,0.837771169295066,0.06227,0.54633,0.009736608251004898,0.04336892115135493
166_SMAP_id_23_Sensor_tr_1113_1st_1890.csv,3.3753395080566406,0.7530720542856154,0.8872642239568361,0.7434274200379891,0.8968512072584583,0.7594886781292803,1.0,0.9999999999999996,0.4157650695517774,0.9997534624824678,0.7211,0.88734,0.022327420037989154,0.009511207258458332
167_SMAP_id_24_Sensor_tr_2094_1st_5600.csv,6.152705907821655,0.149818911618207,0.904510805156042,0.0825108926814959,0.935020499840736,0.2264115913678316,1.0,0.9999999999999996,0.3623445825932504,0.9994048863420318,0.07429,0.90437,0.008220892681495909,0.03065049984073598
168_SMAP_id_25_Sensor_tr_1998_1st_2098.csv,6.285611867904663,0.1047951508980032,0.583158324054173,0.0744112421405697,0.6935279478633858,0.1414128272747364,1.0,0.9999999999999996,0.3807224261155109,0.9944068776547996,0.06253,0.58316,0.011881242140569695,0.11036794786338577
169_SMAP_id_26_Sensor_tr_1811_1st_4510.csv,5.355381965637207,0.1367474898972408,0.6010129213396,0.0797818396622458,0.6940488477136123,0.2244869283998107,1.0,0.9999999999999996,0.3864541832669322,0.997278575597068,0.06961,0.59672,0.010171839662245788,0.09732884771361228
170_SMAP_id_27_Sensor_tr_2160_1st_4690.csv,6.3270652294158936,0.0253015384147908,0.6935400694468319,0.0343531307005782,0.792944378182525,0.0537584783168134,0.9883720930232558,0.4999999999999996,0.2572254335260115,0.8421145020609396,0.0187,0.69357,0.0156531307005782,0.09937437818252493
171_SWaT_id_1_Sensor_tr_3749_1st_9522.csv,25.80460548400879,0.1315949933617128,0.4902148049412761,0.1547726384575848,0.5527540176235782,0.2339064204541695,0.2339084859548907,0.2499999999999996,0.066358024691358,0.7162940022506519,0.13112,0.49009,0.023652638457584807,0.0626640176235782
172_SWaT_id_2_Sensor_tr_23700_1st_23800.csv,544.6534533500671,0.0835271009832676,0.2579838624222925,0.0886540306146042,0.2758933154671681,0.2227263742201451,0.9065512577765756,0.2227248991745084,0.06941361402742,0.6902716282505987,0.08425,0.25771,0.00440403061460419,0.018183315467168115
173_GECCO_id_1_Sensor_tr_16165_1st_16265.csv,46.53196287155152,0.2752399973755645,0.859400223211251,0.2934421555781413,0.9191755120750196,0.3783929863095336,0.5994486018117369,0.2403714832013107,0.0668397518001301,0.6687099871053227,0.21943,0.85751,0.07401215557814131,0.06166551207501958
174_Exathlon_id_1_Facility_tr_10766_1st_12590.csv,23.51856803894043,0.7396605873277114,0.9772796759088652,0.7470883851936004,0.977988370858282,0.8372671472570731,0.990977854734348,0.8975744975744971,0.3144865400545941,0.9486447851690568,0.74555,0.97728,0.001538385193600389,0.0007083708582820147
175_Exathlon_id_2_Facility_tr_10684_1st_10784.csv,14.919196605682371,0.0565734492549626,0.1947023030344229,0.0579350920287613,0.196768504661999,0.1501482851300693,0.9929208180388044,0.3416856492027332,0.1950903596194113,0.7347322526272042,0.05755,0.19469,0.00038509202876130244,0.002078504661998992
176_Exathlon_id_3_Facility_tr_10766_1st_12590.csv,37.29593563079834,0.8019117194372019,0.9824713292203336,0.8035055090331769,0.9832489557392646,0.8592988460855889,1.0,0.9999999999999996,0.3343047536367891,0.9584722128327527,0.79932,0.98246,0.004185509033176826,0.0007889557392646296
177_Exathlon_id_4_Facility_tr_11665_1st_13484.csv,25.661845207214355,0.8847559801827098,0.9917505794109078,0.8856751005380625,0.9921748625815592,0.8590191438395737,0.9991469032588296,0.9724770642201828,0.3303077196481457,0.985981683827029,0.88431,0.99173,0.0013651005380624914,0.00044486258155918
178_Exathlon_id_5_Facility_tr_12538_1st_12638.csv,73.4267828464508,0.8249250520771922,0.982972262128287,0.8337269128328318,0.9841347886967434,0.8380853889800016,0.9971518791406104,0.9298361522198726,0.3214698763216378,0.9624800306703474,0.82775,0.98296,0.00597691283283186,0.0011747886967434784
179_Exathlon_id_6_Facility_tr_11665_1st_13484.csv,40.50894355773926,0.4840379599877776,0.953722533117763,0.4795736081709906,0.9562975633248872,0.6052656959621953,1.0,0.9999999999999996,0.3344723910991498,0.9903172362235012,0.47526,0.9537,0.004313608170990579,0.002597563324887253
180_Exathlon_id_7_Facility_tr_10766_1st_12590.csv,37.2249927520752,0.8019117194372019,0.9824713292203336,0.8035055090331769,0.9832489557392646,0.8592988460855889,1.0,0.9999999999999996,0.3343047536367891,0.9584722128327527,0.79932,0.98246,0.004185509033176826,0.0007889557392646296
181_Exathlon_id_8_Facility_tr_11663_1st_13482.csv,19.186150789260864,0.8354169819267769,0.9881200236222092,0.8401024456539219,0.9885738177382648,0.8427643862805934,0.9988141622903608,0.945618288881191,0.3274483188175071,0.9739045204540732,0.83868,0.9881,0.001422445653921911,0.00047381773826482565
182_Exathlon_id_9_Facility_tr_10766_1st_12590.csv,37.37793755531311,0.8019117194372019,0.9824713292203336,0.8035055090331769,0.9832489557392646,0.8592988460855889,1.0,0.9999999999999996,0.3343047536367891,0.9584722128327527,0.79932,0.98246,0.004185509033176826,0.0007889557392646296
183_Exathlon_id_10_Facility_tr_11665_1st_13484.csv,25.435162782669067,0.8847559801827098,0.9917505794109078,0.8856751005380625,0.9921748625815592,0.8590191438395737,0.9991469032588296,0.9724770642201828,0.3303077196481457,0.985981683827029,0.88431,0.99173,0.0013651005380624914,0.00044486258155918
184_Exathlon_id_11_Facility_tr_11665_1st_13484.csv,25.63236379623413,0.8847559801827098,0.9917505794109078,0.8856751005380625,0.9921748625815592,0.8590191438395737,0.9991469032588296,0.9724770642201828,0.3303077196481457,0.985981683827029,0.88431,0.99173,0.0013651005380624914,0.00044486258155918
185_Exathlon_id_12_Facility_tr_11665_1st_13484.csv,25.586628198623657,0.8847559801827098,0.9917505794109078,0.8856751005380625,0.9921748625815592,0.8590191438395737,0.9991469032588296,0.9724770642201828,0.3303077196481457,0.985981683827029,0.88431,0.99173,0.0013651005380624914,0.00044486258155918
186_Exathlon_id_13_Facility_tr_10766_1st_12590.csv,37.42744493484497,0.8019117194372019,0.9824713292203336,0.8035055090331769,0.9832489557392646,0.8592988460855889,1.0,0.9999999999999996,0.3343047536367891,0.9584722128327527,0.79932,0.98246,0.004185509033176826,0.0007889557392646296
187_Exathlon_id_14_Facility_tr_6193_1st_6293.csv,23.333118438720703,0.7200447661511662,0.9239051536740116,0.7321059918874205,0.9336385163816854,0.6671545181142372,0.99974220159835,0.9805013927576596,0.3324149125596909,0.9869790819432512,0.71862,0.92387,0.013485991887420501,0.00976851638168541
188_Exathlon_id_15_Facility_tr_12538_1st_12638.csv,73.38775134086609,0.8249250520771922,0.982972262128287,0.8337269128328318,0.9841347886967434,0.8380853889800016,0.9971518791406104,0.9298361522198726,0.3214698763216378,0.9624800306703474,0.82775,0.98296,0.00597691283283186,0.0011747886967434784
189_Exathlon_id_16_Facility_tr_11663_1st_13482.csv,19.160656213760376,0.8354169819267769,0.9881200236222092,0.8401024456539219,0.9885738177382648,0.8427643862805934,0.9988141622903608,0.945618288881191,0.3274483188175071,0.9739045204540732,0.83868,0.9881,0.001422445653921911,0.00047381773826482565
190_Exathlon_id_17_Facility_tr_12538_1st_12638.csv,73.59716272354126,0.8249250520771922,0.982972262128287,0.8337269128328318,0.9841347886967434,0.8380853889800016,0.9971518791406104,0.9298361522198726,0.3214698763216378,0.9624800306703474,0.82775,0.98296,0.00597691283283186,0.0011747886967434784
191_Exathlon_id_18_Facility_tr_11665_1st_13484.csv,25.36882209777832,0.8847559801827098,0.9917505794109078,0.8856751005380625,0.9921748625815592,0.8590191438395737,0.9991469032588296,0.9724770642201828,0.3303077196481457,0.985981683827029,0.88431,0.99173,0.0013651005380624914,0.00044486258155918
192_Exathlon_id_19_Facility_tr_11665_1st_13484.csv,25.456902742385864,0.8847559801827098,0.9917505794109078,0.8856751005380625,0.9921748625815592,0.8590191438395737,0.9991469032588296,0.9724770642201828,0.3303077196481457,0.985981683827029,0.88431,0.99173,0.0013651005380624914,0.00044486258155918
193_Exathlon_id_20_Facility_tr_8898_1st_8998.csv,13.718236684799194,0.0707121652632828,0.1897565767421839,0.0678910042039201,0.1922851683906651,0.1539725801189405,0.4,0.3333333333333328,0.0912487157934062,0.6699898665037988,0.06678,0.18976,0.001111004203920088,0.002525168390665078
194_Exathlon_id_21_Facility_tr_6985_1st_7085.csv,19.067630767822266,0.7183588714942124,0.9396487748651854,0.730257205889346,0.9495593631000288,0.6833061636407699,1.0,0.9999999999999996,0.3362333154055929,0.9823632849645396,0.71401,0.9396,0.016247205889345917,0.009959363100028762
195_Exathlon_id_22_Facility_tr_10766_1st_12590.csv,37.35111212730408,0.8019117194372019,0.9824713292203336,0.8035055090331769,0.9832489557392646,0.8592988460855889,1.0,0.9999999999999996,0.3343047536367891,0.9584722128327527,0.79932,0.98246,0.004185509033176826,0.0007889557392646296
196_Exathlon_id_23_Facility_tr_11665_1st_13484.csv,25.589725255966187,0.8847559801827098,0.9917505794109078,0.8856751005380625,0.9921748625815592,0.8590191438395737,0.9991469032588296,0.9724770642201828,0.3303077196481457,0.985981683827029,0.88431,0.99173,0.0013651005380624914,0.00044486258155918
197_Exathlon_id_24_Facility_tr_10766_1st_12590.csv,37.25636529922485,0.8019117194372019,0.9824713292203336,0.8035055090331769,0.9832489557392646,0.8592988460855889,1.0,0.9999999999999996,0.3343047536367891,0.9584722128327527,0.79932,0.98246,0.004185509033176826,0.0007889557392646296
198_Exathlon_id_25_Facility_tr_12538_1st_12638.csv,73.40579414367676,0.8249250520771922,0.982972262128287,0.8337269128328318,0.9841347886967434,0.8380853889800016,0.9971518791406104,0.9298361522198726,0.3214698763216378,0.9624800306703474,0.82775,0.98296,0.00597691283283186,0.0011747886967434784
199_Exathlon_id_26_Facility_tr_12538_1st_12638.csv,73.33420968055725,0.8249250520771922,0.982972262128287,0.8337269128328318,0.9841347886967434,0.8380853889800016,0.9971518791406104,0.9298361522198726,0.3214698763216378,0.9624800306703474,0.82775,0.98296,0.00597691283283186,0.0011747886967434784
200_Exathlon_id_27_Facility_tr_10766_1st_12590.csv,37.38776469230652,0.8019117194372019,0.9824713292203336,0.8035055090331769,0.9832489557392646,0.8592988460855889,1.0,0.9999999999999996,0.3343047536367891,0.9584722128327527,0.79932,0.98246,0.004185509033176826,0.0007889557392646296
