Dataset,IForest,LOF,PCA,HBOS,OCSVM,MCD,KNN,KMeansAD,COPOD,CBLOF,EIF,RobustPCA,AutoEncoder,CNN,LSTMAD,TranAD,AnomalyTransformer,OmniAnomaly,USAD,Donut,TimesNet,FITS,OFA,TSPulseZS,TSPulse2,TSPulse2_dimensionality_reduction_ablated,TSPulse2_llm_selection_ablated_ensemble,TSPulse2_llm_selection_ablated_fft,TSPulse2_llm_selection_ablated_forecast,TSPulse2_llm_selection_ablated_time,TSPulse2Triangulation,TSPulseZS_ensemble,TSPulseZS_fft,TSPulseZS_forecast,TSPulseZS_time,TSPulseFT,Oracle
CATSv2,0.05497261877596554,0.054349666073491266,0.11752168596285575,0.048086080711299724,0.08049922391862478,0.13245584884287892,0.07147679466589921,0.1165339045136676,0.04838038798945103,0.05945448931054328,0.06056110517763393,0.04240201454284994,0.06337240300429751,0.08197428409608346,0.04149417953393768,0.0415598768262721,0.03458153701885896,0.041012022506664296,0.04100937230940522,0.06996000018203843,0.06823339651007984,0.12645552054639625,0.13000119631210744,0.05458308765757168,0.05098682480884226,0.04464414913218874,0.05903167824066774,0.05353034730369368,0.03948052657864062,0.068538937815182,0.068538937815182,0.14201297142979885,0.10576408470177216,0.05458308765757168,0.10612576664625326,0.07,0.06965580240635827
CreditCard,0.0263705360476127,0.0246677035683037,0.102513904913074,0.0366912916554989,0.0238859331370388,0.0603766425610533,0.0240210012419432,0.020047170464826,0.0472027821964765,0.0319491075958145,0.0244872047459067,0.0219009273904935,0.0284614997898077,0.0220418316022392,0.0218842578275866,0.0217280714538917,0.0199365758464083,0.0207591939718353,0.0207581394662459,0.0234239908993937,0.0202144028222915,0.0201678927217992,0.0189421091144646,0.0042314134128307,0.0583028291907299,0.0146510339535006,0.0358112113474456,0.0069380399156172,0.2052961351163489,0.006870883131988,0.006870883131988,0.0042083566182391,0.0042083566182391,0.0653011197079235,0.0042314134128307,0.0,0.2052961351163489
Daphnet,0.1325529073738035,0.1138642044207171,0.1301094857779226,0.1474174749419058,0.0638367501230461,0.1353769685727197,0.2463156926982802,0.2971852100790326,0.1138950638048,0.0960284987886096,0.1538844391397568,0.0621616449062154,0.1294645060913199,0.2084853862238509,0.3106877683707612,0.3109493795168261,0.072422781983657,0.3404321188857824,0.3404924790834234,0.1738925644389667,0.2747788285440363,0.3340964190937119,0.3054994153752194,0.3544037205279834,0.3565241214773007,0.4109601479312338,0.3565241214773007,0.355752788170817,0.3285125541932717,0.3605206217943749,0.3605206217943749,0.3492513646856368,0.3495797910884103,0.3345557713226016,0.3544037205279834,0.35,0.3605206217943749
Exathlon,0.35204368284875576,0.1646296420520134,0.9488437901277105,0.3210551818937232,0.830301970017875,0.7959315709295821,0.33376021365828884,0.37231377016564254,0.4038000730716311,0.8570481520664306,0.4061869382586818,0.7664994319111428,0.9093321799752645,0.6811577843437903,0.8157671327581568,0.09565283822671215,0.10212334136433665,0.8386715559004141,0.8386634619998593,0.6604447602075052,0.4213173428968219,0.631081323709078,0.5764564468172775,0.8948715142052986,0.8619530875150078,0.9112974632650566,0.8584436437373139,0.8614899477555283,0.6997950030116329,0.8611809857732869,0.8611809857732869,0.8897035291480015,0.8948715142052986,0.7500901750415369,0.8962673489323859,0.91,0.8672855268979694
GECCO,0.0374456467842854,0.1299038433628233,0.201533447872178,0.0359987140064971,0.0382109169272361,0.0325545047774744,0.1095360745088552,0.0553990777335891,0.0367993733240345,0.0342733162763382,0.0410840326953285,0.0158936490429393,0.0494870116431745,0.0333674638000686,0.0192103732304205,0.0195306383906112,0.0219557179103958,0.0211393434032194,0.021138850975258,0.0347408687026317,0.0349972489874503,0.0325506133675805,0.0356652140804635,0.1773299407901468,0.1535097433065803,0.1235341838278397,0.1535097433065803,0.1524103554611286,0.2051072574885077,0.1543348594305889,0.1543348594305889,0.1749126109610111,0.1761543770322538,0.2194272743813591,0.1773299407901468,0.18,0.2051072574885077
GHL,0.04671733862526795,0.009591629383910436,0.012194927527364527,0.04174438960005856,0.03584003744080606,0.013676899074542151,0.007322619242012857,0.02995021601549072,0.032168103584149135,0.01864997300014301,0.02343812306586734,0.02625529597343925,0.04694133920616984,0.02403967392591458,0.061956285380018475,0.05576367164412618,0.027754539162012707,0.0650052810485162,0.06496858086304111,0.05053564490339649,0.007556445210047361,0.007199522846246214,0.0072429829753742955,0.007032134410434792,0.02194264276383896,0.007300417014432965,0.022267466420840373,0.022036502465140904,0.018555507741547052,0.0222824024055511,0.022036502465140904,0.006973357718581757,0.007032134410434792,0.007162398270914556,0.006983726504185048,0.01,0.024906088025313352
Genesis,0.0808798947062263,0.0795582690841015,0.0191862187111137,0.0769823525821735,0.0755064817203203,0.0588616430728093,0.0374581520327016,0.8909267796127135,0.0768136271840072,0.0243701574180411,0.0576369532257716,0.0049073190653246,0.0067991449688588,0.1008839318972666,0.0368911654653274,0.0363523856524792,0.0139559206957883,0.0034345968574615,0.0034345968574615,0.1771911988224531,0.0192888573223473,0.0963735066677776,0.2182861274575158,0.0098863829363306,0.0309392882725309,0.0174649685991414,0.0067127181025594,0.0069085272851481,0.0043398509403379,0.007344291882168,0.007344291882168,0.0099339099912006,0.0099372343846064,0.0075982115572001,0.0098863829363306,0.02,0.007344291882168
LTDB,0.20907331194392378,0.19140474714598227,0.24413031371336322,0.2087591443209176,0.19751922103917366,0.21371893632632719,0.19189991513348975,0.41412052265115196,0.21077698190168226,0.20179785264060648,0.1948229982343673,0.23056297742440207,0.20641011043992016,0.32818486903585115,0.3029314048314504,0.2584144626495151,0.21416114446685758,0.4438199324865762,0.4113155896007415,0.2559985741569257,0.2721934202877579,0.2283287842571568,0.285243125106659,0.3587630301194816,0.38528945135175025,0.3424302572277791,0.4235911265434943,0.4448547132358771,0.22664672085637338,0.43870200483835275,0.4235911265434943,0.32928545383972074,0.3682624317762964,0.18766500658553803,0.3587630301194816,0.57,0.4537351024457031
MITDB,0.03742470302889007,0.035368150118632966,0.0652591246365025,0.037423220591047246,0.03762938027467261,0.03655599214228288,0.035384300720963796,0.0631671753212682,0.03863265360194886,0.03871281683577415,0.03892395438643253,0.03838737747262549,0.037601164802237234,0.14047671102510498,0.0919587959866048,0.07293678867856118,0.05126057446205821,0.11461544585164146,0.1175244559534998,0.12040991067859043,0.06791145472209781,0.05341895719731733,0.057173241627074385,0.07272727580026916,0.09066138400537845,0.055796357137715025,0.08999952335567522,0.09049922683515335,0.04483986574343119,0.0844989559791006,0.08999952335567522,0.07272727580026916,0.07516380410142223,0.042409067506967234,0.07291945497136966,0.14,0.09175703040429953
MSL,0.21237678568152707,0.13550175612437984,0.14864471880958435,0.2303406797817844,0.21620603653721168,0.2285518146228429,0.18172095095051902,0.4353099899550464,0.21364975449955748,0.21464796792810437,0.1780373267074334,0.22343000604765995,0.2189544187537328,0.35224522318089097,0.21654423021666583,0.24230748754932083,0.11567540310364777,0.2163907333935586,0.225848754583502,0.30018716580289123,0.17202614246518905,0.17193524042351752,0.13765796431089444,0.2019668544343655,0.6272663863320572,0.11158005795109548,0.6272372440270095,0.6113763172224914,0.49740193358894075,0.6162757946154144,0.6162757946154144,0.19788862621841696,0.20223559430427687,0.08683275657246974,0.2019668544343655,0.21,0.6620038518373353
OPPORTUNITY,0.17899339805227266,0.09580442890527721,0.29941929046183186,0.1662877500742769,0.12051332389402346,0.16718839080163092,0.0638818118824739,0.06329269333193448,0.16590194628248248,0.14296165271476932,0.09619542414486912,0.12668464941291038,0.14419492951926835,0.15821631827323962,0.1651216892379366,0.16451943174044395,0.07227267096699884,0.17671263916146124,0.17670890576923917,0.15363605555623372,0.0554014356508335,0.05383080804413753,0.052266345565851115,0.06239159404916876,0.4804850141405631,0.07899342473591232,0.47956217275840796,0.4799207314425476,0.2879885278995383,0.46206123956081496,0.4799207314425476,0.06239159404916876,0.06198838819243168,0.053764622147556,0.060436163345891816,0.07,0.48169831378491373
PSM,0.1918205451234056,0.1503655440704415,0.1633488436830475,0.167320850530183,0.1908230165577119,0.25508609210854,0.1212331709849997,0.208219599218007,0.203777910605478,0.1938176726918422,0.1841942414809766,0.1195386777429186,0.280417886538396,0.2188989654440098,0.2357421089324338,0.232442560952473,0.2094825856190922,0.1600941260188115,0.1942466217138083,0.1951065832082167,0.140098115240622,0.1318991770818098,0.1652987255693916,0.1401163383793301,0.1405056912782685,0.1661967171838048,0.1383090276523972,0.1373110108155914,0.1177600624798341,0.140439358986216,0.140439358986216,0.1383872673314994,0.1383188888933527,0.1187372621769351,0.1401163383793301,0.14,0.140439358986216
SMAP,0.08858224248703289,0.08921031217492871,0.09304797002065868,0.09169043932223352,0.11629584318532186,0.10437683108593522,0.12104505909479074,0.38026653848224606,0.0991999257941985,0.13718951453070793,0.12880691291646143,0.07452378693722446,0.12871774201135122,0.19141717054062693,0.16293998879099156,0.08671638161417292,0.06252748756424555,0.12396501617550262,0.10756309337302714,0.18258671962987877,0.09397455882748015,0.07852449082900577,0.08464496503205435,0.304369073555467,0.47027729942926444,0.1740906060335105,0.600555263875507,0.6066991048421749,0.24991089314033932,0.6059417212478391,0.600555263875507,0.304369073555467,0.3082976570422116,0.12042364073164638,0.3212098656720699,0.32,0.619147814291617
SMD,0.26144253488597097,0.15964952193139723,0.36424074774181525,0.25107505196631397,0.28459150992585397,0.25982592377854613,0.2950878027054652,0.3579891974062326,0.1859523758488092,0.2231672127406467,0.3183249669777243,0.09665951875800519,0.300788168235272,0.35327767205916805,0.3250921359554634,0.30114505100221445,0.06746290832545207,0.17443079613705878,0.1604594199447372,0.19447654252446245,0.14181631790488883,0.17276210812454745,0.17415872172261498,0.35397701758095235,0.18580669861485194,0.333945221853852,0.19725215875065677,0.1917410434367806,0.09794551568255845,0.19118417961648612,0.19725215875065677,0.35397701758095235,0.33110941737933686,0.21840294260420592,0.34102859443475536,0.36,0.19884535848178692
SVDB,0.06733266525782546,0.0645503488897708,0.11238359570090783,0.0672185955058233,0.06497004200863372,0.06719014160482793,0.06459300965460746,0.20265266588671574,0.06957035668582323,0.06805144108844792,0.0672480695926441,0.08463689847319465,0.06499240785647849,0.1864875405749051,0.1548750374821701,0.11859922479900363,0.08238860760588343,0.3518775336759976,0.3218398761725581,0.10758675933878112,0.11125258355893644,0.10442487416486142,0.12127830298508756,0.38515613332024107,0.39564627102097044,0.34948264690245895,0.3532368593875577,0.42417891496144555,0.08478624553385936,0.4152310711770458,0.4152310711770458,0.27527684827530696,0.38515613332024107,0.07012504051872732,0.37905883735224427,0.47000000000000003,0.4266311717650872
SWaT,0.38524878148173547,0.14918586379260576,0.44903058014996444,0.30067454509382324,0.44394053811889866,0.5377145446360819,0.1147660455753096,0.15910793769457415,0.3100291346434268,0.2921361724517316,0.3227171883228872,0.12116838355526474,0.5754430352538868,0.4052651115255468,0.1563520385538954,0.1542001445856227,0.18068197947339076,0.1502984944372346,0.15023365072216344,0.4358332665701325,0.13573244369693066,0.14676693899359045,0.116605384970743,0.12775645516423426,0.1102001167194537,0.10067312363369291,0.10798904605588974,0.10378414629594335,0.10304262481115395,0.10532906849589745,0.10532906849589745,0.12612962964788926,0.12606414666079896,0.10768334615513131,0.12775645516423426,0.14,0.11194818978194679
TAO,0.9331854390080171,0.7908987926467291,0.9996273104065554,0.828003417691169,0.8095179364502525,0.9998149586904177,0.7797896375366823,0.8620350786526255,0.9853498339767014,0.9998119598315692,0.8902671731227764,0.9996469559795321,0.9968612205478121,0.9983422092208399,0.9909599359870103,0.8081467500199415,0.7704889902951038,0.813327565662663,0.8133208457843119,0.7496563055445891,0.7856638552913537,0.7805771139652051,0.7847997295271608,0.9326476111544082,0.9455645963295506,0.6186742623162839,0.8616940788550953,0.8319256083663903,0.9885002345019913,0.8319005309594086,0.9885002345019913,0.3685912038577443,0.10410618440446472,0.9326476111544082,0.10409901237458508,0.93,0.9885002345019913
