file,Dataset,Best_Algo,Best_Score,Oracle,TSPulse2,TSPulse2Triangulation,TSPulse2_llm_selection_ablated_ensemble,TSPulse2_llm_selection_ablated_fft,TSPulse2_llm_selection_ablated_forecast,TSPulse2_llm_selection_ablated_time,TSPulseFT,TSPulseZS
001_Genesis_id_1_Sensor_tr_4055_1st_15538,Genesis,TSPulse2,0.0309392882725309,0.007344291882168,0.0309392882725309,0.007344291882168,0.0067127181025594,0.0069085272851481,0.0043398509403379,0.007344291882168,0.02,0.0099339099912006
002_MSL_id_1_Sensor_tr_500_1st_900,MSL,TSPulse2,0.792273490738436,0.792273490738436,0.792273490738436,0.5811829122920101,0.6029848110307876,0.5762656607842552,0.792273490738436,0.5811829122920101,0.21,0.102336619749555
003_MSL_id_2_Sensor_tr_883_1st_1238,MSL,TSPulse2,0.933494813043684,0.933494813043684,0.933494813043684,0.9231988043494836,0.933494813043684,0.931741617842658,0.2396958194292074,0.9231988043494836,0.21,0.1169645678147904
005_MSL_id_4_Sensor_tr_855_1st_2700,MSL,TSPulseFT,0.21,0.1174996998035531,0.1174996998035531,0.1174996998035531,0.115686096265039,0.1133597038788502,0.092644205395925,0.1174996998035531,0.21,0.1196086228799149
006_MSL_id_5_Sensor_tr_1150_1st_1250,MSL,TSPulseFT,0.21,0.1344520271525273,0.1344520271525273,0.1077723494987902,0.1060048323505253,0.1101010380705249,0.1344520271525273,0.1077723494987902,0.21,0.0520146528029896
007_MSL_id_6_Sensor_tr_980_1st_3550,MSL,TSPulse2_llm_selection_ablated_time,0.9766562742619926,0.9766562742619926,0.975573280622735,0.9766562742619926,0.975573280622735,0.9734985936453204,0.4985742456243781,0.9766562742619926,0.21,0.0389597709490333
008_MSL_id_7_Sensor_tr_656_1st_1630,MSL,TSPulse2,0.8274354538558842,0.8274354538558842,0.8274354538558842,0.8230873762123426,0.8274354538558842,0.8185766627391745,0.7964306545910922,0.8230873762123426,0.21,0.0681141882306601
009_MSL_id_8_Sensor_tr_714_1st_1390,MSL,TSPulse2_llm_selection_ablated_forecast,0.7728054360936302,0.7728054360936302,0.5728959870869116,0.5728959870869116,0.6008432411654279,0.6244713057061663,0.7728054360936302,0.5728959870869116,0.21,0.0064224903846355
010_MSL_id_9_Sensor_tr_554_1st_1172,MSL,TSPulseFT,0.21,0.1110184048358639,0.0473386971882462,0.1110184048358639,0.1063803549569559,0.0817793309891825,0.0473386971882462,0.1110184048358639,0.21,0.0300715690661381
012_MSL_id_11_Sensor_tr_539_1st_940,MSL,TSPulse2_llm_selection_ablated_time,0.9316311766301192,0.9316311766301192,0.7059763675057851,0.9316311766301192,0.92440123632913,0.921066759613372,0.7059763675057851,0.9316311766301192,0.21,0.0669318756939082
013_MSL_id_12_Sensor_tr_554_1st_1200,MSL,TSPulse2_llm_selection_ablated_ensemble,0.7450173069891908,0.7450173069891908,0.5717390489084774,0.7321926436196924,0.7450173069891908,0.7373094208227818,0.5717390489084774,0.7321926436196924,0.21,0.0928278351825553
014_MSL_id_13_Sensor_tr_1525_1st_4575,MSL,TSPulse2,0.9993170666209396,0.9993170666209396,0.9993170666209396,0.9993170666209396,0.9901178455454904,0.9600920393025963,0.6925695173956078,0.9993170666209396,0.21,0.7280691586211954
015_MSL_id_14_Sensor_tr_575_1st_1250,MSL,TSPulseZS,0.5631000192294047,0.0941626379173894,0.0941626379173894,0.0778560807282502,0.0776559708519426,0.0771467918803263,0.0941626379173894,0.0778560807282502,0.21,0.5631000192294047
016_MSL_id_15_Sensor_tr_500_1st_780,MSL,TSPulse2_llm_selection_ablated_ensemble,0.9175762158010006,0.9175762158010006,0.610251000325984,0.817057598569785,0.9175762158010006,0.7777417336535206,0.610251000325984,0.817057598569785,0.21,0.4218414103715416
017_MSL_id_16_Sensor_tr_512_1st_1850,MSL,TSPulse2,0.9147139219784844,0.9147139219784844,0.9147139219784844,0.8564947501060675,0.8581499575703402,0.8561177821861502,0.9147139219784844,0.8564947501060675,0.21,0.4202731811047945
018_Daphnet_id_1_HumanActivity_tr_9693_1st_20732,Daphnet,TSPulse2_llm_selection_ablated_time,0.3605206217943749,0.3605206217943749,0.3571634849922147,0.3605206217943749,0.3565241214773007,0.355752788170817,0.3285125541932717,0.3605206217943749,0.35,0.3492513646856368
019_MITDB_id_1_Medical_tr_37500_1st_103211,MITDB,TSPulseZS,0.1841790977088077,0.1655071962369009,0.165469208705721,0.1655071962369009,0.1655071962369009,0.164923752811058,0.1453745530125559,0.160974986816243,0.14,0.1841790977088077
020_MITDB_id_2_Medical_tr_50000_1st_52315,MITDB,TSPulseFT,0.14,0.0050902366491891,0.0050902366491891,0.0050902366491891,0.0050902366491891,0.0045204212768932,0.0027431216317486,0.0050183718004082,0.14,0.0023229107093969
021_MITDB_id_3_Medical_tr_50000_1st_57595,MITDB,TSPulseFT,0.14,0.0185097582858147,0.0175917287733164,0.0185097582858147,0.0185097582858147,0.0182741630982451,0.0172132606447991,0.0175917287733164,0.14,0.021740337025349
022_MITDB_id_4_Medical_tr_50000_1st_54253,MITDB,TSPulseFT,0.14,0.079513195633361,0.0743955030224801,0.0749803580488563,0.0749803580488563,0.079513195633361,0.0505601448302413,0.0743955030224801,0.14,0.0572128379123196
024_MITDB_id_6_Medical_tr_50000_1st_58118,MITDB,TSPulseFT,0.14,0.0865412937630884,0.081309175487599,0.0865412937630884,0.0865412937630884,0.0827452914464947,0.0112513742957872,0.081309175487599,0.14,0.0639775596679278
025_MITDB_id_7_Medical_tr_37500_1st_88864,MITDB,TSPulseFT,0.14,0.067378469447288,0.067378469447288,0.067378469447288,0.067378469447288,0.0628148433258195,0.045330461734381,0.0475936276135927,0.14,0.0649538913696497
026_MITDB_id_8_Medical_tr_30495_1st_30595,MITDB,TSPulseZS,0.1968188995126605,0.1781340270829382,0.1859428418545554,0.1781340270829382,0.1781340270829382,0.177797065244463,0.0754852550413209,0.167727300436716,0.14,0.1968188995126605
027_MITDB_id_9_Medical_tr_25000_1st_52255,MITDB,TSPulseFT,0.14,0.008416783552809,0.0070424003638772,0.0081965332927632,0.0081965332927632,0.008416783552809,0.0068586637113666,0.0073706631715856,0.14,0.0066685660196297
029_MITDB_id_11_Medical_tr_50000_1st_518037,MITDB,TSPulse2_llm_selection_ablated_fft,0.3137708456058403,0.3137708456058403,0.3028924270031145,0.3028924270031145,0.3028924270031145,0.3137708456058403,0.0536304335419749,0.2843049482123392,0.14,0.1254326020786827
030_MITDB_id_12_Medical_tr_50000_1st_84572,MITDB,TSPulseFT,0.14,0.0613281446660328,0.0575846474942278,0.0576270735784417,0.0576270735784417,0.0575846474942278,0.0613281446660328,0.0593966707654054,0.14,0.0533047116981664
031_MITDB_id_13_Medical_tr_50000_1st_79433,MITDB,TSPulseFT,0.14,0.0251373835240325,0.0249039957901098,0.0251373835240325,0.0251373835240325,0.0251304856974753,0.0234631100675348,0.0238055396704211,0.14,0.0233886201003708
032_GHL_id_1_Sensor_tr_50000_1st_65001,GHL,TSPulse2_llm_selection_ablated_fft,0.018109989630804,0.018109989630804,0.0149579760988021,0.018109989630804,0.0149579760988021,0.018109989630804,0.0098727261706987,0.0150488696746715,0.01,0.0062233396590821
033_GHL_id_2_Sensor_tr_50000_1st_51001,GHL,TSPulse2_llm_selection_ablated_time,0.0132014516147879,0.0132014516147879,0.013138676350518,0.0120277219175498,0.013138676350518,0.0120277219175498,0.0098647557861421,0.0132014516147879,0.01,0.0063457809344548
034_GHL_id_3_Sensor_tr_50000_1st_122001,GHL,TSPulse2_llm_selection_ablated_fft,0.0205692941991979,0.0205692941991979,0.0127757737830755,0.0205692941991979,0.0127285652327701,0.0205692941991979,0.0102334641899457,0.0127757737830755,0.01,0.0064143692808461
035_GHL_id_4_Sensor_tr_50000_1st_90001,GHL,TSPulse2_llm_selection_ablated_fft,0.0206389027767661,0.0206389027767661,0.0161900842544736,0.0206389027767661,0.016122300355776,0.0206389027767661,0.0144916894500959,0.0161900842544736,0.01,0.0088987993488628
036_GHL_id_5_Sensor_tr_50000_1st_67147,GHL,TSPulse2_llm_selection_ablated_fft,0.0234253751713074,0.0234253751713074,0.0222876537048616,0.0234253751713074,0.0222876537048616,0.0234253751713074,0.012233046464239,0.0224417047819519,0.01,0.0075091207244596
037_GHL_id_6_Sensor_tr_50000_1st_80001,GHL,TSPulse2_llm_selection_ablated_forecast,0.0334717778987428,0.0334717778987428,0.0277459333210721,0.0306892332554614,0.0274493918533081,0.0306892332554614,0.0334717778987428,0.0277459333210721,0.01,0.0061777821235787
038_GHL_id_7_Sensor_tr_50000_1st_100001,GHL,TSPulse2,0.0150152749161648,0.0150152749161648,0.0150152749161648,0.0116368384206644,0.0149408073867523,0.0116368384206644,0.0090734830578823,0.0150152749161648,0.01,0.0055782031574028
039_GHL_id_8_Sensor_tr_50000_1st_63030,GHL,TSPulse2_llm_selection_ablated_time,0.0152369861120851,0.0152369861120851,0.0151498474122008,0.0096956810306576,0.0151498474122008,0.0096956810306576,0.0061424478663778,0.0152369861120851,0.01,0.0043425481035335
041_GHL_id_10_Sensor_tr_50000_1st_57001,GHL,TSPulse2,0.048046698015751,0.048046698015751,0.048046698015751,0.0473873791987586,0.0469562960785937,0.0473873791987586,0.0098767751118872,0.048046698015751,0.01,0.0058543706103627
042_GHL_id_11_Sensor_tr_50000_1st_150001,GHL,TSPulse2,0.0129039715256757,0.0129039715256757,0.0129039715256757,0.0128051727782937,0.0127635641341007,0.0128051727782937,0.0083258179902406,0.0129039715256757,0.01,0.0051115591442399
043_GHL_id_12_Sensor_tr_39938_1st_40038,GHL,TSPulse2_llm_selection_ablated_time,0.0292852384208749,0.0292852384208749,0.0288002190839443,0.0292511046330466,0.0288002190839443,0.0292511046330466,0.0142532682762483,0.0292852384208749,0.01,0.0037593510820663
044_GHL_id_13_Sensor_tr_50000_1st_145001,GHL,TSPulse2_llm_selection_ablated_time,0.0103457386067214,0.0103457386067214,0.0103351853015529,0.0103381905259611,0.0103351853015529,0.0103381905259611,0.0098168539202737,0.0103457386067214,0.01,0.0062338698424822
045_GHL_id_14_Sensor_tr_50000_1st_85076,GHL,TSPulse2_llm_selection_ablated_forecast,0.0307497772503115,0.0307497772503115,0.0117844937093262,0.0112247901458508,0.0117420408763103,0.0112247901458508,0.0307497772503115,0.0117844937093262,0.01,0.0062548713011558
046_GHL_id_15_Sensor_tr_50000_1st_156462,GHL,TSPulse2_llm_selection_ablated_forecast,0.030215107628638,0.030215107628638,0.0258744182851182,0.0238190222815089,0.0250862492373858,0.0238190222815089,0.030215107628638,0.0258744182851182,0.01,0.0045826580809243
047_GHL_id_16_Sensor_tr_50000_1st_77001,GHL,TSPulse2_llm_selection_ablated_time,0.0312855505324159,0.0312855505324159,0.021020014847301,0.021020014847301,0.0311512270865114,0.021020014847301,0.0145462255296372,0.0312855505324159,0.01,0.0085831118720502
048_GHL_id_17_Sensor_tr_50000_1st_154001,GHL,TSPulse2,0.0204081548365055,0.0204081548365055,0.0204081548365055,0.0203318557220218,0.0203341429291773,0.0203318557220218,0.0191874803475155,0.0204081548365055,0.01,0.011584309843476
050_GHL_id_19_Sensor_tr_43750_1st_55001,GHL,TSPulse2_llm_selection_ablated_fft,0.02145517733228,0.02145517733228,0.0204460385026624,0.02145517733228,0.0204460385026624,0.02145517733228,0.0155146480770552,0.0153527407475157,0.01,0.0055519745599024
051_GHL_id_20_Sensor_tr_50000_1st_75110,GHL,TSPulseFT,0.01,0.0074508757950878,0.0074253082361428,0.0066039085383715,0.0074253082361428,0.0066039085383715,0.0062634871727755,0.0074508757950878,0.01,0.0043460545793108
052_GHL_id_21_Sensor_tr_50000_1st_98001,GHL,TSPulseFT,0.01,0.0061207575126691,0.0061207575126691,0.0058344348295775,0.0061076907474731,0.0058344348295775,0.0051546252907509,0.0061207575126691,0.01,0.0041686899410294
053_GHL_id_22_Sensor_tr_50000_1st_126448,GHL,TSPulse2_llm_selection_ablated_forecast,0.083661128985981,0.083661128985981,0.0821968078635228,0.0823592759550228,0.0821968078635228,0.0823592759550228,0.083661128985981,0.0832649511933803,0.01,0.0193396129066668
054_GHL_id_23_Sensor_tr_50000_1st_135001,GHL,TSPulse2_llm_selection_ablated_forecast,0.0216740584097407,0.0216740584097407,0.0181473865257472,0.0180403050006408,0.0180697024205219,0.0180403050006408,0.0216740584097407,0.0181473865257472,0.01,0.0113416141147211
055_GHL_id_24_Sensor_tr_50000_1st_118124,GHL,TSPulse2_llm_selection_ablated_time,0.0127530759244286,0.0127530759244286,0.0126834851747186,0.0082224155673365,0.0126834851747186,0.0082224155673365,0.0053383716951327,0.0127530759244286,0.01,0.0036011100482818
056_GHL_id_25_Sensor_tr_50000_1st_105568,GHL,TSPulse2_llm_selection_ablated_forecast,0.0468156614852699,0.0468156614852699,0.0412785516117216,0.0413534729398606,0.0412785516117216,0.0413534729398606,0.0468156614852699,0.0418151252381754,0.01,0.0099359901811101
057_SMD_id_1_Facility_tr_4529_1st_4629,SMD,TSPulseFT,0.36,0.1302032585683533,0.1284889674398652,0.1284889674398652,0.1284889674398652,0.1289804622209115,0.0909045270944196,0.1302032585683533,0.36,0.29072601221901
058_SMD_id_2_Facility_tr_1087_1st_1187,SMD,TSPulse2,0.6669174202773723,0.6669174202773723,0.6669174202773723,0.6669174202773723,0.6669174202773723,0.6654294747637787,0.3699828902554207,0.6640840937914746,0.36,0.4472253818900754
059_SMD_id_3_Facility_tr_757_1st_857,SMD,TSPulseFT,0.36,0.1290942107704927,0.1286728136804934,0.1286728136804934,0.1286728136804934,0.1274378941593663,0.0370209758642848,0.1290942107704927,0.36,0.3477411693299208
060_SMD_id_4_Facility_tr_7176_1st_10609,SMD,TSPulseZS,0.5076454505255288,0.1635182269212919,0.1635182269212919,0.1635182269212919,0.1635182269212919,0.1251484930449995,0.0586594854405165,0.1088073759592715,0.36,0.5076454505255288
061_SMD_id_5_Facility_tr_7176_1st_15144,SMD,TSPulseFT,0.36,0.0768846211945941,0.075332981058948,0.075332981058948,0.075332981058948,0.0752951281715273,0.0543299575639969,0.0768846211945941,0.36,0.2164916889942688
063_SMD_id_7_Facility_tr_5923_1st_6506,SMD,TSPulseFT,0.36,0.1865235084106034,0.1865235084106034,0.1865235084106034,0.1865235084106034,0.1862107808569225,0.1254690399887155,0.1857449408874653,0.36,0.2546351275695712
064_SMD_id_8_Facility_tr_2272_1st_2372,SMD,TSPulse2,0.476244944035337,0.476244944035337,0.476244944035337,0.476244944035337,0.476244944035337,0.4343209065373422,0.2254884597472169,0.4357876592714498,0.36,0.471936254144803
065_SMD_id_9_Facility_tr_737_1st_837,SMD,TSPulseFT,0.36,0.2795586874200498,0.2735880768242213,0.2795586874200498,0.2795586874200498,0.2735880768242213,0.1633786417684021,0.2779601980675925,0.36,0.2669018453611732
066_SMD_id_10_Facility_tr_2634_1st_2734,SMD,TSPulseFT,0.36,0.0662248491549457,0.0657155644585569,0.0657155644585569,0.0657155644585569,0.0662248491549457,0.0452856903278384,0.0635441769916784,0.36,0.1370961990421791
067_SMD_id_11_Facility_tr_1980_1st_2080,SMD,TSPulseFT,0.36,0.0535365473272427,0.0535365473272427,0.0514621418571782,0.0514621418571782,0.0520398516169625,0.0535365473272427,0.0519113419684658,0.36,0.2300720230783284
068_SMD_id_12_Facility_tr_1099_1st_1199,SMD,TSPulseZS,0.44834684765714,0.0158138773391266,0.0120942817219337,0.0120942817219337,0.0120942817219337,0.0121553285566855,0.0158138773391266,0.0122358671616074,0.36,0.44834684765714
069_SMD_id_13_Facility_tr_5925_1st_12760,SMD,TSPulse2_llm_selection_ablated_time,0.4006981472046736,0.4006981472046736,0.1615128177899365,0.3987212151085498,0.3987212151085498,0.3977900932435647,0.1615128177899365,0.4006981472046736,0.36,0.2749750766562469
070_SMD_id_14_Facility_tr_1070_1st_1170,SMD,TSPulseZS,0.4465979215411733,0.0596269585951303,0.0581446078665526,0.0581446078665526,0.0581446078665526,0.0596269585951303,0.0254107723310731,0.057913341786699,0.36,0.4465979215411733
071_SMD_id_15_Facility_tr_1109_1st_1209,SMD,TSPulseFT,0.36,0.0232792725007528,0.0232792725007528,0.0232792725007528,0.0232792725007528,0.023175777187847,0.0179331581088861,0.0222001079786761,0.36,0.3584968608955575
073_SMD_id_17_Facility_tr_5926_1st_10620,SMD,TSPulseFT,0.36,0.0196479226639942,0.0138319869239921,0.0138319869239921,0.0138319869239921,0.0136386006850322,0.0196479226639942,0.0138034348957545,0.36,0.1034098181724518
074_SMD_id_18_Facility_tr_7174_1st_21230,SMD,TSPulseZS,0.6164794691372658,0.3776032336516543,0.3754619520856852,0.3754619520856852,0.3754619520856852,0.3776032336516543,0.0680847670078945,0.377333085983038,0.36,0.6164794691372658
075_SMD_id_19_Facility_tr_564_1st_664,SMD,TSPulseFT,0.36,0.0319286058576634,0.0319286058576634,0.0319286058576634,0.0319286058576634,0.0299820257359048,0.0309824749648278,0.0297949968304054,0.36,0.1402743240105672
076_SMD_id_20_Facility_tr_5925_1st_17580,SMD,TSPulseZS,0.8134207444046961,0.3615134498011841,0.3598865698454632,0.3598865698454632,0.3598865698454632,0.3615134498011841,0.1344037509069952,0.3552138797817259,0.36,0.8134207444046961
077_SMD_id_21_Facility_tr_3026_1st_3126,SMD,TSPulseZS,0.4287221961512478,0.4073536684214343,0.4073536684214343,0.4073536684214343,0.4073536684214343,0.3889773848004769,0.2103287976405387,0.3878511008625093,0.36,0.4287221961512478
078_SMD_id_22_Facility_tr_500_1st_326,SMD,TSPulseFT,0.36,0.0507357595198421,0.0419057591214118,0.0419057591214118,0.0419057591214118,0.0356820991271548,0.0507357595198421,0.0426177523737954,0.36,0.2783459408378423
079_LTDB_id_1_Medical_tr_3618_1st_3718,LTDB,TSPulse2_llm_selection_ablated_fft,0.930116741338235,0.930116741338235,0.9293014478163888,0.8572190849830651,0.8572190849830651,0.930116741338235,0.2930855402402791,0.9293014478163888,0.57,0.7798243507489089
080_LTDB_id_2_Medical_tr_500_1st_266,LTDB,TSPulseFT,0.57,0.1975159311116966,0.1975159311116966,0.1583156198652675,0.1583156198652675,0.1636271549235526,0.1975159311116966,0.1547514771664659,0.57,0.1539710366320468
081_LTDB_id_3_Medical_tr_500_1st_26,LTDB,TSPulse2_llm_selection_ablated_fft,0.6824389159416573,0.6824389159416573,0.6756059655290233,0.6756059655290233,0.6756059655290233,0.6824389159416573,0.4111165906822944,0.6675119760443209,0.57,0.4830802398564166
083_LTDB_id_5_Medical_tr_15502_1st_15602,LTDB,TSPulseFT,0.57,0.0048688213912235,0.0048688213912235,0.0032238357966212,0.0032238357966212,0.0032360407400636,0.0048688213912235,0.0032431183262355,0.57,0.0181764932405539
084_SVDB_id_1_Medical_tr_12973_1st_13073,SVDB,TSPulseFT,0.47,0.1751621639669274,0.1619984297248576,0.1619984297248576,0.1262448228454145,0.1751621639669274,0.0246564698211272,0.1619984297248576,0.47,0.2710853047628828
085_SVDB_id_2_Medical_tr_50000_1st_54982,SVDB,TSPulseFT,0.47,0.3312853903845315,0.3312853903845315,0.3253487454455837,0.3312853903845315,0.3266448069147317,0.0581677263549647,0.3253487454455837,0.47,0.3085685252742273
086_SVDB_id_3_Medical_tr_533_1st_633,SVDB,TSPulseFT,0.47,0.311391808571828,0.3017778210000164,0.3017778210000164,0.2877510433051006,0.311391808571828,0.0929946434880378,0.3017778210000164,0.47,0.1266489150701682
087_SVDB_id_4_Medical_tr_5421_1st_5521,SVDB,TSPulse2,0.6807899654849163,0.6807899654849163,0.6807899654849163,0.6698671310448879,0.5447244503242868,0.6807899654849163,0.0906947495709481,0.6698671310448879,0.47,0.6468675934627018
088_SVDB_id_5_Medical_tr_500_1st_168,SVDB,TSPulseFT,0.47,0.4034027012299593,0.3938855855654529,0.3938855855654529,0.299299117070253,0.4034027012299593,0.1457408987015715,0.3938855855654529,0.47,0.3657945460058771
089_SVDB_id_6_Medical_tr_50000_1st_83083,SVDB,TSPulseFT,0.47,0.212479485469426,0.1950337900516541,0.2038751658296995,0.1950337900516541,0.212479485469426,0.0231663020912669,0.2038751658296995,0.47,0.1692415634934921
091_SVDB_id_8_Medical_tr_500_1st_126,SVDB,TSPulseZS,0.4891551024744781,0.4889180549770436,0.4794540104923889,0.4794540104923889,0.4889180549770436,0.4827095836837308,0.1637082402725468,0.4794540104923889,0.47,0.4891551024744781
092_SVDB_id_9_Medical_tr_2674_1st_2774,SVDB,TSPulse2_llm_selection_ablated_fft,0.6493568361163862,0.6493568361163862,0.5945202799089611,0.6353980956709308,0.5945202799089611,0.6493568361163862,0.0775896772923516,0.6353980956709308,0.47,0.3438441993525306
093_SVDB_id_10_Medical_tr_500_1st_37,SVDB,TSPulse2,0.8549055909766746,0.8549055909766746,0.8549055909766746,0.8549055909766746,0.8508696839906708,0.8545478766088344,0.1608743323327727,0.8549055909766746,0.47,0.745373275793208
094_SVDB_id_11_Medical_tr_20100_1st_23611,SVDB,TSPulse2,0.6184898454173853,0.6184898454173853,0.6184898454173853,0.6184898454173853,0.4377213220184308,0.5931189273491241,0.019131397070903,0.6184898454173853,0.47,0.578139660527329
095_SVDB_id_12_Medical_tr_6264_1st_6364,SVDB,TSPulseFT,0.47,0.2573618342627745,0.2573618342627745,0.2323606677810884,0.0929888001148534,0.2573618342627745,0.0441093802467703,0.2323606677810884,0.47,0.2168760654609064
096_SVDB_id_13_Medical_tr_500_1st_444,SVDB,TSPulseFT,0.47,0.2243718893724737,0.2117241336354108,0.2117241336354108,0.1183767210932379,0.2243718893724737,0.0475690928474077,0.2117241336354108,0.47,0.170649667866699
097_SVDB_id_14_Medical_tr_1031_1st_1131,SVDB,TSPulse2,0.9557397762097276,0.9557397762097276,0.9557397762097276,0.9557397762097276,0.924566796727609,0.9544596469269896,0.2886787794475606,0.9557397762097276,0.47,0.9169796881489886
098_SVDB_id_15_Medical_tr_500_1st_303,SVDB,TSPulse2_llm_selection_ablated_fft,0.4844467720946943,0.4844467720946943,0.479097126387542,0.479097126387542,0.3766689538191698,0.4844467720946943,0.1013645979211398,0.479097126387542,0.47,0.3732868920482163
099_SVDB_id_16_Medical_tr_1115_1st_1215,SVDB,TSPulse2_llm_selection_ablated_fft,0.5542459958454465,0.5542459958454465,0.5183253375270489,0.4863539723045039,0.5183253375270489,0.5542459958454465,0.1405183805967011,0.4863539723045039,0.47,0.5185039028253514
100_SVDB_id_17_Medical_tr_17803_1st_17903,SVDB,TSPulseFT,0.47,0.0538615015861896,0.0497368026773756,0.0523677375833045,0.0497368026773756,0.0538615015861896,0.0436321846141859,0.0523677375833045,0.47,0.0485641109401888
101_SVDB_id_18_Medical_tr_1851_1st_1951,SVDB,TSPulse2_llm_selection_ablated_fft,0.757916276328149,0.757916276328149,0.751157091884065,0.751157091884065,0.6970405569905819,0.757916276328149,0.119483501551455,0.751157091884065,0.47,0.740381191327934
102_SVDB_id_19_Medical_tr_50000_1st_107354,SVDB,TSPulseFT,0.47,0.45261455835663,0.4302418007472607,0.4302418007472607,0.4014395096713855,0.45261455835663,0.0872855937640334,0.4302418007472607,0.47,0.4654411049160262
103_SVDB_id_20_Medical_tr_12167_1st_12267,SVDB,TSPulseFT,0.47,0.0384220085783107,0.0364048463663576,0.0369051496499756,0.0364048463663576,0.0384220085783107,0.0381856316008699,0.0369051496499756,0.47,0.0299744439039409
104_SVDB_id_21_Medical_tr_50000_1st_106634,SVDB,TSPulseFT,0.47,0.3095224335599266,0.3016985227900907,0.3016985227900907,0.2218153944097056,0.3095224335599266,0.0306960598118859,0.3016985227900907,0.47,0.3023261995140203
105_SVDB_id_22_Medical_tr_500_1st_417,SVDB,TSPulseZS,0.5705526546230927,0.4816716323481489,0.3838045119580758,0.452098562444308,0.3838045119580758,0.4816716323481489,0.1367693192250986,0.452098562444308,0.47,0.5705526546230927
106_SVDB_id_23_Medical_tr_37500_1st_121963,SVDB,TSPulseZS,0.5216845470141639,0.5091938969967323,0.5091938969967323,0.5008828659421489,0.0910747729729878,0.5091938969967323,0.0076680697693084,0.5008828659421489,0.47,0.5216845470141639
108_SVDB_id_25_Medical_tr_1238_1st_1338,SVDB,TSPulseFT,0.47,0.3970129352317099,0.3669694625662951,0.3669694625662951,0.1922665515511626,0.3970129352317099,0.0609052151108321,0.3669694625662951,0.47,0.3577939207909594
109_SVDB_id_26_Medical_tr_1038_1st_1138,SVDB,TSPulse2_llm_selection_ablated_time,0.5572195024753882,0.5572195024753882,0.5367706343688836,0.5572195024753882,0.5367706343688836,0.5322347148837315,0.1422038648705443,0.5572195024753882,0.47,0.4748264584810399
110_SVDB_id_27_Medical_tr_30824_1st_30924,SVDB,TSPulseFT,0.47,0.4124570797472721,0.0496731845704243,0.4124570797472721,0.3945289790136086,0.4071539392020314,0.0496731845704243,0.4124570797472721,0.47,0.3247911600689066
111_SVDB_id_28_Medical_tr_1791_1st_1891,SVDB,TSPulse2_llm_selection_ablated_fft,0.7398932744979084,0.7398932744979084,0.6674306473395489,0.7231228095853265,0.6674306473395489,0.7398932744979084,0.1586702486418601,0.7231228095853265,0.47,0.6840242418266237
112_SVDB_id_29_Medical_tr_8226_1st_8326,SVDB,TSPulseFT,0.47,0.0281236486446388,0.0144613826702519,0.0261401891361514,0.0260836223020224,0.0281236486446388,0.0144613826702519,0.0261401891361514,0.47,0.0147168822284516
114_SVDB_id_31_Medical_tr_25000_1st_63090,SVDB,TSPulseFT,0.47,0.0054159506912423,0.0049406690716536,0.0049331209195443,0.0049406690716536,0.0048985048081246,0.0054159506912423,0.0049331209195443,0.47,0.0082799147643455
115_PSM_id_1_Facility_tr_50000_1st_129872,PSM,TSPulse2,0.1405056912782685,0.140439358986216,0.1405056912782685,0.140439358986216,0.1383090276523972,0.1373110108155914,0.1177600624798341,0.140439358986216,0.14,0.1383872673314994
116_TAO_id_1_Environment_tr_500_1st_3,TAO,TSPulse2,0.9928903961348678,0.9928903961348678,0.9928903961348678,0.9928903961348678,0.9190068902860938,0.8895570188854148,0.9928903961348678,0.8895564156613887,0.93,0.938225549716014
117_TAO_id_2_Environment_tr_500_1st_1,TAO,TSPulse2_llm_selection_ablated_forecast,0.9812039680531478,0.9812039680531478,0.7744236295471324,0.9812039680531478,0.7744236295471324,0.730327209373419,0.9812039680531478,0.7308133088317209,0.93,0.9321213044409438
118_TAO_id_3_Environment_tr_500_1st_7,TAO,TSPulse2,0.9595303094947604,0.9595303094947604,0.9595303094947604,0.9595303094947604,0.4970767317788544,0.4320437253962477,0.9595303094947604,0.4322807857847146,0.93,0.9292903888374549
119_TAO_id_4_Environment_tr_500_1st_1,TAO,TSPulse2_llm_selection_ablated_forecast,0.995486039917064,0.995486039917064,0.9412422790476788,0.995486039917064,0.9533499810406184,0.9412002576369032,0.995486039917064,0.9412422790476788,0.93,0.909919591277307
121_TAO_id_6_Environment_tr_500_1st_7,TAO,TSPulse2_llm_selection_ablated_forecast,0.9953828146695628,0.9953828146695628,0.9016999906138604,0.9953828146695628,0.9016999906138604,0.8653207486211575,0.9953828146695628,0.865690016210879,0.93,0.962921056197898
122_TAO_id_7_Environment_tr_500_1st_19,TAO,TSPulse2,0.9831964844284082,0.9831964844284082,0.9831964844284082,0.9831964844284082,0.8259172619532744,0.7929564798646243,0.9831964844284082,0.7929886240805267,0.93,0.9335374381116612
123_TAO_id_8_Environment_tr_500_1st_62,TAO,TSPulse2,0.9916291901446868,0.9916291901446868,0.9916291901446868,0.9916291901446868,0.9190864077481944,0.9018839556876072,0.9916291901446868,0.9017854451566376,0.93,0.9293814660918718
124_TAO_id_9_Environment_tr_500_1st_1,TAO,TSPulse2,0.9889399606906024,0.9889399606906024,0.9889399606906024,0.9889399606906024,0.9193550125479324,0.8832234848203548,0.9889399606906024,0.8834482166387332,0.93,0.8877308951731446
125_TAO_id_10_Environment_tr_500_1st_9,TAO,TSPulse2,0.9991289186859502,0.9991289186859502,0.9991289186859502,0.9991289186859502,0.9774889594248504,0.971858964073404,0.9991289186859502,0.9719479908030356,0.93,0.9550684358252912
127_TAO_id_12_Environment_tr_500_1st_24,TAO,TSPulse2,0.9907316826332908,0.9907316826332908,0.9907316826332908,0.9907316826332908,0.8895300118513777,0.8774890990500034,0.9907316826332908,0.8754627421273017,0.93,0.9180065408290052
128_TAO_id_13_Environment_tr_500_1st_7,TAO,TSPulse2_llm_selection_ablated_forecast,0.9953828146695628,0.9953828146695628,0.9016999906138604,0.9953828146695628,0.9016999906138604,0.8653207486211575,0.9953828146695628,0.865690016210879,0.93,0.962921056197898
129_OPPORTUNITY_id_1_HumanActivity_tr_1801_1st_1901,OPPORTUNITY,TSPulse2_llm_selection_ablated_fft,0.475162458616098,0.475162458616098,0.4725006220143457,0.475162458616098,0.4725006220143457,0.475162458616098,0.2826708028934122,0.4558698063498029,0.07,0.0192055898271438
130_OPPORTUNITY_id_2_HumanActivity_tr_1045_1st_1145,OPPORTUNITY,TSPulse2_llm_selection_ablated_fft,0.499404196043074,0.499404196043074,0.4982768021517482,0.499404196043074,0.4982768021517482,0.499404196043074,0.2959796923034111,0.4578661289345732,0.07,0.0522586802185597
132_OPPORTUNITY_id_4_HumanActivity_tr_895_1st_995,OPPORTUNITY,TSPulse2_llm_selection_ablated_fft,0.5489706691210684,0.5489706691210684,0.5447124077263922,0.5489706691210684,0.5447124077263922,0.5489706691210684,0.2904307621937138,0.4911848661482958,0.07,0.0277337879287121
133_OPPORTUNITY_id_5_HumanActivity_tr_1745_1st_6500,OPPORTUNITY,TSPulse2,0.8185565568299481,0.8185565568299481,0.8185565568299481,0.8061134804333848,0.8120966671548622,0.8061134804333848,0.6526963169640545,0.8185565568299481,0.07,0.2868223632339527
134_OPPORTUNITY_id_6_HumanActivity_tr_1477_1st_1577,OPPORTUNITY,TSPulse2_llm_selection_ablated_fft,0.3873132498322761,0.3873132498322761,0.3869307095920423,0.3873132498322761,0.3869307095920423,0.3873132498322761,0.2110986184921086,0.380582084493751,0.07,0.0147903170743751
135_OPPORTUNITY_id_7_HumanActivity_tr_2085_1st_2185,OPPORTUNITY,TSPulse2_llm_selection_ablated_fft,0.3106304078613714,0.3106304078613714,0.3106092704421226,0.3106304078613714,0.3106092704421226,0.3106304078613714,0.1042570770896663,0.3037941810997995,0.07,0.0222488995873898
136_OPPORTUNITY_id_8_HumanActivity_tr_1495_1st_1595,OPPORTUNITY,TSPulse2_llm_selection_ablated_fft,0.3318506581905601,0.3318506581905601,0.3318087302273426,0.3318506581905601,0.3318087302273426,0.3318506581905601,0.1787864253604019,0.3265750530695343,0.07,0.0136815204740481
137_CreditCard_id_1_Finance_tr_500_1st_541,CreditCard,TSPulse2_llm_selection_ablated_forecast,0.2052961351163489,0.2052961351163489,0.0996933593525623,0.006870883131988,0.0358112113474456,0.0069380399156172,0.2052961351163489,0.006870883131988,0.0,0.0042083566182391
138_CATSv2_id_1_Sensor_tr_16568_1st_16668,CATSv2,TSPulseFT,0.07,0.0248470449618327,0.0248470449618327,0.0247666165703072,0.0246475609075855,0.0248470449618327,0.0227601528622056,0.0247666165703072,0.07,0.0529648358739033
139_CATSv2_id_2_Sensor_tr_5592_1st_5692,CATSv2,TSPulseFT,0.07,0.0391609174878563,0.0336570229235004,0.0336570229235004,0.0338855806730208,0.0391609174878563,0.0333718585723023,0.0336570229235004,0.07,0.0395727381357475
141_CATSv2_id_4_Sensor_tr_41727_1st_41827,CATSv2,TSPulse2_llm_selection_ablated_time,0.0748073965144144,0.0748073965144144,0.0359533199363615,0.0748073965144144,0.0521057906894887,0.0471518895871917,0.0359533199363615,0.0748073965144144,0.07,0.0569203090639038
142_CATSv2_id_5_Sensor_tr_30704_1st_30804,CATSv2,TSPulse2,0.1340744725718597,0.1340744725718597,0.1340744725718597,0.1340744725718597,0.1201742148549723,0.0961092911701201,0.0684317826195181,0.1340744725718597,0.07,0.0892984238668549
143_CATSv2_id_6_Sensor_tr_50000_1st_60232,CATSv2,TSPulse2_llm_selection_ablated_time,0.0753891804958283,0.0753891804958283,0.0368855189028156,0.0753891804958283,0.0643452440782714,0.0603825933114676,0.0368855189028156,0.0753891804958283,0.07,0.0341591313474489
144_SMAP_id_1_Sensor_tr_2052_1st_5300,SMAP,TSPulse2_llm_selection_ablated_time,0.999928135535203,0.999928135535203,0.999879429691978,0.999879429691978,0.999879429691978,0.999879429691978,0.956785179403523,0.999928135535203,0.32,0.2112304311182295
145_SMAP_id_2_Sensor_tr_2133_1st_5400,SMAP,TSPulseFT,0.32,0.1571289297243012,0.1571289297243012,0.1571289297243012,0.1571289297243012,0.1336064138244792,0.108976793058395,0.1494877103151508,0.32,0.2467158192561602
146_SMAP_id_3_Sensor_tr_2128_1st_5000,SMAP,TSPulseFT,0.32,0.0501038680299938,0.0338268510231891,0.031869345984829,0.031869345984829,0.0318551600883237,0.0501038680299938,0.0338268510231891,0.32,0.0689258710811923
147_SMAP_id_4_Sensor_tr_2160_1st_6449,SMAP,TSPulseFT,0.32,0.0291431749416696,0.0236371013497065,0.0271623421996078,0.0271623421996078,0.0245195469839095,0.0236371013497065,0.0291431749416696,0.32,0.0173187792774469
148_SMAP_id_5_Sensor_tr_2011_1st_5060,SMAP,TSPulse2,0.850546615777899,0.850546615777899,0.850546615777899,0.8498513670231866,0.8498513670231866,0.8500885882436938,0.850546615777899,0.8502264306481986,0.32,0.0386634531434452
150_SMAP_id_7_Sensor_tr_2077_1st_5394,SMAP,TSPulse2_llm_selection_ablated_time,0.9989796334430994,0.9989796334430994,0.9981598712876116,0.9981598712876116,0.9981598712876116,0.9981598712876116,0.2704143737838546,0.9989796334430994,0.32,0.3825533424255167
151_SMAP_id_8_Sensor_tr_1971_1st_4870,SMAP,TSPulse2,0.9916197734753012,0.9916197734753012,0.9916197734753012,0.9900855884570866,0.9900855884570866,0.9900855884570866,0.1898399172805031,0.9916197734753012,0.32,0.2376582708209222
152_SMAP_id_9_Sensor_tr_2073_1st_5600,SMAP,TSPulseFT,0.32,0.3012579551393581,0.0536611855616196,0.2938260149329727,0.2938260149329727,0.3012579551393581,0.0536611855616196,0.2937562996256398,0.32,0.1881138664921924
153_SMAP_id_10_Sensor_tr_1840_1st_4030,SMAP,TSPulse2_llm_selection_ablated_fft,0.7929114979736079,0.7929114979736079,0.7749970647858107,0.7876271470886447,0.7876271470886447,0.7929114979736079,0.2527483920638211,0.7749970647858107,0.32,0.4197839398845315
154_SMAP_id_11_Sensor_tr_2117_1st_4770,SMAP,TSPulseFT,0.32,0.0571431506028181,0.0561612104430154,0.0561612104430154,0.0561612104430154,0.0571431506028181,0.0208006638836092,0.0463612729245378,0.32,0.0094712421276868
155_SMAP_id_12_Sensor_tr_1907_1st_4800,SMAP,TSPulse2_llm_selection_ablated_time,0.5259471809447487,0.5259471809447487,0.1917853034740635,0.5231429174809435,0.5231429174809435,0.5231429174809435,0.1917853034740635,0.5259471809447487,0.32,0.1335237492233458
156_SMAP_id_13_Sensor_tr_1173_1st_2750,SMAP,TSPulse2_llm_selection_ablated_forecast,0.7794034672737388,0.7794034672737388,0.7527492717102894,0.7537284025596256,0.7537284025596256,0.751473634447848,0.7794034672737388,0.7527492717102894,0.32,0.4663226694186446
157_SMAP_id_14_Sensor_tr_2126_1st_5000,SMAP,TSPulseFT,0.32,0.0513268170161907,0.031903323306976,0.031903323306976,0.031903323306976,0.0328954837769898,0.0513268170161907,0.0328655167591359,0.32,0.0895499247088066
158_SMAP_id_15_Sensor_tr_2075_1st_5610,SMAP,TSPulse2_llm_selection_ablated_ensemble,0.8078181541881299,0.8078181541881299,0.7461824416869761,0.8078181541881299,0.8078181541881299,0.8054930867654444,0.3994639877882626,0.7461824416869761,0.32,0.5608600047888898
159_SMAP_id_16_Sensor_tr_1757_1st_2650,SMAP,TSPulse2_llm_selection_ablated_fft,0.936334213545104,0.936334213545104,0.7192782684176926,0.7192782684176926,0.7192782684176926,0.936334213545104,0.2531942624357362,0.9355114625046386,0.32,0.6489076098724899
160_SMAP_id_17_Sensor_tr_1832_1st_5300,SMAP,TSPulse2_llm_selection_ablated_time,0.4230433680436624,0.4230433680436624,0.4224977201180075,0.4224977201180075,0.4224977201180075,0.4222282562190488,0.1153868331369396,0.4230433680436624,0.32,0.0420187474857258
161_SMAP_id_18_Sensor_tr_2075_1st_5550,SMAP,TSPulse2,0.5962659627794957,0.5962659627794957,0.5962659627794957,0.5962659627794957,0.5962659627794957,0.5524354240042716,0.1083965847862316,0.5848747948253264,0.32,0.3387728032853315
162_SMAP_id_19_Sensor_tr_1908_1st_4690,SMAP,TSPulse2_llm_selection_ablated_ensemble,0.7102926556767488,0.7102926556767488,0.122819712404429,0.7102926556767488,0.7102926556767488,0.7072936231987671,0.122819712404429,0.6922885097982584,0.32,0.3569877392209202
163_SMAP_id_20_Sensor_tr_2051_1st_4575,SMAP,TSPulse2_llm_selection_ablated_fft,0.8701986064477222,0.8701986064477222,0.8521882619224496,0.8521882619224496,0.8521882619224496,0.8701986064477222,0.050746558058247,0.8500284631155511,0.32,0.0149138786029354
165_SMAP_id_22_Sensor_tr_2129_1st_5000,SMAP,TSPulseFT,0.32,0.0769946251109558,0.0447328178397698,0.0447328178397698,0.0447328178397698,0.0446182208442447,0.0769946251109558,0.0448808663773347,0.32,0.0729508864772349
166_SMAP_id_23_Sensor_tr_1113_1st_1890,SMAP,TSPulse2_llm_selection_ablated_forecast,0.7434274200379891,0.7434274200379891,0.7362512728044901,0.6333626258747899,0.6333626258747899,0.6184461517238697,0.7434274200379891,0.7362512728044901,0.32,0.6724254742547425
167_SMAP_id_24_Sensor_tr_2094_1st_5600,SMAP,TSPulse2_llm_selection_ablated_fft,0.8806852680755948,0.8806852680755948,0.0699905664503342,0.878731986569519,0.878731986569519,0.8806852680755948,0.0699905664503342,0.8313433595654826,0.32,0.5972768725940025
168_SMAP_id_25_Sensor_tr_1998_1st_2098,SMAP,TSPulse2_llm_selection_ablated_fft,0.9754920020091228,0.9754920020091228,0.9632789198811098,0.9754843718223192,0.9754843718223192,0.9754920020091228,0.1707342457168115,0.9632789198811098,0.32,0.827378440037819
169_SMAP_id_26_Sensor_tr_1811_1st_4510,SMAP,TSPulse2_llm_selection_ablated_ensemble,0.9682059857336722,0.9682059857336722,0.1876223707093826,0.9682059857336722,0.9682059857336722,0.9649555100782916,0.1876223707093826,0.9614750876150844,0.32,0.7808193605525923
170_SMAP_id_27_Sensor_tr_2160_1st_4690,SMAP,TSPulse2_llm_selection_ablated_ensemble,0.9044968957643006,0.9044968957643006,0.1489654839162461,0.9044968957643006,0.9044968957643006,0.9022780201442432,0.1489654839162461,0.8994961688460884,0.32,0.1860836627358705
171_SWaT_id_1_Sensor_tr_3749_1st_9522,SWaT,TSPulseZS,0.1614160961676457,0.1342984654284328,0.1326637626498672,0.1290729800375621,0.1342984654284328,0.1261682081922041,0.1164873354868471,0.1290729800375621,0.14,0.1614160961676457
172_SWaT_id_2_Sensor_tr_23700_1st_23800,SWaT,TSPulseFT,0.14,0.0895979141354608,0.0816796266833467,0.0815851569542328,0.0816796266833467,0.0814000843996826,0.0895979141354608,0.0815851569542328,0.14,0.0908431631281328
173_GECCO_id_1_Sensor_tr_16165_1st_16265,GECCO,TSPulse2_llm_selection_ablated_forecast,0.2051072574885077,0.2051072574885077,0.1535097433065803,0.1543348594305889,0.1535097433065803,0.1524103554611286,0.2051072574885077,0.1543348594305889,0.18,0.1749126109610111
174_Exathlon_id_1_Facility_tr_10766_1st_12590,Exathlon,TSPulseZS,0.9930262784292904,0.8542138480760336,0.8953945472377369,0.8101087933440175,0.8174394067633808,0.8542138480760336,0.6228004615672287,0.8101087933440175,0.91,0.9930262784292904
175_Exathlon_id_2_Facility_tr_10684_1st_10784,Exathlon,TSPulseFT,0.91,0.0680144466170485,0.0680144466170485,0.0664452661064156,0.0680144466170485,0.0645659832431406,0.0586281153918329,0.0664452661064156,0.91,0.0962514348833313
176_Exathlon_id_3_Facility_tr_10766_1st_12590,Exathlon,TSPulse2_llm_selection_ablated_fft,0.999408209662472,0.999408209662472,0.9993408308662866,0.999387520723048,0.9993408308662866,0.999408209662472,0.9790609177164972,0.999387520723048,0.91,0.9612470329721176
177_Exathlon_id_4_Facility_tr_11665_1st_13484,Exathlon,TSPulse2_llm_selection_ablated_fft,0.991047508826134,0.991047508826134,0.990425202242726,0.9902720554087868,0.989357104790437,0.991047508826134,0.8490150724360479,0.9902720554087868,0.91,0.9591454267283408
179_Exathlon_id_6_Facility_tr_11665_1st_13484,Exathlon,TSPulseZS,0.929687406223102,0.0879470538660388,0.042099351723258,0.0389694673884984,0.042099351723258,0.0378339069538256,0.0879470538660388,0.0389694673884984,0.91,0.929687406223102
180_Exathlon_id_7_Facility_tr_10766_1st_12590,Exathlon,TSPulse2_llm_selection_ablated_fft,0.999408209662472,0.999408209662472,0.999387520723048,0.999387520723048,0.9993408308662866,0.999408209662472,0.9790609177164972,0.999387520723048,0.91,0.9612470329721176
181_Exathlon_id_8_Facility_tr_11663_1st_13482,Exathlon,TSPulseZS,0.9867367252119266,0.963359041734826,0.9620321851512692,0.963359041734826,0.958884340971346,0.9616986758802344,0.4050441972759662,0.963359041734826,0.91,0.9867367252119266
182_Exathlon_id_9_Facility_tr_10766_1st_12590,Exathlon,TSPulse2_llm_selection_ablated_fft,0.999408209662472,0.999408209662472,0.999387520723048,0.999387520723048,0.9993408308662866,0.999408209662472,0.9790609177164972,0.999387520723048,0.91,0.9612470329721176
183_Exathlon_id_10_Facility_tr_11665_1st_13484,Exathlon,TSPulse2_llm_selection_ablated_fft,0.991047508826134,0.991047508826134,0.989357104790437,0.9902720554087868,0.989357104790437,0.991047508826134,0.8490150724360479,0.9902720554087868,0.91,0.9591454267283408
184_Exathlon_id_11_Facility_tr_11665_1st_13484,Exathlon,TSPulse2_llm_selection_ablated_fft,0.991047508826134,0.991047508826134,0.989357104790437,0.9902720554087868,0.989357104790437,0.991047508826134,0.8490150724360479,0.9902720554087868,0.91,0.9591454267283408
185_Exathlon_id_12_Facility_tr_11665_1st_13484,Exathlon,TSPulse2_llm_selection_ablated_fft,0.991047508826134,0.991047508826134,0.990338367083896,0.9902720554087868,0.989357104790437,0.991047508826134,0.8490150724360479,0.9902720554087868,0.91,0.9591454267283408
186_Exathlon_id_13_Facility_tr_10766_1st_12590,Exathlon,TSPulse2_llm_selection_ablated_fft,0.999408209662472,0.999408209662472,0.999387520723048,0.999387520723048,0.9993408308662866,0.999408209662472,0.9790609177164972,0.999387520723048,0.91,0.9612470329721176
187_Exathlon_id_14_Facility_tr_6193_1st_6293,Exathlon,TSPulse2,0.9669245428334564,0.9661905838283456,0.9669245428334564,0.963334770371152,0.9661905838283456,0.9646489367989302,0.7640281459543204,0.963334770371152,0.91,0.9610465408202528
188_Exathlon_id_15_Facility_tr_12538_1st_12638,Exathlon,TSPulseZS,0.9613394837119884,0.9410334111001456,0.938229986352059,0.9410334111001456,0.9290835140731808,0.9387985826817598,0.631592714521981,0.9410334111001456,0.91,0.9613394837119884
189_Exathlon_id_16_Facility_tr_11663_1st_13482,Exathlon,TSPulseZS,0.9867367252119266,0.963359041734826,0.960596587060158,0.963359041734826,0.958884340971346,0.9616986758802344,0.4050441972759662,0.963359041734826,0.91,0.9867367252119266
190_Exathlon_id_17_Facility_tr_12538_1st_12638,Exathlon,TSPulseZS,0.9613394837119884,0.9410334111001456,0.9401045536857466,0.9410334111001456,0.9290835140731808,0.9387985826817598,0.631592714521981,0.9410334111001456,0.91,0.9613394837119884
191_Exathlon_id_18_Facility_tr_11665_1st_13484,Exathlon,TSPulse2_llm_selection_ablated_fft,0.991047508826134,0.991047508826134,0.989357104790437,0.9902720554087868,0.989357104790437,0.991047508826134,0.8490150724360479,0.9902720554087868,0.91,0.9591454267283408
192_Exathlon_id_19_Facility_tr_11665_1st_13484,Exathlon,TSPulse2_llm_selection_ablated_fft,0.991047508826134,0.991047508826134,0.989357104790437,0.9902720554087868,0.989357104790437,0.991047508826134,0.8490150724360479,0.9902720554087868,0.91,0.9591454267283408
193_Exathlon_id_20_Facility_tr_8898_1st_8998,Exathlon,TSPulseFT,0.91,0.1337813616930167,0.0839744783517288,0.0842277763113119,0.0670049482636303,0.0634816495837943,0.1337813616930167,0.0842277763113119,0.91,0.1204999504538004
194_Exathlon_id_21_Facility_tr_6985_1st_7085,Exathlon,TSPulseZS,0.9709446741197912,0.9473573307407472,0.943995805314161,0.9473573307407472,0.9446948992709868,0.940130866987205,0.6737596708272087,0.9473573307407472,0.91,0.9709446741197912
196_Exathlon_id_23_Facility_tr_11665_1st_13484,Exathlon,TSPulse2_llm_selection_ablated_fft,0.991047508826134,0.991047508826134,0.990266077912042,0.9902720554087868,0.989357104790437,0.991047508826134,0.8490150724360479,0.9902720554087868,0.91,0.9591454267283408
197_Exathlon_id_24_Facility_tr_10766_1st_12590,Exathlon,TSPulse2_llm_selection_ablated_fft,0.999408209662472,0.999408209662472,0.9993408308662866,0.999387520723048,0.9993408308662866,0.999408209662472,0.9790609177164972,0.999387520723048,0.91,0.9612470329721176
198_Exathlon_id_25_Facility_tr_12538_1st_12638,Exathlon,TSPulseZS,0.9613394837119884,0.9410334111001456,0.9426325359919508,0.9410334111001456,0.9290835140731808,0.9387985826817598,0.631592714521981,0.9410334111001456,0.91,0.9613394837119884
199_Exathlon_id_26_Facility_tr_12538_1st_12638,Exathlon,TSPulseZS,0.9613394837119884,0.9410334111001456,0.9401045536857466,0.9410334111001456,0.9290835140731808,0.9387985826817598,0.631592714521981,0.9410334111001456,0.91,0.9613394837119884
200_Exathlon_id_27_Facility_tr_10766_1st_12590,Exathlon,TSPulse2_llm_selection_ablated_fft,0.999408209662472,0.999408209662472,0.999387520723048,0.999387520723048,0.9993408308662866,0.999408209662472,0.9790609177164972,0.999387520723048,0.91,0.9612470329721176
