file,Best_Baseline_Algo,Best_Baseline_Score,TSPulse_ZS,Diff_vs_Baseline
797_YAHOO_id_247_Synthetic_tr_500_1st_893.csv,MatrixProfile,0.6424514186720082,0.9274077163555045,0.2849562976834963
206_SMD_id_29_Facility_tr_6250_1st_21230.csv,MOMENT (FT),0.5742422599980065,0.852577436531688,0.27833517653368156
202_SMD_id_25_Facility_tr_6250_1st_21230.csv,MOMENT (FT),0.5794588451638452,0.852577436531688,0.2731185913678429
261_IOPS_id_2_WebService_tr_2178_1st_2278.csv,Sub-LOF,0.6067501311654793,0.8064794257267993,0.19972929456132005
201_SMD_id_24_Facility_tr_7174_1st_21230.csv,MOMENT (FT),0.7027443092460118,0.8778491434414886,0.17510483419547673
148_MSL_id_9_Sensor_tr_883_1st_1238.csv,MOMENT (FT),0.8126724922241076,0.9396256161417358,0.12695312391762814
393_UCR_id_91_Environment_tr_2046_1st_4852.csv,Sub-KNN,0.7227088283818959,0.831437222717802,0.10872839433590609
196_SMD_id_19_Facility_tr_7174_1st_21230.csv,MOMENT (FT),0.7747104645871684,0.8806953263385238,0.10598486175135535
190_SMD_id_13_Facility_tr_7119_1st_15849.csv,MOMENT (ZS),0.6812771368843034,0.7472264074277153,0.06594927054341193
271_IOPS_id_12_WebService_tr_500_1st_341.csv,SR,0.3815666547343621,0.4436030162166831,0.062036361482321
184_SMD_id_7_Facility_tr_7119_1st_15849.csv,USAD,0.6534407307482153,0.6965446234537893,0.04310389270557402
215_SMD_id_38_Facility_tr_5925_1st_17580.csv,MOMENT (FT),0.7999417893854008,0.8415604240188845,0.0416186346334837
385_UCR_id_83_Environment_tr_2046_1st_6006.csv,KMeansAD,0.8406270830747851,0.8701536241476991,0.02952654107291408
203_SMD_id_26_Facility_tr_7174_1st_21230.csv,USAD,0.8401313104641397,0.8561361985441783,0.016004888080038637
820_Exathlon_id_11_Facility_tr_11665_1st_13484.csv,MOMENT (FT),0.9233792977395604,0.9375867188608932,0.014207421121332775
816_Exathlon_id_7_Facility_tr_10766_1st_12590.csv,Sub-PCA,0.913978605729142,0.9280555970475456,0.014076991318403564
829_Exathlon_id_20_Facility_tr_10766_1st_12590.csv,Sub-PCA,0.913978605729142,0.9280555970475456,0.014076991318403564
832_Exathlon_id_23_Facility_tr_10766_1st_12590.csv,Sub-PCA,0.913978605729142,0.9280555970475456,0.014076991318403564
839_Exathlon_id_30_Facility_tr_10766_1st_12590.csv,Sub-PCA,0.913978605729142,0.9280555970475456,0.014076991318403564
826_Exathlon_id_17_Facility_tr_11665_1st_13484.csv,MOMENT (FT),0.9235161823559151,0.9375867188608932,0.014070536504978026
834_Exathlon_id_25_Facility_tr_11665_1st_13484.csv,MOMENT (FT),0.9242338139721606,0.9375867188608932,0.01335290488873253
831_Exathlon_id_22_Facility_tr_11665_1st_13484.csv,MOMENT (FT),0.9253758304298276,0.9375867188608932,0.012210888431065547
538_SMAP_id_8_Sensor_tr_2007_1st_3650.csv,MOMENT (FT),0.9367941202744304,0.9443853231408302,0.007591202866399804
185_SMD_id_8_Facility_tr_5000_1st_15144.csv,Sub-PCA,0.7496862280855435,0.7545326993007181,0.004846471215174564
192_SMD_id_15_Facility_tr_5925_1st_17580.csv,USAD,0.9400571170309752,0.9435268060108296,0.003469688979854446
811_Exathlon_id_2_Facility_tr_10766_1st_12590.csv,USAD,0.9962289281928078,0.999445634296237,0.0032167061034291677
814_Exathlon_id_5_Facility_tr_10766_1st_12590.csv,USAD,0.9962928975508962,0.999445634296237,0.0031527367453407784
840_Exathlon_id_31_Facility_tr_10766_1st_12590.csv,USAD,0.9931424066766024,0.9959364196446048,0.002794012968002413
537_SMAP_id_7_Sensor_tr_2077_1st_5394.csv,Sub-PCA,0.9980377653307482,0.9993131488656124,0.0012753835348642273
824_Exathlon_id_15_Facility_tr_10766_1st_12590.csv,USAD,0.994807524576821,0.9959364196446048,0.0011288950677837972
827_Exathlon_id_18_Facility_tr_10766_1st_12590.csv,USAD,0.9948828872190396,0.9959364196446048,0.0010535324255651624
197_SMD_id_20_Facility_tr_5000_1st_15144.csv,Sub-PCA,0.7578887675575475,0.7586430766113947,0.000754309053847213
421_UCR_id_119_HumanActivity_tr_48750_1st_130700.csv,POLY,0.0206891177759082,0.0214023442662235,0.0007132264903152996
533_SMAP_id_3_Sensor_tr_2052_1st_5300.csv,POLY,0.9997505648308426,0.9999712606765668,0.00022069584572426137
812_Exathlon_id_3_Facility_tr_10766_1st_12590.csv,Sub-PCA,0.9997489698207884,0.9998794179061457,0.00013044808535722652
815_Exathlon_id_6_Facility_tr_10766_1st_12590.csv,Sub-PCA,0.9997489698207884,0.9998794179061457,0.00013044808535722652
833_Exathlon_id_24_Facility_tr_10766_1st_12590.csv,Sub-PCA,0.9997489698207884,0.9998794179061457,0.00013044808535722652
836_Exathlon_id_27_Facility_tr_10766_1st_12590.csv,Sub-PCA,0.9997489698207884,0.9998794179061457,0.00013044808535722652
068_WSD_id_40_WebService_tr_4549_1st_13322.csv,Sub-KNN,0.2480659205842781,0.0,0.0
025_NAB_id_25_WebService_tr_3958_1st_4614.csv,AutoEncoder,0.2580160109980728,0.0,0.0
005_NAB_id_5_Traffic_tr_594_1st_1645.csv,SAND,0.2896035987628442,0.0,0.0
049_WSD_id_21_WebService_tr_4297_1st_7097.csv,POLY,0.3570837589439196,0.0,0.0
016_NAB_id_16_Environment_tr_1816_1st_3540.csv,Sub-PCA,0.3747776678051102,0.0,0.0
026_NAB_id_26_Traffic_tr_624_1st_2261.csv,MOMENT (ZS),0.3849115702574599,0.0,0.0
302_Power_id_1_Facility_tr_7685_1st_7785.csv,KMeansAD,0.392133590197686,0.0,0.0
286_CATSv2_id_1_Sensor_tr_17792_1st_17892.csv,USAD,0.4026696997484271,0.0,0.0
117_WSD_id_89_WebService_tr_3251_1st_3351.csv,POLY,0.4112856434254001,0.0,0.0
018_NAB_id_18_Facility_tr_500_1st_669.csv,KShapeAD,0.4206056721993585,0.0,0.0
019_NAB_id_19_Facility_tr_1007_1st_1171.csv,Sub-MCD,0.4382565658842425,0.0,0.0
169_Daphnet_id_1_HumanActivity_tr_9693_1st_20732.csv,MOMENT (ZS),0.5195850466724389,0.0,0.0
173_MITDB_id_4_Medical_tr_13620_1st_13720.csv,KShapeAD,0.5640017925469981,0.0,0.0
001_NAB_id_1_Facility_tr_1007_1st_2014.csv,MOMENT (FT),0.5736119643477883,0.0,0.0
014_NAB_id_14_WebService_tr_500_1st_1045.csv,Sub-MCD,0.5790752040922689,0.0,0.0
099_WSD_id_71_WebService_tr_4559_1st_14411.csv,POLY,0.5943131271311933,0.0,0.0
043_WSD_id_15_WebService_tr_4521_1st_6828.csv,AutoEncoder,0.6080966796089448,0.0,0.0
855_OPPORTUNITY_id_14_HumanActivity_tr_808_1st_908.csv,USAD,0.617325246367238,0.0,0.0
002_NAB_id_2_WebService_tr_1500_1st_4106.csv,POLY,0.6259498149866337,0.0,0.0
137_WSD_id_109_WebService_tr_4559_1st_14404.csv,MOMENT (FT),0.6415706151221775,0.0,0.0
027_NAB_id_27_Facility_tr_757_1st_2582.csv,POLY,0.6784803541066893,0.0,0.0
125_WSD_id_97_WebService_tr_2217_1st_2317.csv,POLY,0.6785214374541638,0.0,0.0
550_SWaT_id_1_Sensor_tr_43700_1st_43800.csv,CNN,0.68176915281637,0.0,0.0
023_NAB_id_23_Facility_tr_4512_1st_16551.csv,AutoEncoder,0.6900719491510368,0.0,0.0
175_MITDB_id_6_Medical_tr_27274_1st_27374.csv,Sub-KNN,0.7082150794648131,0.0,0.0
139_WSD_id_111_WebService_tr_1701_1st_1801.csv,CNN,0.7089407451531597,0.0,0.0
130_WSD_id_102_WebService_tr_2362_1st_2462.csv,POLY,0.7220829017560688,0.0,0.0
054_WSD_id_26_WebService_tr_2409_1st_2509.csv,MOMENT (FT),0.733363494853698,0.0,0.0
848_OPPORTUNITY_id_7_HumanActivity_tr_1477_1st_1577.csv,Sub-PCA,0.7350305951887758,0.0,0.0
058_WSD_id_30_WebService_tr_1136_1st_1236.csv,POLY,0.7365333116612451,0.0,0.0
022_NAB_id_22_Facility_tr_1007_1st_2980.csv,MOMENT (ZS),0.7366033089590095,0.0,0.0
172_MITDB_id_3_Medical_tr_27274_1st_27374.csv,MatrixProfile,0.7391017847915079,0.0,0.0
851_OPPORTUNITY_id_10_HumanActivity_tr_6213_1st_7311.csv,Sub-MCD,0.7486377006183311,0.0,0.0
009_NAB_id_9_Traffic_tr_500_1st_438.csv,POLY,0.7511137903330025,0.0,0.0
094_WSD_id_66_WebService_tr_3309_1st_3914.csv,MOMENT (FT),0.7644936983753546,0.0,0.0
060_WSD_id_32_WebService_tr_4576_1st_4766.csv,POLY,0.7732967255839862,0.0,0.0
282_NEK_id_6_WebService_tr_500_1st_64.csv,OmniAnomaly,0.7740793072230434,0.0,0.0
032_WSD_id_4_WebService_tr_4559_1st_11822.csv,POLY,0.7947125735469623,0.0,0.0
039_WSD_id_11_WebService_tr_1746_1st_1846.csv,MOMENT (FT),0.8036037714994859,0.0,0.0
008_NAB_id_8_Synthetic_tr_1007_1st_2734.csv,USAD,0.83153604537042,0.0,0.0
006_NAB_id_6_Traffic_tr_2579_1st_5839.csv,KShapeAD,0.8405981274496447,0.0,0.0
074_WSD_id_46_WebService_tr_990_1st_1090.csv,Series2Graph,0.8655641743404249,0.0,0.0
013_NAB_id_13_Traffic_tr_623_1st_2084.csv,SAND,0.8770339015302475,0.0,0.0
170_MITDB_id_1_Medical_tr_17675_1st_17775.csv,KShapeAD,0.8781462254057208,0.0,0.0
017_NAB_id_17_Synthetic_tr_1007_1st_1805.csv,POLY,0.8784963455516464,0.0,0.0
106_WSD_id_78_WebService_tr_3363_1st_3463.csv,MOMENT (FT),0.8881524721458884,0.0,0.0
278_NEK_id_2_WebService_tr_500_1st_64.csv,Sub-PCA,0.8911485558475744,0.0,0.0
113_WSD_id_85_WebService_tr_500_1st_335.csv,TimesNet,0.9154909655675474,0.0,0.0
089_WSD_id_61_WebService_tr_1010_1st_1110.csv,CNN,0.92055551820949,0.0,0.0
040_WSD_id_12_WebService_tr_4559_1st_9714.csv,KShapeAD,0.928110255828226,0.0,0.0
011_NAB_id_11_Facility_tr_1007_1st_1526.csv,POLY,0.9300359177850356,0.0,0.0
868_OPPORTUNITY_id_27_HumanActivity_tr_2085_1st_2185.csv,Sub-PCA,0.930707281230735,0.0,0.0
171_MITDB_id_2_Medical_tr_50000_1st_88864.csv,KShapeAD,0.93464961005103,0.0,0.0
859_OPPORTUNITY_id_18_HumanActivity_tr_895_1st_995.csv,Sub-PCA,0.9353296156830124,0.0,0.0
177_MITDB_id_8_Medical_tr_17675_1st_17775.csv,KShapeAD,0.9380796437981064,0.0,0.0
857_OPPORTUNITY_id_16_HumanActivity_tr_500_1st_566.csv,Sub-PCA,0.9388404830102266,0.0,0.0
847_OPPORTUNITY_id_6_HumanActivity_tr_808_1st_908.csv,Sub-PCA,0.943472506329662,0.0,0.0
285_NEK_id_9_WebService_tr_500_1st_780.csv,Sub-PCA,0.9555692808627966,0.0,0.0
176_MITDB_id_7_Medical_tr_6232_1st_6332.csv,KShapeAD,0.9626206288992588,0.0,0.0
846_OPPORTUNITY_id_5_HumanActivity_tr_2085_1st_2185.csv,Sub-PCA,0.9638030185637776,0.0,0.0
284_NEK_id_8_WebService_tr_500_1st_976.csv,Sub-PCA,0.9690287804530467,0.0,0.0
843_OPPORTUNITY_id_2_HumanActivity_tr_808_1st_908.csv,Sub-PCA,0.9698232047641542,0.0,0.0
845_OPPORTUNITY_id_4_HumanActivity_tr_7295_1st_27516.csv,USAD,0.9739349221065868,0.0,0.0
283_NEK_id_7_WebService_tr_500_1st_777.csv,Sub-PCA,0.9751752550160644,0.0,0.0
277_NEK_id_1_WebService_tr_500_1st_17.csv,TimesNet,0.9755054993900172,0.0,0.0
010_NAB_id_10_WebService_tr_500_1st_271.csv,MOMENT (ZS),0.9813187465510383,0.0,0.0
861_OPPORTUNITY_id_20_HumanActivity_tr_2085_1st_2185.csv,Sub-PCA,0.9831636243317632,0.0,0.0
842_OPPORTUNITY_id_1_HumanActivity_tr_7295_1st_27516.csv,Sub-PCA,0.9839374809354482,0.0,0.0
856_OPPORTUNITY_id_15_HumanActivity_tr_808_1st_908.csv,USAD,0.9895374559442452,0.0,0.0
870_OPPORTUNITY_id_29_HumanActivity_tr_1477_1st_1577.csv,Sub-PCA,0.9899096159762304,0.0,0.0
869_OPPORTUNITY_id_28_HumanActivity_tr_500_1st_566.csv,Sub-PCA,0.9924368845704568,0.0,0.0
279_NEK_id_3_WebService_tr_500_1st_974.csv,Sub-PCA,0.9926101945454334,0.0,0.0
854_OPPORTUNITY_id_13_HumanActivity_tr_1477_1st_1577.csv,Sub-PCA,0.9937723835641996,0.0,0.0
862_OPPORTUNITY_id_21_HumanActivity_tr_500_1st_566.csv,Sub-PCA,0.9942843304863896,0.0,0.0
865_OPPORTUNITY_id_24_HumanActivity_tr_2085_1st_2185.csv,Sub-PCA,0.9954174578054474,0.0,0.0
844_OPPORTUNITY_id_3_HumanActivity_tr_500_1st_566.csv,USAD,0.9954658523123608,0.0,0.0
281_NEK_id_5_WebService_tr_500_1st_974.csv,Sub-PCA,0.9955899625892408,0.0,0.0
866_OPPORTUNITY_id_25_HumanActivity_tr_6213_1st_7311.csv,Sub-PCA,0.9967320638121808,0.0,0.0
849_OPPORTUNITY_id_8_HumanActivity_tr_1100_1st_1200.csv,Sub-PCA,0.9969112680194946,0.0,0.0
850_OPPORTUNITY_id_9_HumanActivity_tr_895_1st_995.csv,USAD,0.9971669091187836,0.0,0.0
867_OPPORTUNITY_id_26_HumanActivity_tr_808_1st_908.csv,Sub-PCA,0.9973456819500912,0.0,0.0
858_OPPORTUNITY_id_17_HumanActivity_tr_808_1st_908.csv,CNN,0.9984870955180104,0.0,0.0
853_OPPORTUNITY_id_12_HumanActivity_tr_808_1st_908.csv,USAD,0.9988614966821197,0.0,0.0
863_OPPORTUNITY_id_22_HumanActivity_tr_808_1st_908.csv,USAD,0.9990970116506293,0.0,0.0
020_NAB_id_20_Synthetic_tr_1007_1st_2679.csv,KMeansAD,0.999172240138404,0.0,0.0
860_OPPORTUNITY_id_19_HumanActivity_tr_808_1st_908.csv,USAD,0.9995800386928292,0.0,0.0
028_NAB_id_28_Facility_tr_1007_1st_3447.csv,KShapeAD,0.999976622044092,0.0,0.0
024_NAB_id_24_Synthetic_tr_1007_1st_2787.csv,Series2Graph,0.9999991368789436,0.0,0.0
015_NAB_id_15_Synthetic_tr_1007_1st_2787.csv,Series2Graph,0.9999992189926712,0.0,0.0
551_YAHOO_id_1_Synthetic_tr_500_1st_893.csv,KShapeAD,1.0,1.0,0.0
552_YAHOO_id_2_Synthetic_tr_500_1st_893.csv,IForest,1.0,1.0,0.0
562_YAHOO_id_12_Synthetic_tr_500_1st_893.csv,IForest,1.0,1.0,0.0
603_YAHOO_id_53_Synthetic_tr_500_1st_893.csv,IForest,1.0,1.0,0.0
649_YAHOO_id_99_WebService_tr_500_1st_1386.csv,IForest,1.0,1.0,0.0
680_YAHOO_id_130_Synthetic_tr_500_1st_893.csv,IForest,1.0,1.0,0.0
701_YAHOO_id_151_Synthetic_tr_500_1st_893.csv,IForest,1.0,1.0,0.0
755_YAHOO_id_205_Synthetic_tr_500_1st_893.csv,LOF,1.0,1.0,0.0
780_YAHOO_id_230_Synthetic_tr_500_1st_893.csv,KShapeAD,1.0,1.0,0.0
549_SMAP_id_19_Sensor_tr_1998_1st_2098.csv,KMeansAD,0.9841511517372684,0.9839204917672244,-0.0002306599700440115
180_SMD_id_3_Facility_tr_5925_1st_17580.csv,MOMENT (ZS),0.9453325072165842,0.944545057083964,-0.000787450132620271
536_SMAP_id_6_Sensor_tr_2160_1st_5600.csv,KShapeAD,0.9991440844772844,0.9972978564808488,-0.0018462279964356343
179_SMD_id_2_Facility_tr_5925_1st_17580.csv,MOMENT (FT),0.9723870246151388,0.9687329681340768,-0.0036540564810619847
349_UCR_id_47_Facility_tr_29954_1st_74900.csv,SR,0.0046028071805951,0.0008172758349572,-0.0037855313456379
355_UCR_id_53_HumanActivity_tr_48750_1st_143411.csv,SR,0.144067657767914,0.1402055985325171,-0.0038620592353968974
214_SMD_id_37_Facility_tr_5925_1st_17580.csv,MOMENT (FT),0.9728920014948976,0.9687329681340768,-0.004159033360820796
212_SMD_id_35_Facility_tr_5925_1st_17580.csv,USAD,0.9333167772710887,0.927576400612888,-0.005740376658200708
341_UCR_id_39_HumanActivity_tr_48812_1st_128430.csv,Sub-MCD,0.0064120691163361,0.0001118873973712,-0.0063001817189649
181_SMD_id_4_Facility_tr_5000_1st_15144.csv,Sub-PCA,0.7669919881745467,0.7600381532741873,-0.00695383490035939
205_SMD_id_28_Facility_tr_5925_1st_17580.csv,MOMENT (FT),0.9774680706869848,0.9697868603676292,-0.007681210319355647
307_UCR_id_5_Facility_tr_29895_1st_39240.csv,SR,0.0088710349314958,0.0010469124232199,-0.0078241225082759
211_SMD_id_34_Facility_tr_5925_1st_17580.csv,POLY,0.8767147365054897,0.8674865967785408,-0.009228139726948914
532_SMAP_id_2_Sensor_tr_2075_1st_5550.csv,POLY,0.6506561590598718,0.6407847353310391,-0.009871423728832762
331_UCR_id_29_Facility_tr_50000_1st_837400.csv,SAND,0.012435734373305,0.0017891188057026,-0.0106466155676024
411_UCR_id_109_Environment_tr_2046_1st_4852.csv,KMeansAD,0.90582447618461,0.8946181353601211,-0.011206340824488903
183_SMD_id_6_Facility_tr_5925_1st_17580.csv,SAND,0.98321322966905,0.9714862351961576,-0.011726994472892383
195_SMD_id_18_Facility_tr_5925_1st_17580.csv,MOMENT (FT),0.948383103719645,0.9362613382529392,-0.012121765466705736
143_MSL_id_4_Sensor_tr_980_1st_3550.csv,USAD,0.9998469738484012,0.986547541403895,-0.013299432444506154
819_Exathlon_id_10_Facility_tr_10766_1st_12590.csv,Sub-PCA,0.9995980728122246,0.9859172839956772,-0.013680788816547329
204_SMD_id_27_Facility_tr_5000_1st_15144.csv,Sub-PCA,0.7836001158320594,0.7691522336914043,-0.014447882140655066
430_UCR_id_128_HumanActivity_tr_12500_1st_46500.csv,Sub-LOF,0.0255739647878307,0.0093411115398595,-0.0162328532479712
165_Stock_id_17_Finance_tr_500_1st_7.csv,SR,0.999931224484786,0.9831936206027694,-0.016737603882016616
531_SMAP_id_1_Sensor_tr_1811_1st_4510.csv,SAND,0.9930407230982612,0.9725997606105068,-0.0204409624877544
830_Exathlon_id_21_Facility_tr_10766_1st_12590.csv,USAD,0.9886397810898266,0.9640061199806904,-0.02463366110913623
155_Stock_id_7_Finance_tr_500_1st_18.csv,SR,0.9995209290278988,0.96993986914769,-0.02958105988020876
250_SVDB_id_14_Medical_tr_50000_1st_107354.csv,KShapeAD,0.6560970106919596,0.6264726053588534,-0.029624405333106174
258_TAO_id_2_Environment_tr_500_1st_4.csv,SR,0.9999190240020308,0.9692590824023246,-0.030659941599706197
162_Stock_id_14_Finance_tr_500_1st_4.csv,SR,0.99928498313424,0.9680477821891628,-0.031237200945077204
463_UCR_id_161_Environment_tr_2046_1st_6006.csv,KMeansAD,0.8304360522728402,0.7964675904363274,-0.03396846183651281
207_SMD_id_30_Facility_tr_7174_1st_21230.csv,USAD,0.9081481594747988,0.8729970884624892,-0.03515107101230952
194_SMD_id_17_Facility_tr_5925_1st_17580.csv,POLY,0.897156115342193,0.8571418886372769,-0.040014226704916056
268_IOPS_id_9_WebService_tr_6216_1st_6316.csv,POLY,0.3685563454464119,0.3251638855464715,-0.043392459899940394
140_MSL_id_1_Sensor_tr_530_1st_630.csv,KShapeAD,0.9996409849330056,0.953858500707914,-0.04578248422509157
806_YAHOO_id_256_Synthetic_tr_500_1st_893.csv,Chronos,1.0,0.9536555991157996,-0.04634440088420044
222_LTDB_id_7_Medical_tr_3618_1st_3718.csv,AutoEncoder,0.993472420323474,0.9414710620644005,-0.05200135825907359
344_UCR_id_42_Sensor_tr_2851_1st_5365.csv,Sub-LOF,0.0567317603068241,0.0046320466525187,-0.0520997136543054
525_UCR_id_223_Facility_tr_50000_1st_250720.csv,Sub-MCD,0.0559142365564645,0.0035162482243264,-0.0523979883321381
570_YAHOO_id_20_Synthetic_tr_500_1st_658.csv,SR,0.9906919233604848,0.937597946301752,-0.053093977058732866
841_Exathlon_id_32_Facility_tr_11663_1st_13482.csv,USAD,0.998708191474183,0.9449556153374902,-0.05375257613669282
257_TAO_id_1_Environment_tr_500_1st_3.csv,SR,0.9998350655849488,0.945883432858578,-0.053951632726370824
723_YAHOO_id_173_WebService_tr_500_1st_1214.csv,OmniAnomaly,0.9547599354168956,0.8984921557675809,-0.05626777964931473
149_Stock_id_1_Finance_tr_500_1st_7.csv,SR,0.9989720390207256,0.9362569358115516,-0.06271510320917406
459_UCR_id_157_HumanActivity_tr_50000_1st_110260.csv,Series2Graph,0.0657155509809346,0.0005917265155269,-0.0651238244654077
273_IOPS_id_14_WebService_tr_5569_1st_5669.csv,MOMENT (FT),0.6387803000391984,0.5713883363218956,-0.06739196371730283
198_SMD_id_21_Facility_tr_5925_1st_17580.csv,POLY,0.9413658774452146,0.8735849651292104,-0.06778091231600425
823_Exathlon_id_14_Facility_tr_10766_1st_12590.csv,USAD,0.9999142103620434,0.9294638310308808,-0.0704503793311626
381_UCR_id_79_HumanActivity_tr_16000_1st_31200.csv,Series2Graph,0.1067913653859511,0.0358935378862947,-0.0708978274996564
539_SMAP_id_9_Sensor_tr_1857_1st_4270.csv,MOMENT (FT),0.991961506745492,0.9207060348137708,-0.07125547193172121
382_UCR_id_80_Medical_tr_7500_1st_11800.csv,POLY,0.7424078895856209,0.6698391666985978,-0.0725687228870231
213_SMD_id_36_Facility_tr_5925_1st_17580.csv,USAD,0.9800933140630248,0.9073191887605664,-0.07277412530245841
517_UCR_id_215_Facility_tr_7482_1st_24005.csv,MatrixProfile,0.904600485042372,0.8316746176612333,-0.07292586738113871
187_SMD_id_10_Facility_tr_5000_1st_15849.csv,POLY,0.5031004764172533,0.4298119695980174,-0.07328850681923593
818_Exathlon_id_9_Facility_tr_11665_1st_13484.csv,USAD,0.99970379614177,0.9261711141690632,-0.07353268197270679
191_SMD_id_14_Facility_tr_4596_1st_4696.csv,MOMENT (ZS),0.9453218226865564,0.8671711451997822,-0.07815067748677418
189_SMD_id_12_Facility_tr_5925_1st_17580.csv,POLY,0.9263230457070546,0.8445034576674284,-0.08181958803962619
310_UCR_id_8_HumanActivity_tr_2631_1st_8285.csv,Sub-LOF,0.085234376743859,0.0030164938794566,-0.0822178828644024
166_Stock_id_18_Finance_tr_500_1st_18.csv,SR,0.999709052130718,0.9171636672824648,-0.08254538484825324
734_YAHOO_id_184_WebService_tr_500_1st_768.csv,OmniAnomaly,0.9954075220651076,0.9121518059233849,-0.08325571614172278
274_IOPS_id_15_WebService_tr_4591_1st_4691.csv,MOMENT (FT),0.6734703496932296,0.5874679123565987,-0.08600243733663093
548_SMAP_id_18_Sensor_tr_2094_1st_5600.csv,SAND,0.9857438321030784,0.8981130335582084,-0.08763079854486999
828_Exathlon_id_19_Facility_tr_11663_1st_13482.csv,Sub-PCA,0.9319125508030188,0.8410220431137133,-0.09089050768930551
220_LTDB_id_5_Medical_tr_500_1st_26.csv,Series2Graph,0.7863309674212695,0.6925259993621415,-0.09380496805912797
358_UCR_id_56_Facility_tr_10500_1st_29080.csv,Sub-LOF,0.0968487684438182,0.0011299531512807,-0.0957188152925375
208_SMD_id_31_Facility_tr_5000_1st_15144.csv,Sub-PCA,0.7379767148603048,0.6421502145395209,-0.09582650032078388
293_TODS_id_7_Synthetic_tr_500_1st_7.csv,Chronos,0.6840174572582702,0.5877664443221311,-0.09625101293613914
255_SVDB_id_19_Medical_tr_50000_1st_54982.csv,Sub-KNN,0.3987400474649905,0.3008702839589007,-0.09786976350608978
540_SMAP_id_10_Sensor_tr_2051_1st_4575.csv,KShapeAD,0.9907464373161669,0.8877998762944613,-0.10294656102170552
151_Stock_id_3_Finance_tr_500_1st_62.csv,SR,0.9975434272993452,0.8896237208757793,-0.10791970642356585
298_TODS_id_12_Synthetic_tr_500_1st_0.csv,TimesFM,0.820314250555543,0.7119392681446165,-0.10837498241092647
530_UCR_id_228_HumanActivity_tr_16250_1st_38500.csv,LOF,0.1140142231481119,0.0048844116671192,-0.1091298114809927
276_IOPS_id_17_WebService_tr_19197_1st_19297.csv,IForest,0.489406903384516,0.3720152441075591,-0.11739165927695688
287_TODS_id_1_Synthetic_tr_500_1st_11.csv,SR,0.9821527632507104,0.860317399531345,-0.12183536371936543
534_SMAP_id_4_Sensor_tr_1968_1st_4370.csv,KShapeAD,0.9884783245918805,0.8640511003794874,-0.12442722421239305
288_TODS_id_2_Synthetic_tr_500_1st_65.csv,TimesFM,0.893209416018168,0.7661654293144619,-0.1270439867037061
439_UCR_id_137_HumanActivity_tr_48750_1st_110800.csv,CNN,0.6463641798235893,0.5156739629657155,-0.13069021685787374
178_SMD_id_1_Facility_tr_6000_1st_10609.csv,KMeansAD,0.279916504274691,0.1450841622555928,-0.1348323420190982
292_TODS_id_6_Synthetic_tr_500_1st_11.csv,Chronos,0.9783172752755692,0.8427485458030405,-0.13556872947252874
262_IOPS_id_3_WebService_tr_7028_1st_7128.csv,IForest,0.3060054129641131,0.1704206293129416,-0.1355847836511715
494_UCR_id_192_Facility_tr_22500_1st_72150.csv,SAND,0.1458023820199428,0.0053180969990481,-0.14048428502089472
297_TODS_id_11_Synthetic_tr_500_1st_7.csv,TimesFM,0.6765687034440035,0.5334359549636735,-0.14313274848033009
658_YAHOO_id_108_Synthetic_tr_500_1st_893.csv,IForest,1.0,0.8563539620687918,-0.14364603793120823
263_IOPS_id_4_WebService_tr_3482_1st_3582.csv,MOMENT (ZS),0.808331951828185,0.6630894540327579,-0.14524249779542708
160_Stock_id_12_Finance_tr_500_1st_14.csv,SR,0.9973235314817758,0.8479997438926655,-0.14932378758911025
657_YAHOO_id_107_WebService_tr_500_1st_1260.csv,IForest,1.0,0.8410554816936918,-0.15894451830630818
188_SMD_id_11_Facility_tr_500_1st_392.csv,MOMENT (FT),0.4643527937982312,0.3041281526478673,-0.1602246411503639
304_UCR_id_2_Medical_tr_2499_1st_7000.csv,MatrixProfile,0.2858522416850497,0.1236052615289848,-0.1622469801560649
319_UCR_id_17_Environment_tr_6166_1st_19280.csv,MOMENT (FT),0.6505947929029265,0.4810460952562802,-0.16954869764664632
500_UCR_id_198_Facility_tr_7482_1st_23357.csv,AutoEncoder,0.1858905821373813,0.0098542046867573,-0.176036377450624
199_SMD_id_22_Facility_tr_5925_1st_17580.csv,KMeansAD,0.9433676306841078,0.7664505702273806,-0.17691706045672717
311_UCR_id_9_HumanActivity_tr_16000_1st_38400.csv,Sub-LOF,0.2599235944108026,0.0798759940255781,-0.1800476003852245
373_UCR_id_71_Sensor_tr_2827_1st_5988.csv,MatrixProfile,0.1993685108719435,0.0142125582708289,-0.1851559526011146
571_YAHOO_id_21_Synthetic_tr_500_1st_623.csv,Lag-Llama,0.9823570064723552,0.796471483768891,-0.18588552270346426
807_YAHOO_id_257_WebService_tr_500_1st_1210.csv,OmniAnomaly,0.7360318531918502,0.5493779263850219,-0.18665392680682824
432_UCR_id_130_Facility_tr_23000_1st_26970.csv,KShapeAD,0.1998057769661999,0.0074220853876724,-0.1923836915785275
147_MSL_id_8_Sensor_tr_590_1st_690.csv,FITS,0.6444761934593974,0.4431513894706866,-0.20132480398871083
299_TODS_id_13_Synthetic_tr_500_1st_65.csv,TimesFM,0.9397603002880204,0.7327047881501527,-0.20705551213786766
396_UCR_id_94_Medical_tr_1875_1st_5607.csv,SAND,0.9782778735799464,0.7696764120808623,-0.2086014614990841
269_IOPS_id_10_WebService_tr_1216_1st_1728.csv,Sub-PCA,0.7220432862126581,0.5100800776650647,-0.21196320854759343
545_SMAP_id_15_Sensor_tr_1173_1st_2750.csv,TimesNet,0.9706143079678254,0.7575640797365693,-0.2130502282312562
296_TODS_id_10_Synthetic_tr_500_1st_26.csv,Chronos,0.9703335366625344,0.756214467698595,-0.2141190689639394
467_UCR_id_165_Environment_tr_6166_1st_19280.csv,MOMENT (FT),0.6147660296044878,0.399108394626641,-0.2156576349778468
289_TODS_id_3_Synthetic_tr_500_1st_26.csv,Chronos,0.9424464221619604,0.7238406008973337,-0.2186058212646267
445_UCR_id_143_Environment_tr_6166_1st_19280.csv,MOMENT (FT),0.671017893502728,0.4519169355030403,-0.2191009579996877
290_TODS_id_4_Synthetic_tr_500_1st_26.csv,SR,0.90172775901021,0.6791172387765338,-0.2226105202336761
315_UCR_id_13_HumanActivity_tr_16000_1st_33070.csv,IForest,0.2498241238738735,0.0270684043642879,-0.22275571950958561
741_YAHOO_id_191_WebService_tr_500_1st_1114.csv,KMeansAD,0.8818222759859512,0.6581735179699195,-0.22364875801603168
294_TODS_id_8_Synthetic_tr_500_1st_200.csv,MatrixProfile,0.7888067948475956,0.5547498365950663,-0.23405695825252937
141_MSL_id_2_Sensor_tr_500_1st_550.csv,POLY,0.9275813823665444,0.6927151067239824,-0.23486627564256202
267_IOPS_id_8_WebService_tr_1534_1st_1882.csv,SR,0.5338248061598019,0.2978620567896313,-0.2359627493701706
473_UCR_id_171_HumanActivity_tr_2617_1st_7290.csv,Sub-LOF,0.2390985145995865,0.0021512933977827,-0.2369472212018038
693_YAHOO_id_143_WebService_tr_500_1st_1003.csv,TimesFM,0.607595612992985,0.369322449292405,-0.23827316370058005
247_SVDB_id_11_Medical_tr_20100_1st_23611.csv,KMeansAD,0.8743703971980386,0.6305090801124541,-0.24386131708558445
275_IOPS_id_16_WebService_tr_1482_1st_1582.csv,MatrixProfile,0.4137131729245102,0.1650163868555323,-0.2486967860689779
415_UCR_id_113_Medical_tr_3000_1st_8612.csv,SAND,0.9969936441780102,0.7478688641127303,-0.24912478006527983
238_SVDB_id_2_Medical_tr_25000_1st_71963.csv,KShapeAD,0.9281401380854044,0.6751498409088964,-0.252990297176508
272_IOPS_id_13_WebService_tr_3442_1st_3542.csv,TimesNet,0.8764053312951345,0.6110243178494141,-0.2653810134457204
542_SMAP_id_12_Sensor_tr_1908_1st_4690.csv,SAND,1.0,0.7222839700484953,-0.2777160299515047
251_SVDB_id_15_Medical_tr_5421_1st_5521.csv,KShapeAD,0.9862331589501394,0.7023307754436635,-0.2839023835064759
817_Exathlon_id_8_Facility_tr_10766_1st_12590.csv,USAD,0.874370074858941,0.5790721220194875,-0.2952979528394535
301_TODS_id_15_Synthetic_tr_500_1st_245.csv,Series2Graph,0.7715285653946294,0.4743724702840526,-0.29715609511057683
822_Exathlon_id_13_Facility_tr_10766_1st_12590.csv,USAD,0.8772755263948759,0.5790721220194875,-0.2982034043753884
838_Exathlon_id_29_Facility_tr_10766_1st_12590.csv,USAD,0.8772769511802179,0.578376603786923,-0.29890034739329485
295_TODS_id_9_Synthetic_tr_1250_1st_2046.csv,Series2Graph,0.8719406569937935,0.5697448688796719,-0.3021957881141216
237_SVDB_id_1_Medical_tr_11587_1st_11687.csv,KShapeAD,0.9889733753758482,0.6861426828164099,-0.3028306925594383
474_UCR_id_172_Environment_tr_2046_1st_6520.csv,KMeansAD,0.91433295063083,0.6105465209944618,-0.30378642963636815
555_YAHOO_id_5_WebService_tr_500_1st_730.csv,TimesFM,0.9440573274774527,0.6249209379522349,-0.31913638952521783
264_IOPS_id_5_WebService_tr_11665_1st_11765.csv,AutoEncoder,0.7797001250305188,0.4602646280995203,-0.3194354969309985
227_MGAB_id_3_Synthetic_tr_25000_1st_44340.csv,Sub-LOF,0.3491658838306035,0.0034293665954437,-0.3457365172351598
240_SVDB_id_4_Medical_tr_18462_1st_18562.csv,KShapeAD,0.8220163298198647,0.471919355776252,-0.35009697404361273
248_SVDB_id_12_Medical_tr_18462_1st_18562.csv,KShapeAD,0.9330637076425524,0.5799216589457741,-0.35314204869677834
249_SVDB_id_13_Medical_tr_50000_1st_54982.csv,KShapeAD,0.6708463662241089,0.3123489388686302,-0.3584974273554787
245_SVDB_id_9_Medical_tr_12607_1st_12707.csv,KShapeAD,0.9486588100164924,0.5821066641867108,-0.3665521458297817
724_YAHOO_id_174_WebService_tr_500_1st_1030.csv,TimesFM,0.8437620439694469,0.4748103781410735,-0.36895166582837335
449_UCR_id_147_Sensor_tr_2847_1st_9330.csv,KShapeAD,0.7420917871658096,0.3700940835948728,-0.3719977035709368
579_YAHOO_id_29_WebService_tr_500_1st_1342.csv,KShapeAD,1.0,0.6209589271706711,-0.37904107282932886
226_MGAB_id_2_Synthetic_tr_20000_1st_45134.csv,Sub-LOF,0.3885716238113163,0.005334326631028,-0.3832372971802883
228_MGAB_id_4_Synthetic_tr_25000_1st_38948.csv,Sub-LOF,0.395803816006758,0.0057766705601269,-0.39002714544663114
232_MGAB_id_8_Synthetic_tr_25000_1st_32708.csv,Sub-LOF,0.3993234393663261,0.006008046363825,-0.39331539300250107
495_UCR_id_193_Environment_tr_2046_1st_6520.csv,KMeansAD,0.9051411408043036,0.5025090841276376,-0.402632056676666
334_UCR_id_32_HumanActivity_tr_1671_1st_2764.csv,AutoEncoder,0.4440186895809856,0.0223898660534428,-0.42162882352754283
229_MGAB_id_5_Synthetic_tr_25000_1st_33098.csv,Sub-LOF,0.4281140583849515,0.0063909966041127,-0.4217230617808388
221_LTDB_id_6_Medical_tr_500_1st_26.csv,SAND,0.7812123253213753,0.350816618935671,-0.4303957063857043
239_SVDB_id_3_Medical_tr_50000_1st_106634.csv,KShapeAD,0.7754787737219411,0.3365693865651748,-0.43890938715676625
254_SVDB_id_18_Medical_tr_30824_1st_30924.csv,KShapeAD,0.7627839528336958,0.3237550272949252,-0.4390289255387706
672_YAHOO_id_122_WebService_tr_500_1st_857.csv,KShapeAD,1.0,0.5584471235861619,-0.4415528764138381
493_UCR_id_191_Sensor_tr_2847_1st_9330.csv,Series2Graph,0.8161428936568124,0.3736302099678435,-0.44251268368896884
260_IOPS_id_1_WebService_tr_5000_1st_11804.csv,POLY,0.6537102304608683,0.2085823126086208,-0.4451279178522475
516_UCR_id_214_HumanActivity_tr_2108_1st_4702.csv,Series2Graph,0.4525542542373488,0.00120853877384,-0.4513457154635088
788_YAHOO_id_238_WebService_tr_500_1st_973.csv,KShapeAD,1.0,0.5270519984844894,-0.47294800151551064
219_LTDB_id_4_Medical_tr_3618_1st_3718.csv,AutoEncoder,0.995335687046831,0.5206770598179903,-0.47465862722884067
645_YAHOO_id_95_WebService_tr_500_1st_1047.csv,KShapeAD,1.0,0.5212223976310402,-0.47877760236895983
225_MGAB_id_1_Synthetic_tr_25000_1st_38478.csv,Sub-LOF,0.4866260194814325,0.0053978083860163,-0.48122821109541625
689_YAHOO_id_139_WebService_tr_500_1st_1073.csv,KShapeAD,1.0,0.515767210186899,-0.484232789813101
558_YAHOO_id_8_WebService_tr_500_1st_1125.csv,AutoEncoder,0.5341799068029839,0.0463446642954776,-0.48783524250750626
231_MGAB_id_7_Synthetic_tr_25000_1st_35544.csv,Sub-LOF,0.4946700355289419,0.0028303854778828,-0.4918396500510591
246_SVDB_id_10_Medical_tr_20100_1st_68460.csv,MatrixProfile,0.5079175888404579,0.0139615293877787,-0.4939560594526792
145_MSL_id_6_Sensor_tr_530_1st_630.csv,KMeansAD,0.9970733346910404,0.4904948408473463,-0.5065784938436941
499_UCR_id_197_Environment_tr_2046_1st_5703.csv,Sub-KNN,0.6693059027985462,0.1614828849431078,-0.5078230178554384
313_UCR_id_11_Sensor_tr_2827_1st_4711.csv,Sub-KNN,0.9692113140382712,0.4393878410082675,-0.5298234730300038
209_SMD_id_32_Facility_tr_5925_1st_17580.csv,USAD,0.9162330966419392,0.3826658109026582,-0.533567285739281
405_UCR_id_103_Sensor_tr_2827_1st_5988.csv,Sub-PCA,0.5552612157875827,0.0129217557961824,-0.5423394599914003
541_SMAP_id_11_Sensor_tr_1832_1st_5300.csv,POLY,0.9753846778952224,0.4187473565258797,-0.5566373213693427
835_Exathlon_id_26_Facility_tr_10766_1st_12590.csv,Sub-PCA,0.9288599365222696,0.3620114678710001,-0.5668484686512696
821_Exathlon_id_12_Facility_tr_6985_1st_7085.csv,USAD,0.9875835107071932,0.418526871300661,-0.5690566394065322
426_UCR_id_124_Sensor_tr_2827_1st_4711.csv,Sub-LOF,0.98261086401905,0.4095543166172483,-0.5730565474018017
224_LTDB_id_9_Medical_tr_4456_1st_4556.csv,Series2Graph,0.9447163916005548,0.3712668091518747,-0.57344958244868
496_UCR_id_194_Environment_tr_2046_1st_5391.csv,SR,0.5799655018013593,0.0060454739401838,-0.5739200278611755
266_IOPS_id_7_WebService_tr_4010_1st_4110.csv,Sub-PCA,0.620051205470651,0.0400512752396659,-0.5799999302309851
526_UCR_id_224_Sensor_tr_2827_1st_4711.csv,Sub-LOF,0.9716767598951994,0.3888193355791805,-0.582857424316019
762_YAHOO_id_212_WebService_tr_500_1st_1055.csv,KShapeAD,0.8818222759859512,0.2477426078540084,-0.6340796681319428
346_UCR_id_44_Medical_tr_7456_1st_17390.csv,AutoEncoder,0.6460463786446082,0.0034450809950544,-0.6426012976495539
506_UCR_id_204_Environment_tr_2046_1st_5549.csv,Sub-MCD,0.757636842713395,0.1083262082178406,-0.6493106344955545
547_SMAP_id_17_Sensor_tr_2133_1st_5400.csv,POLY,0.8160689406156819,0.159461100316856,-0.6566078402988259
233_MGAB_id_9_Synthetic_tr_25000_1st_41300.csv,MatrixProfile,0.6765731222735989,0.005145437370008,-0.6714276849035908
420_UCR_id_118_Facility_tr_13750_1st_52600.csv,Series2Graph,0.9358991750682896,0.2552899035881258,-0.6806092714801637
387_UCR_id_85_Environment_tr_2046_1st_5549.csv,Sub-MCD,0.7924937212425093,0.0838649037731324,-0.7086288174693769
156_Stock_id_8_Finance_tr_500_1st_24.csv,SR,0.9882580391985696,0.2715299232118296,-0.71672811598674
452_UCR_id_150_Facility_tr_10000_1st_35774.csv,POLY,0.8960027289657913,0.1765525270617843,-0.719450201904007
256_SVDB_id_20_Medical_tr_6264_1st_6364.csv,KShapeAD,0.8903908665253718,0.1644533272508878,-0.725937539274484
243_SVDB_id_7_Medical_tr_11393_1st_11493.csv,KShapeAD,0.9356573401473358,0.1956571197462144,-0.7400002204011215
471_UCR_id_169_Facility_tr_10000_1st_35774.csv,MatrixProfile,0.7752333556004439,0.0135999056829172,-0.7616334499175267
504_UCR_id_202_Environment_tr_2046_1st_5549.csv,Sub-MCD,0.8237940073233173,0.057362078505417,-0.7664319288179003
216_LTDB_id_1_Medical_tr_500_1st_266.csv,SAND,0.9336614297964688,0.1603279131676996,-0.7733335166287693
218_LTDB_id_3_Medical_tr_500_1st_266.csv,SAND,0.9086461261590424,0.1222891640012781,-0.7863569621577643
837_Exathlon_id_28_Facility_tr_8898_1st_8998.csv,Sub-PCA,0.9996720028794096,0.200387158952442,-0.7992848439269676
309_UCR_id_7_Medical_tr_3000_1st_5948.csv,KShapeAD,0.9976534530921924,0.189087287263713,-0.8085661658284795
236_SED_id_3_Medical_tr_3740_1st_3840.csv,Sub-HBOS,0.8774017826134639,0.0553833751790894,-0.8220184074343745
364_UCR_id_62_Sensor_tr_2833_1st_5988.csv,Sub-MCD,0.9936684564944968,0.163275141994993,-0.8303933144995037
223_LTDB_id_8_Medical_tr_4456_1st_4556.csv,KShapeAD,0.9900315261444648,0.1586873765161321,-0.8313441496283327
316_UCR_id_14_Sensor_tr_2833_1st_5988.csv,Sub-KNN,0.9871209383490906,0.1535622950697417,-0.8335586432793489
326_UCR_id_24_Medical_tr_1875_1st_4187.csv,KShapeAD,0.8836950814341739,0.0493334592909699,-0.834361622143204
437_UCR_id_135_Medical_tr_2499_1st_8000.csv,KMeansAD,0.8410089742810288,0.0015877926066937,-0.8394211816743351
234_SED_id_1_Medical_tr_3740_1st_3840.csv,KShapeAD,0.9156915658786728,0.0735189880987418,-0.842172577779931
371_UCR_id_69_Medical_tr_1853_1st_6200.csv,SAND,0.9711459382785206,0.1159184264171966,-0.855227511861324
369_UCR_id_67_Sensor_tr_2750_1st_5400.csv,KMeansAD,0.9799953449580702,0.1078329114822229,-0.8721624334758473
436_UCR_id_134_Medical_tr_1875_1st_4526.csv,Sub-LOF,0.9024297241616744,0.0263858265375886,-0.8760438976240859
544_SMAP_id_14_Sensor_tr_1978_1st_4450.csv,SAND,0.9937902417863944,0.1162223407970273,-0.8775679009893671
401_UCR_id_99_HumanActivity_tr_1671_1st_5920.csv,USAD,0.9962568285170054,0.1079401299306265,-0.8883166985863789
244_SVDB_id_8_Medical_tr_17803_1st_17903.csv,KShapeAD,0.9498252948200988,0.0559643392368559,-0.8938609555832429
810_Exathlon_id_1_Facility_tr_10766_1st_12590.csv,USAD,0.9958298803352532,0.1007153809939799,-0.8951144993412733
253_SVDB_id_17_Medical_tr_17803_1st_17903.csv,KShapeAD,0.9581270316347708,0.0553123916736182,-0.9028146399611525
406_UCR_id_104_Facility_tr_20000_1st_67950.csv,POLY,0.917508366998484,0.0127238284196082,-0.9047845385788759
546_SMAP_id_16_Sensor_tr_2117_1st_4770.csv,KMeansAD,0.9593661663954566,0.046603220367654,-0.9127629460278026
417_UCR_id_115_Sensor_tr_2750_1st_5400.csv,KMeansAD,0.9793156633803544,0.0647504906445491,-0.9145651727358053
339_UCR_id_37_Sensor_tr_2750_1st_5400.csv,KMeansAD,0.9808159569947508,0.0661821098618965,-0.9146338471328542
241_SVDB_id_5_Medical_tr_11587_1st_11687.csv,KShapeAD,0.99793375116619,0.0743079885482507,-0.9236257626179393
644_YAHOO_id_94_WebService_tr_500_1st_1078.csv,AutoEncoder,0.977014093947896,0.0490304377895152,-0.9279836561583807
361_UCR_id_59_Medical_tr_3000_1st_7175.csv,KMeansAD,0.993254334223809,0.0501923789326572,-0.9430619552911519
144_MSL_id_5_Sensor_tr_1525_1st_4590.csv,KShapeAD,0.9874240306772992,0.0232762854302354,-0.9641477452470638
391_UCR_id_89_Medical_tr_1875_1st_5759.csv,KMeansAD,0.9946827155072654,0.0265075908295038,-0.9681751246777616
332_UCR_id_30_Facility_tr_13750_1st_52600.csv,KShapeAD,0.9734223853444746,0.0039654513656589,-0.9694569339788157
419_UCR_id_117_Facility_tr_3000_1st_6168.csv,KMeansAD,0.9959693966293244,0.0083639848088459,-0.9876054118204785
400_UCR_id_98_Environment_tr_2046_1st_5391.csv,Chronos,1.0,0.0045280047387133,-0.9954719952612867
