file,Best_Baseline_Algo,Best_Baseline_Score,Best_TSPulse_Algo,Best_TSPulse_Score,TSPulse_ZS_ensemble,TSPulse2,Diff_TSPulse2_vs_Baseline,Diff_ZS_vs_Baseline,Diff_TSPulse2_vs_Best_TSPulse,Diff_TSPulse2_vs_Ensemble
031_MITDB_id_13_Medical_tr_50000_1st_79433,KMeansAD,0.0336631854634044,TSPulse_ZS_fft,0.917171,0.608345,0.993712,0.9600488145365956,0.8835078145365955,0.07654100000000008,0.385367
047_GHL_id_16_Sensor_tr_50000_1st_77001,CBLOF,0.0365218704688566,TSPulse_ZS_fft,0.863771,0.714673,0.943085,0.9065631295311434,0.8272491295311434,0.079314,0.22841199999999995
010_MSL_id_9_Sensor_tr_554_1st_1172,OCSVM,0.099112949362464,TSPulse_ZS_time,0.690398,0.110397,0.891028,0.7919150506375361,0.591285050637536,0.20063000000000009,0.7806310000000001
137_CreditCard_id_1_Finance_tr_500_1st_541,PCA,0.102513904913074,TSPulse_ZS_ensemble,0.762841,0.762841,0.869305,0.766791095086926,0.660327095086926,0.106464,0.106464
052_GHL_id_21_Sensor_tr_50000_1st_98001,CBLOF,0.0226398495825579,TSPulse_ZS_ensemble,0.998459,0.998459,0.760815,0.7381751504174421,0.975819150417442,-0.23764399999999997,-0.23764399999999997
168_SMAP_id_25_Sensor_tr_1998_1st_2098,KMeansAD,0.1803305902545121,TSPulse_ZS_ensemble,0.650963,0.650963,0.914212,0.733881409745488,0.47063240974548787,0.26324900000000007,0.26324900000000007
129_OPPORTUNITY_id_1_HumanActivity_tr_1801_1st_1901,LOF,0.2351509014733171,TSPulse_ZS_fft,0.696781,0.14032,0.959639,0.7244880985266829,0.4616300985266829,0.26285800000000004,0.819319
088_SVDB_id_5_Medical_tr_500_1st_168,KMeansAD,0.1755326511048738,TSPulse_ZS_time,0.944115,0.765379,0.891135,0.7156023488951262,0.7685823488951262,-0.05298000000000003,0.12575599999999998
094_SVDB_id_11_Medical_tr_20100_1st_23611,OmniAnomaly,0.2921698888684662,TSPulse_ZS_time,0.965454,0.555965,0.999982,0.7078121111315339,0.6732841111315339,0.034528,0.444017
048_GHL_id_17_Sensor_tr_50000_1st_154001,KMeansAD,0.0479172744363794,TSPulse_ZS_fft,0.756633,0.676233,0.744081,0.6961637255636206,0.7087157255636206,-0.012552000000000008,0.06784800000000002
084_SVDB_id_1_Medical_tr_12973_1st_13073,OmniAnomaly,0.1518426306536869,TSPulse_ZS_time,0.842446,0.382776,0.844032,0.6921893693463131,0.6906033693463132,0.0015859999999999763,0.461256
106_SVDB_id_23_Medical_tr_37500_1st_121963,OmniAnomaly,0.2298731100312313,TSPulse_ZS_fft,0.92469,0.596594,0.921728,0.6918548899687686,0.6948168899687688,-0.00296200000000002,0.32513400000000003
138_CATSv2_id_1_Sensor_tr_16568_1st_16668,FITS,0.2013374605640239,TSPulse_ZS_time,0.618285,0.103172,0.883855,0.682517539435976,0.41694753943597607,0.26557,0.7806829999999999
056_GHL_id_25_Sensor_tr_50000_1st_105568,OmniAnomaly,0.1272724792002033,TSPulse_ZS_fft,0.890658,0.695348,0.778439,0.6511665207997968,0.7633855207997966,-0.11221899999999996,0.08309100000000003
020_MITDB_id_2_Medical_tr_50000_1st_52315,USAD,0.0221555935612716,TSPulse_ZS_fft,0.76971,0.661718,0.666569,0.6444134064387284,0.7475544064387284,-0.10314100000000004,0.004850999999999939
024_MITDB_id_6_Medical_tr_50000_1st_58118,USAD,0.1460043732641005,TSPulse_ZS_forecast,0.394247,0.259403,0.715262,0.5692576267358994,0.2482426267358995,0.32101499999999994,0.45585899999999996
112_SVDB_id_29_Medical_tr_8226_1st_8326,OmniAnomaly,0.0284883132890941,TSPulse_ZS_forecast,0.938364,0.33641,0.595737,0.5672486867109059,0.9098756867109059,-0.342627,0.259327
147_SMAP_id_4_Sensor_tr_2160_1st_6449,KMeansAD,0.2269003239004033,TSPulse_ZS_forecast,0.816382,0.236709,0.782222,0.5553216760995967,0.5894816760995968,-0.03416000000000008,0.5455129999999999
161_SMAP_id_18_Sensor_tr_2075_1st_5550,OmniAnomaly,0.2384627535213032,TSPulse_ZS_time,0.668257,0.649846,0.784699,0.5462362464786968,0.4297942464786968,0.11644200000000005,0.134853
110_SVDB_id_27_Medical_tr_30824_1st_30924,USAD,0.0885940688137656,TSPulse_ZS_time,0.678646,0.620337,0.629311,0.5407169311862343,0.5900519311862343,-0.04933500000000002,0.008973999999999926
038_GHL_id_7_Sensor_tr_50000_1st_100001,USAD,0.134137942563697,TSPulse_ZS_fft,0.765837,0.408749,0.673304,0.5391660574363031,0.6316990574363031,-0.09253299999999998,0.26455500000000004
033_GHL_id_2_Sensor_tr_50000_1st_51001,KMeansAD,0.0229460950022417,TSPulse_ZS_time,0.928343,0.182162,0.549913,0.5269669049977583,0.9053969049977584,-0.37843000000000004,0.367751
054_GHL_id_23_Sensor_tr_50000_1st_135001,OCSVM,0.1284367276908022,TSPulse_ZS_time,0.305481,0.272303,0.646535,0.5180982723091978,0.1770442723091978,0.34105399999999997,0.37423199999999995
029_MITDB_id_11_Medical_tr_50000_1st_518037,OmniAnomaly,0.1873157902759864,TSPulse_ZS_ensemble,0.839292,0.839292,0.700297,0.5129812097240135,0.6519762097240136,-0.1389950000000001,-0.1389950000000001
006_MSL_id_5_Sensor_tr_1150_1st_1250,Donut,0.4190173958477221,TSPulse_ZS_forecast,0.531116,0.23528,0.931971,0.512953604152278,0.11209860415227796,0.40085499999999996,0.696691
073_SMD_id_17_Facility_tr_5926_1st_10620,CNN,0.4541513615095516,TSPulse_ZS_fft,0.76261,0.629686,0.924873,0.47072163849044835,0.3084586384904484,0.16226299999999994,0.295187
061_SMD_id_5_Facility_tr_7176_1st_15144,RobustPCA,0.4127017851289086,TSPulse_ZS_ensemble,0.523006,0.523006,0.868686,0.45598421487109136,0.11030421487109138,0.34568,0.34568
136_OPPORTUNITY_id_8_HumanActivity_tr_1495_1st_1595,PCA,0.1359645139849822,TSPulse_ZS_time,0.738313,0.41816,0.590832,0.4548674860150178,0.6023484860150178,-0.14748099999999997,0.17267200000000005
059_SMD_id_3_Facility_tr_757_1st_857,KNN,0.4361267193227304,TSPulse_ZS_time,0.922458,0.788056,0.888729,0.4526022806772696,0.4863312806772696,-0.03372900000000001,0.10067300000000001
034_GHL_id_3_Sensor_tr_50000_1st_122001,LSTMAD,0.0771898859655049,TSPulse_ZS_fft,0.912565,0.859942,0.525427,0.44823711403449507,0.835375114034495,-0.387138,-0.334515
070_SMD_id_14_Facility_tr_1070_1st_1170,KMeansAD,0.4404126279292835,TSPulse_ZS_time,0.818937,0.360145,0.885226,0.4448133720707165,0.37852437207071654,0.06628899999999993,0.5250809999999999
060_SMD_id_4_Facility_tr_7176_1st_10609,AutoEncoder,0.531336151573894,TSPulse_ZS_forecast,0.84164,0.301618,0.968002,0.436665848426106,0.31030384842610603,0.12636199999999997,0.6663840000000001
068_SMD_id_12_Facility_tr_1099_1st_1199,KMeansAD,0.5488713125669745,TSPulse_ZS_fft,0.95669,0.956357,0.978008,0.42913668743302547,0.4078186874330255,0.021317999999999948,0.021650999999999976
026_MITDB_id_8_Medical_tr_30495_1st_30595,OmniAnomaly,0.2424360276424477,TSPulse_ZS_fft,0.329623,0.07511,0.658431,0.4159949723575523,0.0871869723575523,0.328808,0.583321
114_SVDB_id_31_Medical_tr_25000_1st_63090,OmniAnomaly,0.0135523590504782,TSPulse_ZS_time,0.66919,0.128356,0.427347,0.4137946409495218,0.6556376409495217,-0.24184299999999997,0.298991
041_GHL_id_10_Sensor_tr_50000_1st_57001,KMeansAD,0.0177580348726307,TSPulse_ZS_fft,0.880743,0.341832,0.417627,0.3998689651273693,0.8629849651273693,-0.463116,0.075795
036_GHL_id_5_Sensor_tr_50000_1st_67147,RobustPCA,0.2089867230424667,TSPulse_ZS_forecast,0.530044,0.407918,0.6068,0.3978132769575333,0.3210572769575333,0.07675600000000005,0.198882
039_GHL_id_8_Sensor_tr_50000_1st_63030,OmniAnomaly,0.0646009825821089,TSPulse_ZS_forecast,0.981489,0.101052,0.438052,0.3734510174178911,0.916888017417891,-0.543437,0.33699999999999997
035_GHL_id_4_Sensor_tr_50000_1st_90001,OmniAnomaly,0.0546803463056689,TSPulse_ZS_fft,0.839507,0.730311,0.424783,0.37010265369433115,0.7848266536943311,-0.414724,-0.305528
108_SVDB_id_25_Medical_tr_1238_1st_1338,OmniAnomaly,0.5062602992126449,TSPulse_ZS_fft,0.680757,0.266964,0.866635,0.3603747007873551,0.17449670078735502,0.1858780000000001,0.5996710000000001
139_CATSv2_id_2_Sensor_tr_5592_1st_5692,PCA,0.1201140090705013,TSPulse_ZS_fft,0.98898,0.847056,0.472791,0.3526769909294987,0.8688659909294987,-0.516189,-0.374265
163_SMAP_id_20_Sensor_tr_2051_1st_4575,KMeansAD,0.065517277193106,TSPulse_ZS_forecast,0.54292,0.044625,0.412305,0.34678772280689396,0.47740272280689394,-0.13061499999999998,0.36768
042_GHL_id_11_Sensor_tr_50000_1st_150001,LSTMAD,0.1071712612396772,TSPulse_ZS_fft,0.832732,0.421223,0.445679,0.3385077387603228,0.7255607387603228,-0.38705300000000004,0.024455999999999978
009_MSL_id_8_Sensor_tr_714_1st_1390,OFA,0.1476322660357973,TSPulse_ZS_time,0.587034,0.470569,0.478727,0.33109473396420275,0.4394017339642027,-0.10830699999999993,0.008157999999999999
089_SVDB_id_6_Medical_tr_50000_1st_83083,OmniAnomaly,0.0904374604554431,TSPulse_ZS_ensemble,0.99877,0.99877,0.420411,0.3299735395445569,0.908332539544557,-0.5783590000000001,-0.5783590000000001
146_SMAP_id_3_Sensor_tr_2128_1st_5000,Donut,0.3419306639317378,TSPulse_ZS_time,0.90447,0.399241,0.660708,0.31877733606826214,0.5625393360682622,-0.24376200000000003,0.26146699999999995
086_SVDB_id_3_Medical_tr_533_1st_633,KMeansAD,0.285100043310714,TSPulse_ZS_fft,0.979774,0.482463,0.587069,0.30196895668928597,0.6946739566892861,-0.3927050000000001,0.10460599999999998
025_MITDB_id_7_Medical_tr_37500_1st_88864,CNN,0.5577890606279379,TSPulse_ZS_fft,0.958455,0.339687,0.859471,0.3016819393720621,0.4006659393720621,-0.09898399999999996,0.519784
148_SMAP_id_5_Sensor_tr_2011_1st_5060,LSTMAD,0.6657186754202163,TSPulse_ZS_fft,0.963939,0.282904,0.956297,0.2905783245797836,0.29822032457978365,-0.007642000000000038,0.6733929999999999
173_GECCO_id_1_Sensor_tr_16165_1st_16265,PCA,0.201533447872178,TSPulse_ZS_fft,0.964789,0.81393,0.488202,0.28666855212782205,0.763255552127822,-0.476587,-0.325728
095_SVDB_id_12_Medical_tr_6264_1st_6364,OmniAnomaly,0.1785593894606015,TSPulse_ZS_forecast,0.905867,0.750157,0.463266,0.2847066105393985,0.7273076105393985,-0.44260099999999997,-0.28689099999999995
102_SVDB_id_19_Medical_tr_50000_1st_107354,USAD,0.4852589933016209,TSPulse_ZS_ensemble,0.841036,0.841036,0.767548,0.2822890066983791,0.3557770066983791,-0.073488,-0.073488
055_GHL_id_24_Sensor_tr_50000_1st_118124,LSTMAD,0.053680553416385,TSPulse_ZS_fft,0.865906,0.843474,0.335792,0.282111446583615,0.812225446583615,-0.530114,-0.507682
152_SMAP_id_9_Sensor_tr_2073_1st_5600,KMeansAD,0.1266358569256149,TSPulse_ZS_fft,0.961377,0.23723,0.396244,0.2696081430743851,0.8347411430743852,-0.5651330000000001,0.159014
135_OPPORTUNITY_id_7_HumanActivity_tr_2085_1st_2185,PCA,0.2365822430092415,TSPulse_ZS_time,0.779818,0.171922,0.49718,0.2605977569907585,0.5432357569907585,-0.282638,0.32525800000000005
157_SMAP_id_14_Sensor_tr_2126_1st_5000,Donut,0.310127885707356,TSPulse_ZS_forecast,0.989982,0.669621,0.568985,0.25885711429264396,0.679854114292644,-0.42099700000000007,-0.10063600000000006
081_LTDB_id_3_Medical_tr_500_1st_26,OmniAnomaly,0.6805255088100534,TSPulse_ZS_time,0.817534,0.400382,0.935348,0.2548224911899466,0.13700849118994662,0.11781399999999997,0.5349659999999999
141_CATSv2_id_4_Sensor_tr_41727_1st_41827,PCA,0.2459297349361418,TSPulse_ZS_fft,0.834577,0.643288,0.493053,0.24712326506385823,0.5886472650638582,-0.341524,-0.15023499999999995
018_Daphnet_id_1_HumanActivity_tr_9693_1st_20732,USAD,0.3404924790834234,TSPulse_ZS_time,0.845813,0.595116,0.567099,0.22660652091657663,0.5053205209165766,-0.278714,-0.02801699999999996
077_SMD_id_21_Facility_tr_3026_1st_3126,KMeansAD,0.4169783121734766,TSPulse_ZS_forecast,0.901351,0.671259,0.636502,0.21952368782652343,0.48437268782652343,-0.264849,-0.03475700000000004
005_MSL_id_4_Sensor_tr_855_1st_2700,KMeansAD,0.1132038200828637,TSPulse_ZS_ensemble,0.613697,0.613697,0.325791,0.2125871799171363,0.5004931799171364,-0.28790600000000005,-0.28790600000000005
021_MITDB_id_3_Medical_tr_50000_1st_57595,CNN,0.0665544732568446,TSPulse_ZS_forecast,0.86885,0.621187,0.266532,0.1999775267431554,0.8022955267431554,-0.602318,-0.35465500000000005
153_SMAP_id_10_Sensor_tr_1840_1st_4030,KMeansAD,0.0726376315701424,TSPulse_ZS_fft,0.672462,0.470263,0.256408,0.1837703684298576,0.5998243684298576,-0.416054,-0.21385499999999996
050_GHL_id_19_Sensor_tr_43750_1st_55001,AnomalyTransformer,0.2459494974192974,TSPulse_ZS_ensemble,0.885367,0.885367,0.425792,0.1798425025807026,0.6394175025807026,-0.459575,-0.459575
169_SMAP_id_26_Sensor_tr_1811_1st_4510,TimesNet,0.2439611665747793,TSPulse_ZS_time,0.993842,0.072625,0.411376,0.16741483342522073,0.7498808334252207,-0.5824659999999999,0.338751
058_SMD_id_2_Facility_tr_1087_1st_1187,MCD,0.6597818658189846,TSPulse_ZS_forecast,0.727604,0.107355,0.819726,0.15994413418101538,0.06782213418101546,0.09212199999999993,0.712371
104_SVDB_id_21_Medical_tr_50000_1st_106634,OmniAnomaly,0.3594587691048738,TSPulse_ZS_time,0.987034,0.649626,0.51632,0.1568612308951262,0.6275752308951261,-0.47071399999999997,-0.13330600000000004
103_SVDB_id_20_Medical_tr_12167_1st_12267,KMeansAD,0.1287157338839227,TSPulse_ZS_fft,0.916329,0.735851,0.280617,0.1519012661160773,0.7876132661160773,-0.6357119999999999,-0.455234
143_CATSv2_id_6_Sensor_tr_50000_1st_60232,MCD,0.2327530537365804,TSPulse_ZS_time,0.952607,0.612302,0.371744,0.13899094626341962,0.7198539462634196,-0.5808629999999999,-0.240558
087_SVDB_id_4_Medical_tr_5421_1st_5521,USAD,0.6738361930040668,TSPulse_ZS_fft,0.669863,0.658585,0.809665,0.13582880699593314,-0.003973193004066844,0.13980199999999998,0.15108
083_LTDB_id_5_Medical_tr_15502_1st_15602,OmniAnomaly,0.0761471835179089,TSPulse_ZS_ensemble,0.601837,0.601837,0.194604,0.1184568164820911,0.525689816482091,-0.40723299999999996,-0.40723299999999996
101_SVDB_id_18_Medical_tr_1851_1st_1951,OmniAnomaly,0.6199153940882237,TSPulse_ZS_time,0.936067,0.429481,0.733895,0.11397960591177625,0.31615160591177627,-0.20217200000000002,0.30441399999999996
064_SMD_id_8_Facility_tr_2272_1st_2372,KMeansAD,0.4136035571127892,TSPulse_ZS_ensemble,0.653448,0.653448,0.513967,0.10036344288721077,0.23984444288721085,-0.13948100000000008,-0.13948100000000008
096_SVDB_id_13_Medical_tr_500_1st_444,OmniAnomaly,0.2058007301679089,TSPulse_ZS_fft,0.822866,0.421871,0.299927,0.0941262698320911,0.6170652698320911,-0.522939,-0.121944
032_GHL_id_1_Sensor_tr_50000_1st_65001,KMeansAD,0.0264256936777046,TSPulse_ZS_ensemble,0.756834,0.756834,0.118404,0.0919783063222954,0.7304083063222954,-0.63843,-0.63843
037_GHL_id_6_Sensor_tr_50000_1st_80001,KMeansAD,0.0304711049108006,TSPulse_ZS_forecast,0.911715,0.850461,0.121863,0.0913918950891994,0.8812438950891994,-0.789852,-0.7285980000000001
046_GHL_id_15_Sensor_tr_50000_1st_156462,IForest,0.7612415483369298,TSPulse_ZS_ensemble,0.916918,0.916918,0.852238,0.09099645166307024,0.1556764516630702,-0.06467999999999996,-0.06467999999999996
098_SVDB_id_15_Medical_tr_500_1st_303,KMeansAD,0.2206525788438121,TSPulse_ZS_forecast,0.855639,0.64879,0.310248,0.08959542115618793,0.634986421156188,-0.545391,-0.33854199999999995
044_GHL_id_13_Sensor_tr_50000_1st_145001,Donut,0.0564973090299701,TSPulse_ZS_ensemble,0.805982,0.805982,0.145364,0.08886669097002989,0.7494846909700299,-0.6606179999999999,-0.6606179999999999
154_SMAP_id_11_Sensor_tr_2117_1st_4770,AnomalyTransformer,0.0354266869037413,TSPulse_ZS_time,0.973957,0.666643,0.124069,0.0886423130962587,0.9385303130962587,-0.849888,-0.542574
069_SMD_id_13_Facility_tr_5925_1st_12760,RobustPCA,0.3575723638346737,TSPulse_ZS_time,0.550307,0.348916,0.437277,0.0797046361653263,0.19273463616532627,-0.11302999999999996,0.08836100000000002
027_MITDB_id_9_Medical_tr_25000_1st_52255,CNN,0.021454439391828,TSPulse_ZS_time,0.833687,0.489858,0.097457,0.07600256060817201,0.812232560608172,-0.7362299999999999,-0.392401
080_LTDB_id_2_Medical_tr_500_1st_266,KMeansAD,0.6972708571790771,TSPulse_ZS_time,0.736,0.064783,0.770504,0.07323314282092286,0.03872914282092288,0.03450399999999998,0.7057209999999999
091_SVDB_id_8_Medical_tr_500_1st_126,OmniAnomaly,0.5239290039930309,TSPulse_ZS_forecast,0.731787,0.225457,0.590054,0.06612499600696908,0.20785799600696908,-0.141733,0.36459699999999995
067_SMD_id_11_Facility_tr_1980_1st_2080,PCA,0.0726698116990663,TSPulse_ZS_time,0.927339,0.306047,0.1073,0.0346301883009337,0.8546691883009337,-0.820039,-0.198747
162_SMAP_id_19_Sensor_tr_1908_1st_4690,KMeansAD,0.8329620561630944,TSPulse_ZS_ensemble,0.753825,0.753825,0.862911,0.029948943836905606,-0.07913705616309441,0.10908600000000002,0.10908600000000002
165_SMAP_id_22_Sensor_tr_2129_1st_5000,CBLOF,0.3380207670113687,TSPulse_ZS_time,0.517512,0.461768,0.367835,0.02981423298863134,0.1794912329886313,-0.14967699999999995,-0.09393299999999999
051_GHL_id_20_Sensor_tr_50000_1st_75110,OmniAnomaly,0.0304377276615971,TSPulse_ZS_forecast,0.352414,0.019441,0.055516,0.0250782723384029,0.3219762723384029,-0.296898,0.036075
189_Exathlon_id_16_Facility_tr_11663_1st_13482,MCD,0.9824009980645094,TSPulse_ZS_ensemble,0.975993,0.975993,0.983005,0.0006040019354905946,-0.006407998064509424,0.007012000000000018,0.007012000000000018
170_SMAP_id_27_Sensor_tr_2160_1st_4690,KNN,0.0334640503247682,TSPulse_ZS_forecast,0.98521,0.817179,0.033639,0.00017494967523180166,0.9517459496752319,-0.9515710000000001,-0.78354
008_MSL_id_7_Sensor_tr_656_1st_1630,CNN,0.9316206770622772,TSPulse_ZS_ensemble,0.854237,0.854237,0.920636,-0.010984677062277237,-0.07738367706227722,0.06639899999999999,0.06639899999999999
099_SVDB_id_16_Medical_tr_1115_1st_1215,OmniAnomaly,0.5329036729609078,TSPulse_ZS_forecast,0.885659,0.877487,0.5184,-0.01450367296090782,0.3527553270390922,-0.367259,-0.35908700000000005
030_MITDB_id_12_Medical_tr_50000_1st_84572,KMeansAD,0.1027069757586407,TSPulse_ZS_time,0.364821,0.01341,0.076663,-0.026043975758640703,0.2621140242413593,-0.288158,0.06325299999999999
194_Exathlon_id_21_Facility_tr_6985_1st_7085,PCA,0.9928347906841356,TSPulse_ZS_fft,0.910996,0.879151,0.957317,-0.03551779068413563,-0.08183879068413558,0.046320999999999946,0.07816599999999996
118_TAO_id_3_Environment_tr_500_1st_7,AutoEncoder,0.9989710015153512,TSPulse_ZS_time,0.851032,0.472604,0.959246,-0.03972500151535119,-0.14793900151535122,0.10821400000000003,0.486642
125_TAO_id_10_Environment_tr_500_1st_9,PCA,0.9999962043132364,TSPulse_ZS_ensemble,0.951762,0.951762,0.955876,-0.04412020431323649,-0.04823420431323644,0.004113999999999951,0.004113999999999951
151_SMAP_id_8_Sensor_tr_1971_1st_4870,KMeansAD,0.3301285792096704,TSPulse_ZS_time,0.547843,0.288914,0.280979,-0.049149579209670446,0.21771442079032954,-0.266864,-0.007935000000000025
196_Exathlon_id_23_Facility_tr_11665_1st_13484,MCD,0.977763328141098,TSPulse_ZS_forecast,0.963399,0.708756,0.920131,-0.05763232814109798,-0.014364328141098004,-0.04326799999999997,0.21137499999999998
191_Exathlon_id_18_Facility_tr_11665_1st_13484,AutoEncoder,0.9910129258664192,TSPulse_ZS_forecast,0.599259,0.037767,0.931283,-0.05972992586641923,-0.3917539258664192,0.332024,0.893516
109_SVDB_id_26_Medical_tr_1038_1st_1138,OmniAnomaly,0.2842242409305809,TSPulse_ZS_fft,0.72371,0.321314,0.221812,-0.0624122409305809,0.43948575906941906,-0.501898,-0.09950199999999998
171_SWaT_id_1_Sensor_tr_3749_1st_9522,AutoEncoder,0.6071858744094806,TSPulse_ZS_forecast,0.707906,0.234441,0.539544,-0.06764187440948055,0.10072012559051946,-0.168362,0.305103
145_SMAP_id_2_Sensor_tr_2133_1st_5400,OmniAnomaly,0.2649366694645533,TSPulse_ZS_forecast,0.776405,0.542736,0.190764,-0.07417266946455331,0.5114683305354467,-0.5856410000000001,-0.351972
142_CATSv2_id_5_Sensor_tr_30704_1st_30804,OFA,0.1721899341228927,TSPulse_ZS_fft,0.721995,0.369745,0.095142,-0.07704793412289271,0.5498050658771073,-0.6268530000000001,-0.274603
045_GHL_id_14_Sensor_tr_50000_1st_85076,Donut,0.1041822677089203,TSPulse_ZS_time,0.688509,0.442893,0.024323,-0.07985926770892031,0.5843267322910797,-0.664186,-0.41857
022_MITDB_id_4_Medical_tr_50000_1st_54253,KMeansAD,0.1370723153587038,TSPulse_ZS_fft,0.72156,0.657335,0.045703,-0.0913693153587038,0.5844876846412962,-0.6758569999999999,-0.611632
057_SMD_id_1_Facility_tr_4529_1st_4629,LSTMAD,0.4381378736330958,TSPulse_ZS_ensemble,0.643878,0.643878,0.346372,-0.0917658736330958,0.20574012636690414,-0.29750599999999994,-0.29750599999999994
158_SMAP_id_15_Sensor_tr_2075_1st_5610,KMeansAD,0.6213314354171164,TSPulse_ZS_time,0.940047,0.629793,0.526596,-0.09473543541711649,0.3187155645828835,-0.413451,-0.1031970000000001
043_GHL_id_12_Sensor_tr_39938_1st_40038,LSTMAD,0.3072804239082893,TSPulse_ZS_time,0.676977,0.171842,0.210487,-0.0967934239082893,0.36969657609171075,-0.46649000000000007,0.03864500000000001
007_MSL_id_6_Sensor_tr_980_1st_3550,USAD,0.8655608869925534,TSPulse_ZS_forecast,0.716777,0.410788,0.767169,-0.09839188699255341,-0.1487838869925534,0.05039199999999999,0.356381
116_TAO_id_1_Environment_tr_500_1st_3,PCA,0.9996786761544758,TSPulse_ZS_time,0.991294,0.042659,0.89184,-0.10783867615447584,-0.0083846761544758,-0.09945400000000004,0.849181
075_SMD_id_19_Facility_tr_564_1st_664,PCA,0.7779039663551687,TSPulse_ZS_fft,0.921869,0.875426,0.656522,-0.12138196635516862,0.14396503364483137,-0.265347,-0.218904
012_MSL_id_11_Sensor_tr_539_1st_940,KMeansAD,0.6464882828568288,TSPulse_ZS_time,0.825684,0.043597,0.520539,-0.12594928285682883,0.17919571714317117,-0.305145,0.476942
085_SVDB_id_2_Medical_tr_50000_1st_54982,OmniAnomaly,0.3289665312944677,TSPulse_ZS_ensemble,0.960979,0.960979,0.196576,-0.13239053129446768,0.6320124687055324,-0.764403,-0.764403
066_SMD_id_10_Facility_tr_2634_1st_2734,OCSVM,0.6485942544542658,TSPulse_ZS_time,0.418708,0.392075,0.514914,-0.1336802544542658,-0.22988625445426575,0.09620599999999996,0.12283899999999998
155_SMAP_id_12_Sensor_tr_1907_1st_4800,KMeansAD,0.4318589280147014,TSPulse_ZS_fft,0.686827,0.470534,0.294796,-0.13706292801470138,0.2549680719852986,-0.39203099999999996,-0.175738
123_TAO_id_8_Environment_tr_500_1st_62,PCA,0.9998917640413304,TSPulse_ZS_forecast,0.978667,0.025271,0.858389,-0.14150276404133044,-0.021224764041330446,-0.120278,0.8331179999999999
134_OPPORTUNITY_id_6_HumanActivity_tr_1477_1st_1577,PCA,0.2085295963308638,TSPulse_ZS_time,0.676822,0.019865,0.064536,-0.14399359633086378,0.46829240366913627,-0.612286,0.044670999999999995
097_SVDB_id_14_Medical_tr_1031_1st_1131,USAD,0.8686710601494021,TSPulse_ZS_time,0.682641,0.059076,0.715942,-0.15272906014940213,-0.18603006014940204,0.033300999999999914,0.656866
115_PSM_id_1_Facility_tr_50000_1st_129872,AutoEncoder,0.280417886538396,TSPulse_ZS_time,0.950913,0.356949,0.114665,-0.16575288653839598,0.670495113461604,-0.836248,-0.242284
180_Exathlon_id_7_Facility_tr_10766_1st_12590,AutoEncoder,0.9877810016800206,TSPulse_ZS_ensemble,0.992758,0.992758,0.820112,-0.16766900168002064,0.004976998319979442,-0.17264600000000008,-0.17264600000000008
200_Exathlon_id_27_Facility_tr_10766_1st_12590,AutoEncoder,0.9969220198074464,TSPulse_ZS_forecast,0.817153,0.360768,0.82789,-0.16903201980744642,-0.17976901980744642,0.010736999999999997,0.46712200000000004
127_TAO_id_12_Environment_tr_500_1st_24,AutoEncoder,0.9999389890102838,TSPulse_ZS_fft,0.719338,0.301999,0.827909,-0.17202998901028377,-0.28060098901028374,0.10857099999999997,0.52591
130_OPPORTUNITY_id_2_HumanActivity_tr_1045_1st_1145,PCA,0.3647590925312834,TSPulse_ZS_ensemble,0.941244,0.941244,0.191739,-0.17302009253128342,0.5764849074687166,-0.749505,-0.749505
132_OPPORTUNITY_id_4_HumanActivity_tr_895_1st_995,PCA,0.2428841337073384,TSPulse_ZS_fft,0.99622,0.962544,0.068907,-0.17397713370733842,0.7533358662926616,-0.927313,-0.893637
014_MSL_id_13_Sensor_tr_1525_1st_4575,KMeansAD,0.6818744376521753,TSPulse_ZS_forecast,0.784885,0.266541,0.493523,-0.18835143765217527,0.1030105623478248,-0.29136200000000007,0.22698200000000002
160_SMAP_id_17_Sensor_tr_1832_1st_5300,Donut,0.6510341997748353,TSPulse_ZS_forecast,0.863522,0.567907,0.415344,-0.23569019977483535,0.21248780022516467,-0.448178,-0.15256300000000006
065_SMD_id_9_Facility_tr_737_1st_837,MCD,0.7000206050583726,TSPulse_ZS_time,0.988892,0.514576,0.439874,-0.2601466050583726,0.2888713949416274,-0.549018,-0.07470200000000005
187_Exathlon_id_14_Facility_tr_6193_1st_6293,AutoEncoder,0.99519656182468,TSPulse_ZS_fft,0.686539,0.425218,0.732307,-0.26288956182467993,-0.30865756182467996,0.04576800000000003,0.30708900000000006
019_MITDB_id_1_Medical_tr_37500_1st_103211,CNN,0.2777642017005242,TSPulse_ZS_fft,0.213852,0.153596,0.005187,-0.2725772017005242,-0.0639122017005242,-0.208665,-0.148409
003_MSL_id_2_Sensor_tr_883_1st_1238,KMeansAD,0.3009849100983018,TSPulse_ZS_fft,0.933089,0.551041,0.024959,-0.2760259100983018,0.6321040899016981,-0.90813,-0.526082
001_Genesis_id_1_Sensor_tr_4055_1st_15538,KMeansAD,0.8909267796127135,TSPulse_ZS_time,0.931867,0.929696,0.597484,-0.2934427796127135,0.04094022038728651,-0.334383,-0.33221199999999995
156_SMAP_id_13_Sensor_tr_1173_1st_2750,KMeansAD,0.9979412385418882,TSPulse_ZS_time,0.824895,0.170961,0.696208,-0.30173323854188816,-0.17304623854188816,-0.128687,0.525247
150_SMAP_id_7_Sensor_tr_2077_1st_5394,KMeansAD,0.5408077843630235,TSPulse_ZS_time,0.463326,0.18009,0.236242,-0.30456578436302345,-0.07748178436302344,-0.227084,0.05615200000000001
053_GHL_id_22_Sensor_tr_50000_1st_126448,Donut,0.6509399940913787,TSPulse_ZS_fft,0.497927,0.382448,0.3445,-0.30643999409137873,-0.1530129940913787,-0.15342700000000004,-0.03794800000000004
197_Exathlon_id_24_Facility_tr_10766_1st_12590,AutoEncoder,0.996869525419762,TSPulse_ZS_time,0.70805,0.358933,0.678042,-0.318827525419762,-0.2888195254197621,-0.030007999999999924,0.31910900000000003
015_MSL_id_14_Sensor_tr_575_1st_1250,KMeansAD,0.5684500440083119,TSPulse_ZS_fft,0.891955,0.403462,0.243032,-0.32541804400831187,0.32350495599168816,-0.648923,-0.16043
133_OPPORTUNITY_id_5_HumanActivity_tr_1745_1st_6500,OmniAnomaly,0.991917499590378,TSPulse_ZS_fft,0.662299,0.439607,0.665145,-0.326772499590378,-0.32961849959037803,0.002846000000000015,0.22553799999999996
124_TAO_id_9_Environment_tr_500_1st_1,PCA,0.999973850679894,TSPulse_ZS_ensemble,0.878068,0.878068,0.651282,-0.34869185067989394,-0.12190585067989401,-0.22678599999999993,-0.22678599999999993
100_SVDB_id_17_Medical_tr_17803_1st_17903,KMeansAD,0.6734735127533943,TSPulse_ZS_ensemble,0.987768,0.987768,0.310192,-0.36328151275339426,0.3142944872466057,-0.677576,-0.677576
071_SMD_id_15_Facility_tr_1109_1st_1209,AutoEncoder,0.4429256528679864,TSPulse_ZS_fft,0.723294,0.562613,0.057917,-0.3850086528679864,0.2803683471320136,-0.665377,-0.504696
074_SMD_id_18_Facility_tr_7174_1st_21230,KMeansAD,0.7544131678558877,TSPulse_ZS_fft,0.995914,0.394967,0.364445,-0.3899681678558877,0.24150083214411222,-0.631469,-0.030521999999999994
076_SMD_id_20_Facility_tr_5925_1st_17580,KMeansAD,0.9435268060108296,TSPulse_ZS_ensemble,0.984015,0.984015,0.525151,-0.4183758060108296,0.04048819398917036,-0.45886399999999994,-0.45886399999999994
175_Exathlon_id_2_Facility_tr_10684_1st_10784,AutoEncoder,0.968554844263991,TSPulse_ZS_ensemble,0.767301,0.767301,0.550033,-0.41852184426399097,-0.20125384426399096,-0.21726800000000002,-0.21726800000000002
079_LTDB_id_1_Medical_tr_3618_1st_3718,USAD,0.8488294579856344,TSPulse_ZS_fft,0.802551,0.613479,0.426496,-0.4223334579856344,-0.04627845798563435,-0.37605500000000003,-0.186983
192_Exathlon_id_19_Facility_tr_11665_1st_13484,AutoEncoder,0.9908507337683544,TSPulse_ZS_fft,0.826773,0.308008,0.553256,-0.43759473376835445,-0.16407773376835444,-0.273517,0.24524799999999997
179_Exathlon_id_6_Facility_tr_11665_1st_13484,AutoEncoder,0.985170460968416,TSPulse_ZS_fft,0.949193,0.496672,0.532636,-0.452534460968416,-0.03597746096841603,-0.41655699999999996,0.035963999999999996
063_SMD_id_7_Facility_tr_5923_1st_6506,TranAD,0.5046495546142873,TSPulse_ZS_time,0.989975,0.187122,0.041695,-0.4629545546142873,0.48532544538571276,-0.94828,-0.145427
181_Exathlon_id_8_Facility_tr_11663_1st_13482,MCD,0.9824009980645094,TSPulse_ZS_time,0.815498,0.326975,0.515631,-0.4667699980645095,-0.16690299806450948,-0.299867,0.18865599999999993
093_SVDB_id_10_Medical_tr_500_1st_37,OmniAnomaly,0.4780103947278869,TSPulse_ZS_fft,0.396009,0.301085,0.001388,-0.4766223947278869,-0.08200139472788692,-0.394621,-0.299697
188_Exathlon_id_15_Facility_tr_12538_1st_12638,PCA,0.983149572376642,TSPulse_ZS_fft,0.549079,0.404812,0.501972,-0.48117757237664205,-0.43407057237664204,-0.04710700000000001,0.09715999999999997
182_Exathlon_id_9_Facility_tr_10766_1st_12590,AutoEncoder,0.996972161209642,TSPulse_ZS_forecast,0.91876,0.455616,0.510705,-0.4862671612096421,-0.07821216120964203,-0.40805500000000006,0.055088999999999944
117_TAO_id_2_Environment_tr_500_1st_1,MCD,0.9999985766054208,TSPulse_ZS_fft,0.698386,0.169823,0.494218,-0.5057805766054209,-0.30161257660542085,-0.20416799999999996,0.324395
172_SWaT_id_2_Sensor_tr_23700_1st_23800,PCA,0.6568450199025841,TSPulse_ZS_ensemble,0.693253,0.693253,0.142885,-0.5139600199025841,0.03640798009741586,-0.550368,-0.550368
176_Exathlon_id_3_Facility_tr_10766_1st_12590,AutoEncoder,0.996369093529224,TSPulse_ZS_fft,0.906748,0.827838,0.471516,-0.5248530935292239,-0.08962109352922398,-0.435232,-0.35632199999999997
092_SVDB_id_9_Medical_tr_2674_1st_2774,OmniAnomaly,0.7884379372970407,TSPulse_ZS_time,0.929131,0.229934,0.250501,-0.5379369372970407,0.14069306270295934,-0.6786300000000001,0.020566999999999974
105_SVDB_id_22_Medical_tr_500_1st_417,OmniAnomaly,0.5440988426091159,TSPulse_ZS_fft,0.746129,0.26187,0.003033,-0.5410658426091159,0.20203015739088415,-0.7430960000000001,-0.258837
199_Exathlon_id_26_Facility_tr_12538_1st_12638,PCA,0.983149572376642,TSPulse_ZS_forecast,0.365423,0.269513,0.440573,-0.542576572376642,-0.6177265723766421,0.07515,0.17106
166_SMAP_id_23_Sensor_tr_1113_1st_1890,KMeansAD,0.9425094106268028,TSPulse_ZS_fft,0.840934,0.459503,0.398732,-0.5437774106268028,-0.10157541062680286,-0.442202,-0.06077100000000002
121_TAO_id_6_Environment_tr_500_1st_7,CBLOF,0.9999626070760904,TSPulse_ZS_ensemble,0.935408,0.935408,0.40544,-0.5945226070760904,-0.0645546070760904,-0.529968,-0.529968
013_MSL_id_12_Sensor_tr_554_1st_1200,KMeansAD,0.9971328585900048,TSPulse_ZS_forecast,0.747177,0.295529,0.384373,-0.6127598585900047,-0.2499558585900048,-0.36280399999999996,0.08884400000000003
144_SMAP_id_1_Sensor_tr_2052_1st_5300,KMeansAD,0.9705942597856456,TSPulse_ZS_fft,0.740671,0.694964,0.356811,-0.6137832597856456,-0.22992325978564565,-0.38386,-0.33815300000000004
017_MSL_id_16_Sensor_tr_512_1st_1850,LSTMAD,0.9833679823928828,TSPulse_ZS_time,0.888663,0.51737,0.364735,-0.6186329823928829,-0.09470498239288283,-0.523928,-0.15263500000000002
190_Exathlon_id_17_Facility_tr_12538_1st_12638,PCA,0.983149572376642,TSPulse_ZS_forecast,0.90727,0.873659,0.353749,-0.629400572376642,-0.075879572376642,-0.553521,-0.51991
174_Exathlon_id_1_Facility_tr_10766_1st_12590,AutoEncoder,0.9969549314453996,TSPulse_ZS_time,0.51519,0.183704,0.356018,-0.6409369314453996,-0.48176493144539956,-0.15917200000000004,0.172314
078_SMD_id_22_Facility_tr_500_1st_326,CNN,0.7868777863841988,TSPulse_ZS_ensemble,0.845987,0.845987,0.135399,-0.6514787863841989,0.05910921361580124,-0.710588,-0.710588
183_Exathlon_id_10_Facility_tr_11665_1st_13484,AutoEncoder,0.9899663455641968,TSPulse_ZS_time,0.658929,0.1518,0.335362,-0.6546043455641968,-0.33103734556419684,-0.323567,0.183562
177_Exathlon_id_4_Facility_tr_11665_1st_13484,AutoEncoder,0.9829580870729268,TSPulse_ZS_time,0.649284,0.336206,0.316116,-0.6668420870729268,-0.3336740870729268,-0.33316799999999996,-0.020089999999999997
186_Exathlon_id_13_Facility_tr_10766_1st_12590,AutoEncoder,0.9970445719458484,TSPulse_ZS_forecast,0.987393,0.983405,0.296602,-0.7004425719458485,-0.009651571945848425,-0.6907909999999999,-0.686803
184_Exathlon_id_11_Facility_tr_11665_1st_13484,AutoEncoder,0.9858995456844886,TSPulse_ZS_fft,0.740842,0.077104,0.248573,-0.7373265456844886,-0.24505754568448856,-0.492269,0.17146899999999998
016_MSL_id_15_Sensor_tr_500_1st_780,KMeansAD,0.8353489403567498,TSPulse_ZS_time,0.991782,0.056906,0.08172,-0.7536289403567498,0.15643305964325027,-0.910062,0.024814000000000003
111_SVDB_id_28_Medical_tr_1791_1st_1891,USAD,0.7965095239327346,TSPulse_ZS_ensemble,0.737654,0.737654,0.041871,-0.7546385239327346,-0.05885552393273452,-0.695783,-0.695783
185_Exathlon_id_12_Facility_tr_11665_1st_13484,AutoEncoder,0.9873019734923032,TSPulse_ZS_time,0.773046,0.090403,0.228742,-0.7585599734923032,-0.2142559734923032,-0.544304,0.138339
193_Exathlon_id_20_Facility_tr_8898_1st_8998,MCD,0.9703964365493988,TSPulse_ZS_fft,0.900744,0.342926,0.167466,-0.8029304365493988,-0.06965243654939879,-0.733278,-0.17546
198_Exathlon_id_25_Facility_tr_12538_1st_12638,PCA,0.983149572376642,TSPulse_ZS_forecast,0.525073,0.393781,0.133498,-0.849651572376642,-0.458076572376642,-0.391575,-0.260283
122_TAO_id_7_Environment_tr_500_1st_19,MCD,0.9999053172567997,TSPulse_ZS_fft,0.511171,0.223785,0.096209,-0.9036963172567997,-0.4887343172567996,-0.41496200000000005,-0.12757600000000002
167_SMAP_id_24_Sensor_tr_2094_1st_5600,KMeansAD,0.9063260656363408,TSPulse_ZS_time,0.842686,0.692866,0.000265,-0.9060610656363408,-0.06364006563634073,-0.8424210000000001,-0.692601
119_TAO_id_4_Environment_tr_500_1st_1,MCD,0.9999963842848444,TSPulse_ZS_forecast,0.545047,0.08337,0.085933,-0.9140633842848443,-0.45494938428484444,-0.45911399999999997,0.002562999999999996
159_SMAP_id_16_Sensor_tr_1757_1st_2650,KMeansAD,0.9370461095610194,TSPulse_ZS_ensemble,0.895246,0.895246,0.006873,-0.9301731095610194,-0.04180010956101943,-0.888373,-0.888373
002_MSL_id_1_Sensor_tr_500_1st_900,KMeansAD,0.9960656085287,TSPulse_ZS_fft,0.500641,0.106766,0.026789,-0.9692766085287,-0.49542460852869996,-0.473852,-0.07997699999999999
128_TAO_id_13_Environment_tr_500_1st_7,CBLOF,0.9999626070760904,TSPulse_ZS_ensemble,0.963473,0.963473,0.002697,-0.9972656070760905,-0.03648960707609039,-0.9607760000000001,-0.9607760000000001
