file,Best_Baseline_Algo,Best_Baseline_Score,Best_TSPulse_ZS_Algo,Best_TSPulse_ZS_Score,TSPulse_ZS_ensemble,TSPulse2,Diff_TSPulse2_vs_Baseline,Diff_ZS_vs_Baseline,Diff_TSPulse2_vs_Best_ZS,Diff_TSPulse2_vs_Ensemble
206_SMD_id_29_Facility_tr_6250_1st_21230,MOMENT (FT),0.5742422599980065,TSPulse_ZS_time,0.8880678415960872,0.852577436531688,0.852577436531688,0.27833517653368156,0.3138255815980807,-0.035490405064399155,0.0
202_SMD_id_25_Facility_tr_6250_1st_21230,MOMENT (FT),0.5794588451638452,TSPulse_ZS_time,0.8880678415960872,0.852577436531688,0.852577436531688,0.2731185913678429,0.30860899643224204,-0.035490405064399155,0.0
001_NAB_id_1_Facility_tr_1007_1st_2014,MOMENT (FT),0.5736119643477883,TSPulse_ZS_time,0.8380149007318173,0.8310230565940593,0.8304140670808241,0.25680210273303583,0.264402936384029,-0.007600833650993177,-0.0006089895132351808
026_NAB_id_26_Traffic_tr_624_1st_2261,MOMENT (ZS),0.3849115702574599,TSPulse_ZS_fft,0.5580398839278475,0.5577180006639392,0.5564423575079919,0.17153078725053195,0.1731283136703876,-0.001597526419855666,-0.0012756431559473036
201_SMD_id_24_Facility_tr_7174_1st_21230,MOMENT (FT),0.7027443092460118,TSPulse_ZS_time,0.8954569946275514,0.8822974222425258,0.8488205708454987,0.14607626159948683,0.19271268538153952,-0.04663642378205268,-0.03347685139702716
148_MSL_id_9_Sensor_tr_883_1st_1238,MOMENT (FT),0.8126724922241076,TSPulse_ZS_ensemble,0.9516504388343514,0.9516504388343514,0.9523418748746808,0.13966938265057316,0.13897794661024376,0.0006914360403293962,0.0006914360403293962
014_NAB_id_14_WebService_tr_500_1st_1045,Sub-MCD,0.5790752040922689,TSPulse_ZS_fft,0.6957669292476565,0.693850725278013,0.6994696163115043,0.12039441221923541,0.11669172515538762,0.0037026870638477982,0.0056188910334913356
013_NAB_id_13_Traffic_tr_623_1st_2084,SAND,0.8770339015302475,TSPulse_ZS_time,0.9959458785566992,0.9957074880904432,0.9955630051287508,0.11852910359850333,0.11891197702645173,-0.00038287342794840473,-0.0001444829616923382
271_IOPS_id_12_WebService_tr_500_1st_341,SR,0.3815666547343621,TSPulse_ZS_future,0.7582785097959172,0.471819423907822,0.4809718756787098,0.09940522094434773,0.3767118550615551,-0.27730663411720735,0.009152451770887804
022_NAB_id_22_Facility_tr_1007_1st_2980,MOMENT (ZS),0.7366033089590095,TSPulse_ZS_fft,0.8573113423309523,0.8379133732904107,0.8251740179819764,0.08857070902296693,0.1207080333719428,-0.03213732434897587,-0.012739355308434286
196_SMD_id_19_Facility_tr_7174_1st_21230,MOMENT (FT),0.7747104645871684,TSPulse_ZS_time,0.8931172207393056,0.8850184259068821,0.8542233589400335,0.07951289435286513,0.11840675615213714,-0.03889386179927201,-0.030795066966848528
261_IOPS_id_2_WebService_tr_2178_1st_2278,Sub-LOF,0.6067501311654793,TSPulse_ZS_future,0.8839399281055512,0.7408009518411353,0.6782510546055559,0.07150092344007664,0.27718979694007195,-0.20568887349999532,-0.06254989723557935
190_SMD_id_13_Facility_tr_7119_1st_15849,MOMENT (ZS),0.6812771368843034,TSPulse_ZS_ensemble,0.7472319571173872,0.7472319571173872,0.7499762095975571,0.0686990727132537,0.06595482023308386,0.002744252480169851,0.002744252480169851
393_UCR_id_91_Environment_tr_2046_1st_4852,Sub-KNN,0.7227088283818959,TSPulse_ZS_fft,0.8412057024495375,0.831437222717802,0.7712766391377296,0.04856781075583372,0.11849687406764164,-0.06992906331180793,-0.06016058358007237
184_SMD_id_7_Facility_tr_7119_1st_15849,USAD,0.6534407307482153,TSPulse_ZS_ensemble,0.6971174868518891,0.6971174868518891,0.6930047300891616,0.03956399934094634,0.04367675610367383,-0.0041127567627274875,-0.0041127567627274875
215_SMD_id_38_Facility_tr_5925_1st_17580,MOMENT (FT),0.7999417893854008,TSPulse_ZS_future,0.8657447098166359,0.8415604240188845,0.8353590864592157,0.03541729707381491,0.06580292043123503,-0.030385623357420122,-0.006201337559668785
019_NAB_id_19_Facility_tr_1007_1st_1171,Sub-MCD,0.4382565658842425,TSPulse_ZS_time,0.5239967004008714,0.4613441209115698,0.4639040567554175,0.025647490871175016,0.08574013451662893,-0.060092643645453914,0.002559935843847727
169_Daphnet_id_1_HumanActivity_tr_9693_1st_20732,MOMENT (ZS),0.5195850466724389,TSPulse_ZS_time,0.5486156697628377,0.5415515505021432,0.5439692818189976,0.02438423514655874,0.029030623090398833,-0.004646387943840091,0.00241773131685441
025_NAB_id_25_WebService_tr_3958_1st_4614,AutoEncoder,0.2580160109980728,TSPulse_ZS_fft,0.2773083280490431,0.2771011978729446,0.2774165883243656,0.0194005773262928,0.019292317050970287,0.0001082602753225137,0.00031539045142098265
009_NAB_id_9_Traffic_tr_500_1st_438,POLY,0.7511137903330025,TSPulse_ZS_ensemble,0.7637765107390627,0.7637765107390627,0.7691693773122615,0.01805558697925902,0.012662720406060202,0.005392866573198818,0.005392866573198818
203_SMD_id_26_Facility_tr_7174_1st_21230,USAD,0.8401313104641397,TSPulse_ZS_ensemble,0.8561361985441783,0.8561361985441783,0.8562740466529791,0.016142736188839435,0.016004888080038637,0.00013784810880079768,0.00013784810880079768
385_UCR_id_83_Environment_tr_2046_1st_6006,KMeansAD,0.8406270830747851,TSPulse_ZS_fft,0.9052430206967836,0.8701536241476991,0.8552644215868698,0.014637338512084708,0.06461593762199858,-0.04997859910991387,-0.014889202560829373
816_Exathlon_id_7_Facility_tr_10766_1st_12590,Sub-PCA,0.913978605729142,TSPulse_ZS_ensemble,0.9280555970475456,0.9280555970475456,0.9266934516828612,0.01271484595371919,0.014076991318403564,-0.001362145364684375,-0.001362145364684375
829_Exathlon_id_20_Facility_tr_10766_1st_12590,Sub-PCA,0.913978605729142,TSPulse_ZS_ensemble,0.9280555970475456,0.9280555970475456,0.9266934516828612,0.01271484595371919,0.014076991318403564,-0.001362145364684375,-0.001362145364684375
832_Exathlon_id_23_Facility_tr_10766_1st_12590,Sub-PCA,0.913978605729142,TSPulse_ZS_ensemble,0.9280555970475456,0.9280555970475456,0.9266934516828612,0.01271484595371919,0.014076991318403564,-0.001362145364684375,-0.001362145364684375
839_Exathlon_id_30_Facility_tr_10766_1st_12590,Sub-PCA,0.913978605729142,TSPulse_ZS_ensemble,0.9280555970475456,0.9280555970475456,0.9266934516828612,0.01271484595371919,0.014076991318403564,-0.001362145364684375,-0.001362145364684375
820_Exathlon_id_11_Facility_tr_11665_1st_13484,MOMENT (FT),0.9233792977395604,TSPulse_ZS_fft,0.9375867188608932,0.9367829660244256,0.9324937220114876,0.009114424271927213,0.014207421121332775,-0.005092996849405562,-0.004289244012937954
826_Exathlon_id_17_Facility_tr_11665_1st_13484,MOMENT (FT),0.9235161823559151,TSPulse_ZS_fft,0.9375867188608932,0.9367829660244256,0.9324937220114876,0.008977539655572464,0.014070536504978026,-0.005092996849405562,-0.004289244012937954
834_Exathlon_id_25_Facility_tr_11665_1st_13484,MOMENT (FT),0.9242338139721606,TSPulse_ZS_fft,0.9375867188608932,0.9367829660244256,0.9324937220114876,0.008259908039326969,0.01335290488873253,-0.005092996849405562,-0.004289244012937954
831_Exathlon_id_22_Facility_tr_11665_1st_13484,MOMENT (FT),0.9253758304298276,TSPulse_ZS_fft,0.9375867188608932,0.9367829660244256,0.9324937220114876,0.007117891581659985,0.012210888431065547,-0.005092996849405562,-0.004289244012937954
811_Exathlon_id_2_Facility_tr_10766_1st_12590,USAD,0.9962289281928078,TSPulse_ZS_ensemble,0.999445634296237,0.999445634296237,0.9994418713443666,0.0032129431515587337,0.0032167061034291677,-3.7629518704340725e-06,-3.7629518704340725e-06
814_Exathlon_id_5_Facility_tr_10766_1st_12590,USAD,0.9962928975508962,TSPulse_ZS_ensemble,0.999445634296237,0.999445634296237,0.9994418713443666,0.0031489737934703443,0.0031527367453407784,-3.7629518704340725e-06,-3.7629518704340725e-06
840_Exathlon_id_31_Facility_tr_10766_1st_12590,USAD,0.9931424066766024,TSPulse_ZS_fft,0.9959364196446048,0.9959062959320336,0.9954678391353012,0.002325432458698873,0.002794012968002413,-0.00046858050930354,-0.00043845679673237825
532_SMAP_id_2_Sensor_tr_2075_1st_5550,POLY,0.6506561590598718,TSPulse_ZS_ensemble,0.6531784742312847,0.6531784742312847,0.6526579715263636,0.0020018124664917814,0.002522315171412881,-0.0005205027049210997,-0.0005205027049210997
537_SMAP_id_7_Sensor_tr_2077_1st_5394,Sub-PCA,0.9980377653307482,TSPulse_ZS_time,0.9993131488656124,0.9989467895122728,0.9989467895122728,0.0009090241815246092,0.0012753835348642273,-0.0003663593533396181,0.0
824_Exathlon_id_15_Facility_tr_10766_1st_12590,USAD,0.994807524576821,TSPulse_ZS_fft,0.9959364196446048,0.9959062959320336,0.9954678391353012,0.0006603145584802572,0.0011288950677837972,-0.00046858050930354,-0.00043845679673237825
827_Exathlon_id_18_Facility_tr_10766_1st_12590,USAD,0.9948828872190396,TSPulse_ZS_fft,0.9959364196446048,0.9959062959320336,0.9954678391353012,0.0005849519162616224,0.0010535324255651624,-0.00046858050930354,-0.00043845679673237825
533_SMAP_id_3_Sensor_tr_2052_1st_5300,POLY,0.9997505648308426,TSPulse_ZS_time,0.9999712606765668,0.9999487064585127,0.9999487064585127,0.00019814162767017862,0.00022069584572426137,-2.2554218054082753e-05,0.0
812_Exathlon_id_3_Facility_tr_10766_1st_12590,Sub-PCA,0.9997489698207884,TSPulse_ZS_ensemble,0.9998794179061457,0.9998794179061457,0.999834857295144,8.588747435556154e-05,0.00013044808535722652,-4.4560611001664974e-05,-4.4560611001664974e-05
815_Exathlon_id_6_Facility_tr_10766_1st_12590,Sub-PCA,0.9997489698207884,TSPulse_ZS_ensemble,0.9998794179061457,0.9998794179061457,0.999834857295144,8.588747435556154e-05,0.00013044808535722652,-4.4560611001664974e-05,-4.4560611001664974e-05
833_Exathlon_id_24_Facility_tr_10766_1st_12590,Sub-PCA,0.9997489698207884,TSPulse_ZS_ensemble,0.9998794179061457,0.9998794179061457,0.999834857295144,8.588747435556154e-05,0.00013044808535722652,-4.4560611001664974e-05,-4.4560611001664974e-05
836_Exathlon_id_27_Facility_tr_10766_1st_12590,Sub-PCA,0.9997489698207884,TSPulse_ZS_ensemble,0.9998794179061457,0.9998794179061457,0.999834857295144,8.588747435556154e-05,0.00013044808535722652,-4.4560611001664974e-05,-4.4560611001664974e-05
180_SMD_id_3_Facility_tr_5925_1st_17580,MOMENT (ZS),0.9453325072165842,TSPulse_ZS_ensemble,0.944545057083964,0.944545057083964,0.944545057083964,-0.000787450132620271,-0.000787450132620271,0.0,0.0
536_SMAP_id_6_Sensor_tr_2160_1st_5600,KShapeAD,0.9991440844772844,TSPulse_ZS_fft,0.9980517802876764,0.997263692608906,0.997263692608906,-0.001880391868378406,-0.0010923041896080399,-0.0007880876787703661,0.0
349_UCR_id_47_Facility_tr_29954_1st_74900,SR,0.0046028071805951,TSPulse_ZS_fft,0.0014694883067324,0.0010538730481469,0.001101874725464,-0.0035009324551311003,-0.0031333188738627,-0.0003676135812684001,4.8001677317099966e-05
421_UCR_id_119_HumanActivity_tr_48750_1st_130700,POLY,0.0206891177759082,TSPulse_ZS_time,0.0214023442662235,0.0163363390390498,0.0169361981846887,-0.0037529195912194974,0.0007132264903152996,-0.004466146081534797,0.0005998591456389014
341_UCR_id_39_HumanActivity_tr_48812_1st_128430,Sub-MCD,0.0064120691163361,TSPulse_ZS_time,0.0001118873973712,4.070511441065138e-05,3.971656609940107e-05,-0.006372352550236699,-0.0063001817189649,-7.217083127179894e-05,-9.885483112503105e-07
179_SMD_id_2_Facility_tr_5925_1st_17580,MOMENT (FT),0.9723870246151388,TSPulse_ZS_ensemble,0.9687329681340768,0.9687329681340768,0.9658913044077538,-0.006495720207384981,-0.0036540564810619847,-0.002841663726322996,-0.002841663726322996
214_SMD_id_37_Facility_tr_5925_1st_17580,MOMENT (FT),0.9728920014948976,TSPulse_ZS_ensemble,0.9687329681340768,0.9687329681340768,0.9658913044077538,-0.007000697087143792,-0.004159033360820796,-0.002841663726322996,-0.002841663726322996
549_SMAP_id_19_Sensor_tr_1998_1st_2098,KMeansAD,0.9841511517372684,TSPulse_ZS_ensemble,0.9839204917672244,0.9839204917672244,0.9766529021022248,-0.007498249635043641,-0.0002306599700440115,-0.00726758966499963,-0.00726758966499963
307_UCR_id_5_Facility_tr_29895_1st_39240,SR,0.0088710349314958,TSPulse_ZS_fft,0.0015379418433924,0.0011618487057204,0.0012402834208786,-0.0076307515106172,-0.0073330930881034,-0.0002976584225138001,7.843471515820008e-05
212_SMD_id_35_Facility_tr_5925_1st_17580,USAD,0.9333167772710887,TSPulse_ZS_ensemble,0.927576400612888,0.927576400612888,0.9242853650332168,-0.00903141223787196,-0.005740376658200708,-0.003291035579671253,-0.003291035579671253
211_SMD_id_34_Facility_tr_5925_1st_17580,POLY,0.8767147365054897,TSPulse_ZS_future,0.9102140310077036,0.8674865967785408,0.8674865967785408,-0.009228139726948914,0.033499294502213894,-0.04272743422916281,0.0
331_UCR_id_29_Facility_tr_50000_1st_837400,SAND,0.012435734373305,TSPulse_ZS_future,0.002013971357002,0.0017832343873935,0.0017781138579672,-0.0106576205153378,-0.010421763016303001,-0.00023585749903479994,-5.12052942630006e-06
463_UCR_id_161_Environment_tr_2046_1st_6006,KMeansAD,0.8304360522728402,TSPulse_ZS_fft,0.8824585845095271,0.7964675904363274,0.819592997025493,-0.010843055247347189,0.05202253223668685,-0.06286558748403404,0.02312540658916562
205_SMD_id_28_Facility_tr_5925_1st_17580,MOMENT (FT),0.9774680706869848,TSPulse_ZS_fft,0.9697868603676292,0.968020788438786,0.9633662978195696,-0.014101772867415208,-0.007681210319355647,-0.006420562548059561,-0.0046544906192164115
819_Exathlon_id_10_Facility_tr_10766_1st_12590,Sub-PCA,0.9995980728122246,TSPulse_ZS_fft,0.9859172839956772,0.9854487738143162,0.9852585073488804,-0.01433956546334414,-0.013680788816547329,-0.0006587766467968104,-0.00019026646543574
008_NAB_id_8_Synthetic_tr_1007_1st_2734,USAD,0.83153604537042,TSPulse_ZS_ensemble,0.8212208927154788,0.8212208927154788,0.8170610641232342,-0.014474981247185825,-0.010315152654941206,-0.004159828592244619,-0.004159828592244619
183_SMD_id_6_Facility_tr_5925_1st_17580,SAND,0.98321322966905,TSPulse_ZS_fft,0.9714862351961576,0.9697868603676292,0.967682496070176,-0.015530733598874025,-0.011726994472892383,-0.003803739125981642,-0.0021043642974531984
430_UCR_id_128_HumanActivity_tr_12500_1st_46500,Sub-LOF,0.0255739647878307,TSPulse_ZS_time,0.0093411115398595,0.0087251878282366,0.0087694649933489,-0.0168044997944818,-0.0162328532479712,-0.0005716465465105992,4.427716511230112e-05
143_MSL_id_4_Sensor_tr_980_1st_3550,USAD,0.9998469738484012,TSPulse_ZS_time,0.986547541403895,0.9855766290519,0.982864426183114,-0.016982547665287173,-0.013299432444506154,-0.003683115220781019,-0.00271220286878604
531_SMAP_id_1_Sensor_tr_1811_1st_4510,SAND,0.9930407230982612,TSPulse_ZS_ensemble,0.9745167086077368,0.9745167086077368,0.9731763827285472,-0.019864340369713962,-0.018524014490524432,-0.00134032587918953,-0.00134032587918953
192_SMD_id_15_Facility_tr_5925_1st_17580,USAD,0.9400571170309752,TSPulse_ZS_ensemble,0.9435268060108296,0.9435268060108296,0.9182506541067836,-0.021806462924191528,0.003469688979854446,-0.025276151904045974,-0.025276151904045974
195_SMD_id_18_Facility_tr_5925_1st_17580,MOMENT (FT),0.948383103719645,TSPulse_ZS_future,0.9472331398980116,0.9329908442311298,0.9260198575770876,-0.022363246142557358,-0.0011499638216333485,-0.02121328232092401,-0.006970986654042166
181_SMD_id_4_Facility_tr_5000_1st_15144,Sub-PCA,0.7669919881745467,TSPulse_ZS_fft,0.7600381532741873,0.7491711805673795,0.743305601452063,-0.023686386722483688,-0.00695383490035939,-0.016732551822124297,-0.005865579115316488
197_SMD_id_20_Facility_tr_5000_1st_15144,Sub-PCA,0.7578887675575475,TSPulse_ZS_fft,0.7586430766113947,0.7366763770631937,0.731489393848043,-0.026399373709504514,0.000754309053847213,-0.027153682763351727,-0.005186983215150653
011_NAB_id_11_Facility_tr_1007_1st_1526,POLY,0.9300359177850356,TSPulse_ZS_ensemble,0.9071272447352424,0.9071272447352424,0.9024219906757052,-0.027613927109330416,-0.02290867304979316,-0.004705254059537256,-0.004705254059537256
830_Exathlon_id_21_Facility_tr_10766_1st_12590,USAD,0.9886397810898266,TSPulse_ZS_fft,0.9640061199806904,0.96278235455759,0.9606547002999554,-0.027985080789871275,-0.02463366110913623,-0.003351419680735046,-0.0021276542576346147
165_Stock_id_17_Finance_tr_500_1st_7,SR,0.999931224484786,TSPulse_ZS_future,0.9831936206027694,0.974760140477429,0.9704915963828634,-0.029439628101922577,-0.016737603882016616,-0.01270202421990596,-0.004268544094565563
204_SMD_id_27_Facility_tr_5000_1st_15144,Sub-PCA,0.7836001158320594,TSPulse_ZS_ensemble,0.7736825566457419,0.7736825566457419,0.7503296031244782,-0.03327051270758119,-0.009917559186317426,-0.023352953521263764,-0.023352953521263764
319_UCR_id_17_Environment_tr_6166_1st_19280,MOMENT (FT),0.6505947929029265,TSPulse_ZS_fft,0.6159025820880417,0.6098397997794575,0.6143897533350695,-0.036205039567857034,-0.03469221081488483,-0.0015128287529722062,0.004549953555612052
207_SMD_id_30_Facility_tr_7174_1st_21230,USAD,0.9081481594747988,TSPulse_ZS_time,0.8740199334394204,0.8729658703664732,0.8703868273802854,-0.03776133209451338,-0.03412822603537835,-0.0036331060591350273,-0.0025790429861878295
185_SMD_id_8_Facility_tr_5000_1st_15144,Sub-PCA,0.7496862280855435,TSPulse_ZS_fft,0.7545326993007181,0.7440135257041776,0.7102608596064163,-0.039425368479127254,0.004846471215174564,-0.04427183969430182,-0.033752666097761286
538_SMAP_id_8_Sensor_tr_2007_1st_3650,MOMENT (FT),0.9367941202744304,TSPulse_ZS_ensemble,0.947080587131205,0.947080587131205,0.8925799003788368,-0.0442142198955936,0.01028646685677459,-0.05450068675236819,-0.05450068675236819
194_SMD_id_17_Facility_tr_5925_1st_17580,POLY,0.897156115342193,TSPulse_ZS_ensemble,0.8615577597644201,0.8615577597644201,0.8500908621732156,-0.04706525316897736,-0.03559835557777291,-0.01146689759120445,-0.01146689759120445
268_IOPS_id_9_WebService_tr_6216_1st_6316,POLY,0.3685563454464119,TSPulse_ZS_future,0.4813459928070538,0.3236487038303457,0.3210019028362507,-0.04755444261016123,0.1127896473606419,-0.16034408997080313,-0.0026468009940950332
344_UCR_id_42_Sensor_tr_2851_1st_5365,Sub-LOF,0.0567317603068241,TSPulse_ZS_future,0.0261159314093033,0.0043403595070121,0.004388431194925,-0.0523433291118991,-0.0306158288975208,-0.021727500214378304,4.807168791289961e-05
525_UCR_id_223_Facility_tr_50000_1st_250720,Sub-MCD,0.0559142365564645,TSPulse_ZS_future,0.0048365041473403,0.0035113733876017,0.0033248602078581,-0.0525893763486064,-0.0510777324091242,-0.0015116439394822,-0.0001865131797435999
140_MSL_id_1_Sensor_tr_530_1st_630,KShapeAD,0.9996409849330056,TSPulse_ZS_time,0.953858500707914,0.9456757513226848,0.9447668246320592,-0.054874160300946384,-0.04578248422509157,-0.009091676075854815,-0.0009089266906255888
162_Stock_id_14_Finance_tr_500_1st_4,SR,0.99928498313424,TSPulse_ZS_future,0.9680477821891628,0.9491608154708177,0.9438875542278452,-0.05539742890639476,-0.031237200945077204,-0.02416022796131756,-0.005273261242972449
467_UCR_id_165_Environment_tr_6166_1st_19280,MOMENT (FT),0.6147660296044878,TSPulse_ZS_fft,0.5817301265835032,0.4972191597715134,0.5578909698487364,-0.056875059755751356,-0.03303590302098458,-0.023839156734766775,0.060671810077223054
222_LTDB_id_7_Medical_tr_3618_1st_3718,AutoEncoder,0.993472420323474,TSPulse_ZS_ensemble,0.9431166145076828,0.9431166145076828,0.935822424416512,-0.05764999590696207,-0.050355805815791244,-0.007294190091170827,-0.007294190091170827
841_Exathlon_id_32_Facility_tr_11663_1st_13482,USAD,0.998708191474183,TSPulse_ZS_future,0.9970390039517886,0.950669685190885,0.9409933581454388,-0.057714833328744164,-0.001669187522394422,-0.05604564580634974,-0.009676327045446187
187_SMD_id_10_Facility_tr_5000_1st_15849,POLY,0.5031004764172533,TSPulse_ZS_ensemble,0.4447917423295131,0.4447917423295131,0.4440211199911696,-0.059079356426083696,-0.05830873408774023,-0.0007706223383434629,-0.0007706223383434629
258_TAO_id_2_Environment_tr_500_1st_4,SR,0.9999190240020308,TSPulse_ZS_future,0.9692590824023246,0.9495642202124912,0.9375284179396384,-0.06239060606239244,-0.030659941599706197,-0.03173066446268624,-0.012035802272852836
043_WSD_id_15_WebService_tr_4521_1st_6828,AutoEncoder,0.6080966796089448,TSPulse_ZS_time,0.6017405953758395,0.5844649376262211,0.5448770078133562,-0.06321967179558852,-0.006356084233105297,-0.05686358756248322,-0.03958792981286485
459_UCR_id_157_HumanActivity_tr_50000_1st_110260,Series2Graph,0.0657155509809346,TSPulse_ZS_future,0.0006171101398938,0.0004662636469567,0.0004908518220821,-0.0652246991588525,-0.0650984408410408,-0.0001262583178117,2.458817512540005e-05
155_Stock_id_7_Finance_tr_500_1st_18,SR,0.9995209290278988,TSPulse_ZS_future,0.96993986914769,0.9368870017064448,0.930781184745178,-0.06873974428272078,-0.02958105988020876,-0.03915868440251202,-0.0061058169612667745
273_IOPS_id_14_WebService_tr_5569_1st_5669,MOMENT (FT),0.6387803000391984,TSPulse_ZS_future,0.733503042729394,0.5715166991795275,0.5617363093451728,-0.07704399069402557,0.09472274269019565,-0.17176673338422122,-0.009780389834354697
539_SMAP_id_9_Sensor_tr_1857_1st_4270,MOMENT (FT),0.991961506745492,TSPulse_ZS_fft,0.9322380849980922,0.9248253516004744,0.914028765458606,-0.07793274128688599,-0.05972342174739975,-0.018209319539486235,-0.010796586141868403
517_UCR_id_215_Facility_tr_7482_1st_24005,MatrixProfile,0.904600485042372,TSPulse_ZS_time,0.8316746176612333,0.820077016861796,0.8257626451698167,-0.07883783987255533,-0.07292586738113871,-0.005911972491416617,0.005685628308020663
381_UCR_id_79_HumanActivity_tr_16000_1st_31200,Series2Graph,0.1067913653859511,TSPulse_ZS_time,0.0358935378862947,0.0309606850180726,0.0258376717415458,-0.0809536936444053,-0.0708978274996564,-0.0100558661447489,-0.005123013276526801
310_UCR_id_8_HumanActivity_tr_2631_1st_8285,Sub-LOF,0.085234376743859,TSPulse_ZS_future,0.0051323928106588,0.0030145639256754,0.0031458866832111,-0.0820884900606479,-0.0801019839332002,-0.0019865061274477,0.0001313227575357001
191_SMD_id_14_Facility_tr_4596_1st_4696,MOMENT (ZS),0.9453218226865564,TSPulse_ZS_future,0.882138621828979,0.8650794892252691,0.8619941796203676,-0.08332764306618878,-0.06318320085757745,-0.020144442208611335,-0.0030853096049014983
274_IOPS_id_15_WebService_tr_4591_1st_4691,MOMENT (FT),0.6734703496932296,TSPulse_ZS_future,0.6203322852439829,0.5897028871158645,0.5852801721947841,-0.08819017749844549,-0.053138064449246736,-0.03505211304919875,-0.004422714921080373
548_SMAP_id_18_Sensor_tr_2094_1st_5600,SAND,0.9857438321030784,TSPulse_ZS_ensemble,0.8981130335582084,0.8981130335582084,0.8940836497817651,-0.09166018232131323,-0.08763079854486999,-0.0040293837764432405,-0.0040293837764432405
540_SMAP_id_10_Sensor_tr_2051_1st_4575,KShapeAD,0.9907464373161669,TSPulse_ZS_fft,0.9055949769024106,0.9025236721461496,0.8971157858357766,-0.09363065148039029,-0.08515146041375621,-0.008479191066634084,-0.0054078863103730335
828_Exathlon_id_19_Facility_tr_11663_1st_13482,Sub-PCA,0.9319125508030188,TSPulse_ZS_time,0.8658474348535397,0.8408147776290471,0.8378688973023504,-0.09404365350066846,-0.06606511594947917,-0.027978537551189286,-0.002945880326696737
358_UCR_id_56_Facility_tr_10500_1st_29080,Sub-LOF,0.0968487684438182,TSPulse_ZS_future,0.0016824436329835,0.0011202144228595,0.0010726226264885,-0.09577614581732971,-0.0951663248108347,-0.000609821006495,-4.7591796371e-05
355_UCR_id_53_HumanActivity_tr_48750_1st_143411,SR,0.144067657767914,TSPulse_ZS_time,0.1402055985325171,0.0864220258649054,0.0471119847451104,-0.0969556730228036,-0.0038620592353968974,-0.0930936137874067,-0.039310041119795
027_NAB_id_27_Facility_tr_757_1st_2582,POLY,0.6784803541066893,TSPulse_ZS_fft,0.5815492725579515,0.5797891306665103,0.5790026334176944,-0.09947772068899485,-0.09693108154873775,-0.002546639140257101,-0.0007864972488158539
220_LTDB_id_5_Medical_tr_500_1st_26,Series2Graph,0.7863309674212695,TSPulse_ZS_ensemble,0.692682150477691,0.692682150477691,0.6843035283734551,-0.10202743904781442,-0.09364881694357852,-0.0083786221042359,-0.0083786221042359
198_SMD_id_21_Facility_tr_5925_1st_17580,POLY,0.9413658774452146,TSPulse_ZS_time,0.8857291735005347,0.8735849651292104,0.8361318452301458,-0.10523403221506877,-0.0556367039446799,-0.049597328270388874,-0.037453119899064524
255_SVDB_id_19_Medical_tr_50000_1st_54982,Sub-KNN,0.3987400474649905,TSPulse_ZS_fft,0.3008702839589007,0.2991028489847515,0.2906881091846893,-0.10805193828030119,-0.09786976350608978,-0.010182174774211405,-0.008414739800062188
411_UCR_id_109_Environment_tr_2046_1st_4852,KMeansAD,0.90582447618461,TSPulse_ZS_ensemble,0.8946181353601211,0.8946181353601211,0.7973289966978209,-0.10849547948678917,-0.011206340824488903,-0.09728913866230027,-0.09728913866230027
530_UCR_id_228_HumanActivity_tr_16250_1st_38500,LOF,0.1140142231481119,TSPulse_ZS_future,0.0049783200913975,0.0046805107694328,0.0046769237423792,-0.1093372994057327,-0.1090359030567144,-0.00030139634901830015,-3.58702705360002e-06
257_TAO_id_1_Environment_tr_500_1st_3,SR,0.9998350655849488,TSPulse_ZS_future,0.945883432858578,0.904689677185076,0.8876571195167756,-0.11217794606817322,-0.053951632726370824,-0.058226313341802394,-0.017032557668300363
293_TODS_id_7_Synthetic_tr_500_1st_7,Chronos,0.6840174572582702,TSPulse_ZS_future,0.7381962766686809,0.5946856507836962,0.571633505028525,-0.11238395222974529,0.054178819410410695,-0.16656277164015598,-0.023052145755171227
250_SVDB_id_14_Medical_tr_50000_1st_107354,KShapeAD,0.6560970106919596,TSPulse_ZS_fft,0.6264726053588534,0.6091054320226691,0.5391075157448806,-0.116989494947079,-0.029624405333106174,-0.08736508961397282,-0.06999791627778851
818_Exathlon_id_9_Facility_tr_11665_1st_13484,USAD,0.99970379614177,TSPulse_ZS_future,0.9886095875022314,0.8997071061840168,0.8816774075101576,-0.11802638863161241,-0.011094208639538583,-0.10693217999207383,-0.018029698673859285
213_SMD_id_36_Facility_tr_5925_1st_17580,USAD,0.9800933140630248,TSPulse_ZS_future,0.9429601068834907,0.9212628462190368,0.8595848547452615,-0.12050845931776333,-0.037133207179534056,-0.08337525213822927,-0.061677991473775284
281_NEK_id_5_WebService_tr_500_1st_974,Sub-PCA,0.9955899625892408,TSPulse_ZS_ensemble,0.9296091095134618,0.9296091095134618,0.8739912804168096,-0.1215986821724312,-0.06598085307577906,-0.05561782909665214,-0.05561782909665214
534_SMAP_id_4_Sensor_tr_1968_1st_4370,KShapeAD,0.9884783245918805,TSPulse_ZS_ensemble,0.8734885557876972,0.8734885557876972,0.8662397087464495,-0.12223861584543094,-0.11498976880418321,-0.00724884704124773,-0.00724884704124773
445_UCR_id_143_Environment_tr_6166_1st_19280,MOMENT (FT),0.671017893502728,TSPulse_ZS_ensemble,0.5770948613911075,0.5770948613911075,0.5485372306849677,-0.12248066281776027,-0.09392303211162045,-0.028557630706139814,-0.028557630706139814
016_NAB_id_16_Environment_tr_1816_1st_3540,Sub-PCA,0.3747776678051102,TSPulse_ZS_time,0.2535407271968686,0.2509874933551701,0.2515742542939793,-0.1232034135111309,-0.12123694060824158,-0.0019664729028893158,0.000586760938809161
823_Exathlon_id_14_Facility_tr_10766_1st_12590,USAD,0.9999142103620434,TSPulse_ZS_future,0.9989473776686928,0.8893835804644801,0.8750213511366934,-0.12489285922534998,-0.0009668326933506277,-0.12392602653199936,-0.014362229327786635
298_TODS_id_12_Synthetic_tr_500_1st_0,TimesFM,0.820314250555543,TSPulse_ZS_future,0.8431308166960746,0.7099363880121403,0.6940227794696562,-0.1262914710858868,0.022816566140531624,-0.1491080372264184,-0.015913608542484137
054_WSD_id_26_WebService_tr_2409_1st_2509,MOMENT (FT),0.733363494853698,TSPulse_ZS_future,0.9391990552963652,0.6390648599151644,0.6056193155155538,-0.1277441793381442,0.20583556044266715,-0.33357973978081135,-0.03344554439961056
151_Stock_id_3_Finance_tr_500_1st_62,SR,0.9975434272993452,TSPulse_ZS_future,0.8896237208757793,0.8695087031594964,0.8658060677993996,-0.13173735949994558,-0.10791970642356585,-0.02381765307637973,-0.00370263536009674
286_CATSv2_id_1_Sensor_tr_17792_1st_17892,USAD,0.4026696997484271,TSPulse_ZS_time,0.3384143932334873,0.2699328586810737,0.2701035657181239,-0.1325661340303032,-0.06425530651493977,-0.06831082751536344,0.00017070703705018841
287_TODS_id_1_Synthetic_tr_500_1st_11,SR,0.9821527632507104,TSPulse_ZS_future,0.8620613638581935,0.8591045256751206,0.846755663123675,-0.13539710012703543,-0.1200913993925169,-0.015305700734518535,-0.012348862551445627
005_NAB_id_5_Traffic_tr_594_1st_1645,SAND,0.2896035987628442,TSPulse_ZS_fft,0.1576413195209791,0.1526244452715937,0.153895364592169,-0.1357082341706752,-0.1319622792418651,-0.003745954928810108,0.0012709193205752978
288_TODS_id_2_Synthetic_tr_500_1st_65,TimesFM,0.893209416018168,TSPulse_ZS_future,0.8594991354261616,0.766151896441625,0.7551662404310241,-0.13804317558714385,-0.033710280592006314,-0.10433289499513754,-0.010985656010600864
166_Stock_id_18_Finance_tr_500_1st_18,SR,0.999709052130718,TSPulse_ZS_future,0.9171636672824648,0.8804762654235275,0.8612281916341482,-0.13848086049656982,-0.08254538484825324,-0.05593547564831658,-0.019248073789379316
002_NAB_id_2_WebService_tr_1500_1st_4106,POLY,0.6259498149866337,TSPulse_ZS_fft,0.4842285887825737,0.4842264992473786,0.4870585789284676,-0.1388912360581661,-0.14172122620406002,0.0028299901458939125,0.002832079681089006
208_SMD_id_31_Facility_tr_5000_1st_15144,Sub-PCA,0.7379767148603048,TSPulse_ZS_fft,0.6421502145395209,0.626775735119439,0.5990367824688275,-0.13893993239147728,-0.09582650032078388,-0.0431134320706934,-0.027738952650611437
276_IOPS_id_17_WebService_tr_19197_1st_19297,IForest,0.489406903384516,TSPulse_ZS_future,0.4898257170432773,0.3558623649159882,0.3503600810300204,-0.13904682235449556,0.00041881365876134113,-0.1394656360132569,-0.005502283885967796
494_UCR_id_192_Facility_tr_22500_1st_72150,SAND,0.1458023820199428,TSPulse_ZS_future,0.0085794993643075,0.0051507930790713,0.004678527620535,-0.1411238543994078,-0.13722288265563531,-0.0039009717437725,-0.00047226545853629957
262_IOPS_id_3_WebService_tr_7028_1st_7128,IForest,0.3060054129641131,TSPulse_ZS_future,0.2352119769986892,0.1721006986270524,0.1627415113938771,-0.143263901570236,-0.0707934359654239,-0.0724704656048121,-0.009359187233175303
106_WSD_id_78_WebService_tr_3363_1st_3463,MOMENT (FT),0.8881524721458884,TSPulse_ZS_time,0.7614932394216403,0.761394813409322,0.7431837644497717,-0.1449687076961167,-0.12665923272424817,-0.018309474971868522,-0.01821104895955028
263_IOPS_id_4_WebService_tr_3482_1st_3582,MOMENT (ZS),0.808331951828185,TSPulse_ZS_future,0.9166578826542306,0.6649046575585428,0.6621681593329494,-0.1461637924952356,0.10832593082604569,-0.2544897233212813,-0.002736498225593409
139_WSD_id_111_WebService_tr_1701_1st_1801,CNN,0.7089407451531597,TSPulse_ZS_future,0.8814538425073232,0.5730858467001652,0.5599404920715825,-0.14900025308157727,0.17251309735416342,-0.3215133504357407,-0.013145354628582684
292_TODS_id_6_Synthetic_tr_500_1st_11,Chronos,0.9783172752755692,TSPulse_ZS_future,0.8632285909164438,0.8421536721063742,0.8279306855679122,-0.15038658970765706,-0.11508868435912545,-0.03529790534853161,-0.01422298653846199
149_Stock_id_1_Finance_tr_500_1st_7,SR,0.9989720390207256,TSPulse_ZS_future,0.9362569358115516,0.8621645640791687,0.8466831555952536,-0.15228888342547198,-0.06271510320917406,-0.08957378021629792,-0.015481408483915104
189_SMD_id_12_Facility_tr_5925_1st_17580,POLY,0.9263230457070546,TSPulse_ZS_future,0.9006383621333615,0.8445034576674284,0.7712776939893874,-0.1550453517176672,-0.025684683573693134,-0.12936066814397407,-0.07322576367804101
178_SMD_id_1_Facility_tr_6000_1st_10609,KMeansAD,0.279916504274691,TSPulse_ZS_future,0.2543366885607441,0.1317281137146466,0.1233232204308564,-0.15659328384383459,-0.025579815713946907,-0.13101346812988768,-0.008404893283790196
094_WSD_id_66_WebService_tr_3309_1st_3914,MOMENT (FT),0.7644936983753546,TSPulse_ZS_future,0.95717859532616,0.6569464602252668,0.6060220500259306,-0.15847164834942407,0.19268489695080537,-0.35115654530022944,-0.050924410199336245
039_WSD_id_11_WebService_tr_1746_1st_1846,MOMENT (FT),0.8036037714994859,TSPulse_ZS_future,0.9258301272231456,0.6429549544711723,0.635478625752514,-0.1681251457469719,0.1222263557236597,-0.2903515014706316,-0.007476328718658332
382_UCR_id_80_Medical_tr_7500_1st_11800,POLY,0.7424078895856209,TSPulse_ZS_fft,0.7135290105464417,0.7087652346542354,0.5738547309426608,-0.16855315864296005,-0.028878879039179184,-0.13967427960378087,-0.13491050371157454
500_UCR_id_198_Facility_tr_7482_1st_23357,AutoEncoder,0.1858905821373813,TSPulse_ZS_future,0.0158981012523436,0.0109695230268284,0.0109462394658881,-0.1749443426714932,-0.1699924808850377,-0.004951861786455498,-2.3283560940300096e-05
068_WSD_id_40_WebService_tr_4549_1st_13322,Sub-KNN,0.2480659205842781,TSPulse_ZS_future,0.462711326805016,0.129460553301674,0.0697168010514123,-0.1783491195328658,0.21464540622073788,-0.39299452575360366,-0.0597437522502617
297_TODS_id_11_Synthetic_tr_500_1st_7,TimesFM,0.6765687034440035,TSPulse_ZS_future,0.6632652303802283,0.5464817937199726,0.4980051079688393,-0.17856359547516426,-0.013303473063775217,-0.16526012241138904,-0.04847668575113334
188_SMD_id_11_Facility_tr_500_1st_392,MOMENT (FT),0.4643527937982312,TSPulse_ZS_time,0.3911337041869206,0.3121599881308354,0.2847405768339394,-0.1796122169642918,-0.07321908961131057,-0.10639312735298123,-0.027419411296896012
373_UCR_id_71_Sensor_tr_2827_1st_5988,MatrixProfile,0.1993685108719435,TSPulse_ZS_future,0.0705730758607432,0.0161096454412754,0.0138713212621173,-0.1854971896098262,-0.12879543501120028,-0.0567017545986259,-0.0022383241791580997
199_SMD_id_22_Facility_tr_5925_1st_17580,KMeansAD,0.9433676306841078,TSPulse_ZS_future,0.9407544086855376,0.7582306439878539,0.7543136625227209,-0.18905396816138686,-0.00261322199857017,-0.1864407461628167,-0.003916981465132974
432_UCR_id_130_Facility_tr_23000_1st_26970,KShapeAD,0.1998057769661999,TSPulse_ZS_future,0.0156708687664855,0.0085269968897726,0.0075551506101183,-0.1922506263560816,-0.1841349081997144,-0.008115718156367201,-0.0009718462796542999
279_NEK_id_3_WebService_tr_500_1st_974,Sub-PCA,0.9926101945454334,TSPulse_ZS_fft,0.9290640909221728,0.859366474696674,0.799595711998415,-0.19301448254701847,-0.06354610362326063,-0.12946837892375784,-0.059770762698259094
089_WSD_id_61_WebService_tr_1010_1st_1110,CNN,0.92055551820949,TSPulse_ZS_future,0.9730086352872078,0.7550940677022024,0.7261802582606454,-0.19437525994884464,0.052453117077717826,-0.24682837702656246,-0.02891380944155708
304_UCR_id_2_Medical_tr_2499_1st_7000,MatrixProfile,0.2858522416850497,TSPulse_ZS_time,0.1236052615289848,0.1214700372548155,0.0899471020822812,-0.1959051396027685,-0.1622469801560649,-0.0336581594467036,-0.03152293517253431
049_WSD_id_21_WebService_tr_4297_1st_7097,POLY,0.3570837589439196,TSPulse_ZS_future,0.5184982612072458,0.1719182993503736,0.1595062421973349,-0.1975775167465847,0.16141450226332626,-0.35899201900991096,-0.012412057153038697
247_SVDB_id_11_Medical_tr_20100_1st_23611,KMeansAD,0.8743703971980386,TSPulse_ZS_fft,0.6305090801124541,0.6160312369403063,0.6603479727351621,-0.21402242446287645,-0.24386131708558445,0.029838892622708002,0.044316735794855844
311_UCR_id_9_HumanActivity_tr_16000_1st_38400,Sub-LOF,0.2599235944108026,TSPulse_ZS_time,0.0798759940255781,0.0555490623185498,0.0435197634554008,-0.21640383095540178,-0.1800476003852245,-0.0363562305701773,-0.012029298863148997
299_TODS_id_13_Synthetic_tr_500_1st_65,TimesFM,0.9397603002880204,TSPulse_ZS_future,0.8770498264983212,0.7313929197773352,0.7233212521019223,-0.21643904818609805,-0.06271047378969918,-0.15372857439639886,-0.008071667675412897
283_NEK_id_7_WebService_tr_500_1st_777,Sub-PCA,0.9751752550160644,TSPulse_ZS_future,0.7962691848886692,0.7731707441020427,0.752217708812437,-0.2229575462036274,-0.17890607012739523,-0.044051476076232166,-0.02095303528960568
545_SMAP_id_15_Sensor_tr_1173_1st_2750,TimesNet,0.9706143079678254,TSPulse_ZS_future,0.9588946018378314,0.7526531660608382,0.7410522416723005,-0.2295620662955249,-0.011719706129994067,-0.21784236016553082,-0.011600924388537659
396_UCR_id_94_Medical_tr_1875_1st_5607,SAND,0.9782778735799464,TSPulse_ZS_fft,0.8082443299013935,0.7734747034224093,0.7466609719991447,-0.23161690158080173,-0.17003354367855295,-0.06158335790224878,-0.026813731423264597
296_TODS_id_10_Synthetic_tr_500_1st_26,Chronos,0.9703335366625344,TSPulse_ZS_future,0.8744216580760437,0.7587118730317911,0.7365666009056606,-0.2337669357568738,-0.09591187858649075,-0.13785505717038304,-0.02214527212613049
285_NEK_id_9_WebService_tr_500_1st_780,Sub-PCA,0.9555692808627966,TSPulse_ZS_future,0.7780413440078813,0.7451789049893373,0.7193420617629066,-0.23622721909988997,-0.1775279368549153,-0.05869928224497467,-0.02583684322643065
473_UCR_id_171_HumanActivity_tr_2617_1st_7290,Sub-LOF,0.2390985145995865,TSPulse_ZS_future,0.0091010859185032,0.0020469025757746,0.0015349839642318,-0.2375635306353547,-0.2299974286810833,-0.0075661019542714,-0.0005119186115428
315_UCR_id_13_HumanActivity_tr_16000_1st_33070,IForest,0.2498241238738735,TSPulse_ZS_future,0.0291606497758762,0.0110091294639372,0.0080623836754408,-0.24176174019843272,-0.2206634740979973,-0.0210982661004354,-0.0029467457884964007
023_NAB_id_23_Facility_tr_4512_1st_16551,AutoEncoder,0.6900719491510368,TSPulse_ZS_fft,0.5160241231694036,0.4533364864513994,0.4464276138809346,-0.24364433527010215,-0.17404782598163315,-0.069596509288469,-0.006908872570464797
275_IOPS_id_16_WebService_tr_1482_1st_1582,MatrixProfile,0.4137131729245102,TSPulse_ZS_future,0.1874764446632418,0.1664341045775806,0.1681825450629862,-0.24553062786152402,-0.22623672826126842,-0.0192938996002556,0.0017484404854055946
267_IOPS_id_8_WebService_tr_1534_1st_1882,SR,0.5338248061598019,TSPulse_ZS_time,0.2978620567896313,0.2759948021735326,0.2852135757920607,-0.2486112303677412,-0.2359627493701706,-0.0126484809975706,0.009218773618528076
290_TODS_id_4_Synthetic_tr_500_1st_26,SR,0.90172775901021,TSPulse_ZS_future,0.8159264908682492,0.6787102628357046,0.6486954527646956,-0.2530323062455143,-0.08580126814196076,-0.16723103810355355,-0.030014810071008924
289_TODS_id_3_Synthetic_tr_500_1st_26,Chronos,0.9424464221619604,TSPulse_ZS_future,0.8712515036996049,0.7253029942461579,0.6883192927903306,-0.25412712937162985,-0.07119491846235548,-0.18293221090927436,-0.0369837014558273
141_MSL_id_2_Sensor_tr_500_1st_550,POLY,0.9275813823665444,TSPulse_ZS_time,0.6927151067239824,0.6798933229450638,0.6698147751293818,-0.2577666072371626,-0.23486627564256202,-0.022900331594600587,-0.01007854781568196
294_TODS_id_8_Synthetic_tr_500_1st_200,MatrixProfile,0.7888067948475956,TSPulse_ZS_time,0.5547498365950663,0.5472444994164606,0.5303529940868353,-0.2584538007607603,-0.23405695825252937,-0.02439684250823093,-0.016891505329625245
147_MSL_id_8_Sensor_tr_590_1st_690,FITS,0.6444761934593974,TSPulse_ZS_time,0.4431513894706866,0.387590751900231,0.3833791956494866,-0.26109699780991086,-0.20132480398871083,-0.059772193821200026,-0.00421155625074443
551_YAHOO_id_1_Synthetic_tr_500_1st_893,KShapeAD,1.0,TSPulse_ZS_future,1.0,0.7536763254124348,0.7372419663958245,-0.2627580336041755,0.0,-0.2627580336041755,-0.016434359016610278
542_SMAP_id_12_Sensor_tr_1908_1st_4690,SAND,1.0,TSPulse_ZS_ensemble,0.7536764807105559,0.7536764807105559,0.7369396625538394,-0.26306033744616064,-0.24632351928944407,-0.01673681815671657,-0.01673681815671657
272_IOPS_id_13_WebService_tr_3442_1st_3542,TimesNet,0.8764053312951345,TSPulse_ZS_future,0.8923231470338108,0.6134372490773354,0.6119320308698757,-0.26447330042525885,0.015917815738676233,-0.2803911161639351,-0.0015052182074597464
269_IOPS_id_10_WebService_tr_1216_1st_1728,Sub-PCA,0.7220432862126581,TSPulse_ZS_time,0.5100800776650647,0.5055093634536868,0.455321873451983,-0.2667214127606751,-0.21196320854759343,-0.054758204213081696,-0.050187490001703805
137_WSD_id_109_WebService_tr_4559_1st_14404,MOMENT (FT),0.6415706151221775,TSPulse_ZS_fft,0.4864800185887287,0.4748767259714904,0.3742635066502867,-0.2673071084718908,-0.1550905965334488,-0.11221651193844201,-0.1006132193212037
284_NEK_id_8_WebService_tr_500_1st_976,Sub-PCA,0.9690287804530467,TSPulse_ZS_future,0.7887357960224759,0.7322910115740378,0.6952735032205404,-0.27375527723250637,-0.18029298443057085,-0.09346229280193552,-0.037017508353497375
251_SVDB_id_15_Medical_tr_5421_1st_5521,KShapeAD,0.9862331589501394,TSPulse_ZS_fft,0.7023307754436635,0.7022632418074229,0.7037699674993988,-0.2824631914507406,-0.2839023835064759,0.0014391920557352833,0.001506725691975852
238_SVDB_id_2_Medical_tr_25000_1st_71963,KShapeAD,0.9281401380854044,TSPulse_ZS_fft,0.6751498409088964,0.6717953525402093,0.644914207132328,-0.28322593095307635,-0.252990297176508,-0.03023563377656835,-0.026881145407881224
817_Exathlon_id_8_Facility_tr_10766_1st_12590,USAD,0.874370074858941,TSPulse_ZS_ensemble,0.5790721220194875,0.5790721220194875,0.5788429557025055,-0.2955271191564355,-0.2952979528394535,-0.00022916631698199907,-0.00022916631698199907
099_WSD_id_71_WebService_tr_4559_1st_14411,POLY,0.5943131271311933,TSPulse_ZS_ensemble,0.4877246702279145,0.4877246702279145,0.2972828559536454,-0.29703027117754793,-0.10658845690327884,-0.1904418142742691,-0.1904418142742691
822_Exathlon_id_13_Facility_tr_10766_1st_12590,USAD,0.8772755263948759,TSPulse_ZS_ensemble,0.5790721220194875,0.5790721220194875,0.5788429557025055,-0.2984325706923704,-0.2982034043753884,-0.00022916631698199907,-0.00022916631698199907
838_Exathlon_id_29_Facility_tr_10766_1st_12590,USAD,0.8772769511802179,TSPulse_ZS_ensemble,0.5790721220194875,0.5790721220194875,0.5788429557025055,-0.2984339954777123,-0.2982048291607303,-0.00022916631698199907,-0.00022916631698199907
018_NAB_id_18_Facility_tr_500_1st_669,KShapeAD,0.4206056721993585,TSPulse_ZS_future,0.1672979856418406,0.1016218394849022,0.1016721266876006,-0.3189335455117579,-0.2533076865575179,-0.06562585895423999,5.0287202698409694e-05
302_Power_id_1_Facility_tr_7685_1st_7785,KMeansAD,0.392133590197686,TSPulse_ZS_future,0.0805219493892473,0.0721385956202209,0.0721708376811611,-0.3199627525165249,-0.31161164080843873,-0.008351111708086195,3.22420609401991e-05
264_IOPS_id_5_WebService_tr_11665_1st_11765,AutoEncoder,0.7797001250305188,TSPulse_ZS_time,0.4602646280995203,0.455319704246012,0.4564931216798381,-0.3232070033506807,-0.3194354969309985,-0.0037715064196822135,0.001173417433826096
301_TODS_id_15_Synthetic_tr_500_1st_245,Series2Graph,0.7715285653946294,TSPulse_ZS_time,0.4743724702840526,0.4562554230756617,0.4457497002503887,-0.32577886514424076,-0.29715609511057683,-0.028622770033663925,-0.010505722825273012
237_SVDB_id_1_Medical_tr_11587_1st_11687,KShapeAD,0.9889733753758482,TSPulse_ZS_ensemble,0.6868619506256732,0.6868619506256732,0.6627123941693615,-0.3262609812064867,-0.30211142475017494,-0.024149556456311783,-0.024149556456311783
295_TODS_id_9_Synthetic_tr_1250_1st_2046,Series2Graph,0.8719406569937935,TSPulse_ZS_ensemble,0.5768148345552354,0.5768148345552354,0.5421600221390581,-0.3297806348547354,-0.2951258224385581,-0.034654812416177294,-0.034654812416177294
113_WSD_id_85_WebService_tr_500_1st_335,TimesNet,0.9154909655675474,TSPulse_ZS_future,0.8365540970313708,0.5953016710918548,0.5720472109467334,-0.343443754620814,-0.07893686853617654,-0.26450688608463746,-0.023254460145121447
227_MGAB_id_3_Synthetic_tr_25000_1st_44340,Sub-LOF,0.3491658838306035,TSPulse_ZS_future,0.0034293665954437,0.0026953768134797,0.002623528154638,-0.3465423556759655,-0.3457365172351598,-0.0008058384408057002,-7.184865884170017e-05
160_Stock_id_12_Finance_tr_500_1st_14,SR,0.9973235314817758,TSPulse_ZS_future,0.8479997438926655,0.6850897121159957,0.6401282633531541,-0.3571952681286217,-0.14932378758911025,-0.20787148053951143,-0.04496144876284158
249_SVDB_id_13_Medical_tr_50000_1st_54982,KShapeAD,0.6708463662241089,TSPulse_ZS_ensemble,0.3141680259496846,0.3141680259496846,0.3054553679275588,-0.3653909982965501,-0.35667834027442424,-0.008712658022125841,-0.008712658022125841
117_WSD_id_89_WebService_tr_3251_1st_3351,POLY,0.4112856434254001,TSPulse_ZS_future,0.1155322805049861,0.0823073371179383,0.0411536685589691,-0.370131974866431,-0.295753362920414,-0.074378611946017,-0.04115366855896921
248_SVDB_id_12_Medical_tr_18462_1st_18562,KShapeAD,0.9330637076425524,TSPulse_ZS_time,0.5884038499313848,0.5859666219889103,0.5622451993907213,-0.37081850825183116,-0.3446598577111676,-0.026158650540663575,-0.02372142259818899
734_YAHOO_id_184_WebService_tr_500_1st_768,OmniAnomaly,0.9954075220651076,TSPulse_ZS_future,0.9121518059233849,0.6912071522791767,0.6192374601641277,-0.3761700619009799,-0.08325571614172278,-0.2929143457592571,-0.071969692115049
226_MGAB_id_2_Synthetic_tr_20000_1st_45134,Sub-LOF,0.3885716238113163,TSPulse_ZS_future,0.005334326631028,0.0037229718000294,0.0033696408219552,-0.38520198298936115,-0.3832372971802883,-0.0019646858090728004,-0.0003533309780742004
228_MGAB_id_4_Synthetic_tr_25000_1st_38948,Sub-LOF,0.395803816006758,TSPulse_ZS_fft,0.0075902171722289,0.0069060892365903,0.0069551267821612,-0.3888486892245968,-0.3882135988345291,-0.0006350903900677,4.903754557090013e-05
449_UCR_id_147_Sensor_tr_2847_1st_9330,KShapeAD,0.7420917871658096,TSPulse_ZS_future,0.4036853874234563,0.3769236275329555,0.3519636615700921,-0.39012812559571747,-0.3384063997423533,-0.05172172585336415,-0.024959965962863373
807_YAHOO_id_257_WebService_tr_500_1st_1210,OmniAnomaly,0.7360318531918502,TSPulse_ZS_future,0.5493779263850219,0.436322011073355,0.342267062190269,-0.3937647910015812,-0.18665392680682824,-0.20711086419475294,-0.09405494888308602
130_WSD_id_102_WebService_tr_2362_1st_2462,POLY,0.7220829017560688,TSPulse_ZS_future,0.7159587328152657,0.3818912419072788,0.3279812189166468,-0.39410168283942204,-0.006124168940803143,-0.3879775138986189,-0.05391002299063202
232_MGAB_id_8_Synthetic_tr_25000_1st_32708,Sub-LOF,0.3993234393663261,TSPulse_ZS_future,0.006008046363825,0.0043806492026563,0.0039486413663665,-0.39537479799995956,-0.39331539300250107,-0.0020594049974585003,-0.0004320078362898003
657_YAHOO_id_107_WebService_tr_500_1st_1260,IForest,1.0,TSPulse_ZS_future,0.8410554816936918,0.6066414023279504,0.585275398955442,-0.414724601044558,-0.15894451830630818,-0.2557800827382498,-0.02136600337250838
334_UCR_id_32_HumanActivity_tr_1671_1st_2764,AutoEncoder,0.4440186895809856,TSPulse_ZS_future,0.0245602549782396,0.0223719616135625,0.0222034961730877,-0.4218151934078979,-0.419458434602746,-0.0023567588051519005,-0.00016846544047479858
229_MGAB_id_5_Synthetic_tr_25000_1st_33098,Sub-LOF,0.4281140583849515,TSPulse_ZS_future,0.0063909966041127,0.0044034570355283,0.0039724246640416,-0.4241416337209099,-0.4217230617808388,-0.0024185719400711004,-0.00043103237148670037
221_LTDB_id_6_Medical_tr_500_1st_26,SAND,0.7812123253213753,TSPulse_ZS_future,0.4028432232496273,0.3508298691803209,0.3548730895994124,-0.4263392357219629,-0.378369102071748,-0.04797013365021491,0.004043220419091498
125_WSD_id_97_WebService_tr_2217_1st_2317,POLY,0.6785214374541638,TSPulse_ZS_future,0.8504715172665392,0.2776207023272008,0.2519937393003272,-0.4265276981538366,0.17195007981237542,-0.598477777966212,-0.025626963026873617
245_SVDB_id_9_Medical_tr_12607_1st_12707,KShapeAD,0.9486588100164924,TSPulse_ZS_fft,0.5821066641867108,0.5549289196431507,0.5217749982781589,-0.42688381173833356,-0.3665521458297817,-0.06033166590855188,-0.033153921364991845
260_IOPS_id_1_WebService_tr_5000_1st_11804,POLY,0.6537102304608683,TSPulse_ZS_future,0.2651121474222908,0.2085823126086208,0.2085823126086208,-0.4451279178522475,-0.3885980830385775,-0.056529834813669966,0.0
493_UCR_id_191_Sensor_tr_2847_1st_9330,Series2Graph,0.8161428936568124,TSPulse_ZS_future,0.4036853874234563,0.3881094102756285,0.3692931865606328,-0.44684970709617955,-0.4124575062333561,-0.03439220086282346,-0.018816223714995695
240_SVDB_id_4_Medical_tr_18462_1st_18562,KShapeAD,0.8220163298198647,TSPulse_ZS_fft,0.471919355776252,0.4716216347792005,0.3748315853198545,-0.4471847445000102,-0.35009697404361273,-0.09708777045639749,-0.096790049459346
516_UCR_id_214_HumanActivity_tr_2108_1st_4702,Series2Graph,0.4525542542373488,TSPulse_ZS_fft,0.0016795552016337,0.0011822041940899,0.001313889901961,-0.4512403643353878,-0.4508746990357151,-0.0003656652996727001,0.00013168570787109994
415_UCR_id_113_Medical_tr_3000_1st_8612,SAND,0.9969936441780102,TSPulse_ZS_time,0.7478688641127303,0.6344723567864041,0.5456861713265928,-0.45130747285141737,-0.24912478006527983,-0.20218269278613754,-0.08878618545981132
254_SVDB_id_18_Medical_tr_30824_1st_30924,KShapeAD,0.7627839528336958,TSPulse_ZS_fft,0.3237550272949252,0.3223133426870309,0.3091531727618296,-0.45363078007186625,-0.4390289255387706,-0.014601854533095648,-0.013160169925201304
173_MITDB_id_4_Medical_tr_13620_1st_13720,KShapeAD,0.5640017925469981,TSPulse_ZS_future,0.1257867719212191,0.1051843058966523,0.104966559400571,-0.45903523314642714,-0.438215020625779,-0.0208202125206481,-0.0002177464960813058
239_SVDB_id_3_Medical_tr_50000_1st_106634,KShapeAD,0.7754787737219411,TSPulse_ZS_fft,0.3365693865651748,0.3330466347441385,0.3135311551073073,-0.4619476186146338,-0.43890938715676625,-0.023038231457867542,-0.0195154796368312
024_NAB_id_24_Synthetic_tr_1007_1st_2787,Series2Graph,0.9999991368789436,TSPulse_ZS_fft,0.5647470390978849,0.5389408245077193,0.5344666207971861,-0.4655325160817575,-0.43525209778105867,-0.03028041830069883,-0.004474203710533198
570_YAHOO_id_20_Synthetic_tr_500_1st_658,SR,0.9906919233604848,TSPulse_ZS_future,0.937597946301752,0.5409033898774896,0.5230759739776324,-0.46761594938285245,-0.053093977058732866,-0.4145219723241196,-0.017827415899857257
225_MGAB_id_1_Synthetic_tr_25000_1st_38478,Sub-LOF,0.4866260194814325,TSPulse_ZS_future,0.0053978083860163,0.0038728370253209,0.0035172283143654,-0.4831087911670671,-0.48122821109541625,-0.0018805800716509002,-0.0003556087109555001
701_YAHOO_id_151_Synthetic_tr_500_1st_893,IForest,1.0,TSPulse_ZS_future,1.0,0.5116282093422081,0.5167579224987958,-0.4832420775012042,0.0,-0.4832420775012042,0.005129713156587723
017_NAB_id_17_Synthetic_tr_1007_1st_1805,POLY,0.8784963455516464,TSPulse_ZS_time,0.3830449458273941,0.3764470435093301,0.3901171204713528,-0.4883792250802936,-0.49545139972425223,0.007072174643958651,0.01367007696202266
649_YAHOO_id_99_WebService_tr_500_1st_1386,IForest,1.0,TSPulse_ZS_future,1.0,0.5219424679294318,0.5109485618806824,-0.4890514381193176,0.0,-0.4890514381193176,-0.010993906048749391
231_MGAB_id_7_Synthetic_tr_25000_1st_35544,Sub-LOF,0.4946700355289419,TSPulse_ZS_fft,0.0030466468841965,0.0028508207674711,0.0030027424383558,-0.4916672930905861,-0.4916233886447454,-4.3904445840699854e-05,0.00015192167088469996
693_YAHOO_id_143_WebService_tr_500_1st_1003,TimesFM,0.607595612992985,TSPulse_ZS_future,0.369322449292405,0.1801116771768882,0.1119797595382734,-0.49561585345471165,-0.23827316370058005,-0.2573426897541316,-0.0681319176386148
246_SVDB_id_10_Medical_tr_20100_1st_68460,MatrixProfile,0.5079175888404579,TSPulse_ZS_time,0.0155640275015131,0.0145869721731819,0.0114019664521172,-0.4965156223883407,-0.4923535613389448,-0.004162061049395899,-0.0031850057210646987
219_LTDB_id_4_Medical_tr_3618_1st_3718,AutoEncoder,0.995335687046831,TSPulse_ZS_ensemble,0.5208931250655975,0.5208931250655975,0.4988073120363734,-0.49652837501045755,-0.47444256198123347,-0.022085813029224077,-0.022085813029224077
558_YAHOO_id_8_WebService_tr_500_1st_1125,AutoEncoder,0.5341799068029839,TSPulse_ZS_future,0.0463446642954776,0.0364421542575506,0.036897006881499,-0.4972828999214849,-0.48783524250750626,-0.0094476574139786,0.00045485262394839854
006_NAB_id_6_Traffic_tr_2579_1st_5839,KShapeAD,0.8405981274496447,TSPulse_ZS_fft,0.351954280879694,0.3399520006827869,0.3304816555327314,-0.5101164719169133,-0.4886438465699507,-0.021472625346962593,-0.009470345150055515
780_YAHOO_id_230_Synthetic_tr_500_1st_893,KShapeAD,1.0,TSPulse_ZS_future,1.0,0.4919898569699287,0.4889939628138012,-0.5110060371861989,0.0,-0.5110060371861989,-0.0029958941561274988
028_NAB_id_28_Facility_tr_1007_1st_3447,KShapeAD,0.999976622044092,TSPulse_ZS_fft,0.4766847691335491,0.4666832569581931,0.4630925324752338,-0.5368840895688582,-0.5232918529105428,-0.013592236658315326,-0.0035907244829593288
499_UCR_id_197_Environment_tr_2046_1st_5703,Sub-KNN,0.6693059027985462,TSPulse_ZS_future,0.2167779028703552,0.15751204309879,0.1291842343727596,-0.5401216684257866,-0.452527999928191,-0.08759366849759559,-0.028327808726030385
405_UCR_id_103_Sensor_tr_2827_1st_5988,Sub-PCA,0.5552612157875827,TSPulse_ZS_future,0.0760323064724685,0.0148007131356494,0.0132183838840269,-0.5420428319035558,-0.4792289093151142,-0.0628139225884416,-0.0015823292516224993
032_WSD_id_4_WebService_tr_4559_1st_11822,POLY,0.7947125735469623,TSPulse_ZS_future,0.792472895013013,0.3296411759551113,0.248824485323801,-0.5458880882231614,-0.002239678533949352,-0.543648409689212,-0.08081669063131028
855_OPPORTUNITY_id_14_HumanActivity_tr_808_1st_908,USAD,0.617325246367238,TSPulse_ZS_future,0.0720567625075698,0.0705314900676754,0.0707693193949835,-0.5465559269722544,-0.5452684838596682,-0.0012874431125863006,0.00023782932730810613
282_NEK_id_6_WebService_tr_500_1st_64,OmniAnomaly,0.7740793072230434,TSPulse_ZS_future,0.3810236076785158,0.2241662107896853,0.2187991414632586,-0.5552801657597848,-0.3930556995445276,-0.16222446621525718,-0.005367069326426693
541_SMAP_id_11_Sensor_tr_1832_1st_5300,POLY,0.9753846778952224,TSPulse_ZS_time,0.4187473565258797,0.4171246845750456,0.4117011268452903,-0.5636835510499321,-0.5566373213693427,-0.007046229680589378,-0.0054235577297552795
010_NAB_id_10_WebService_tr_500_1st_271,MOMENT (ZS),0.9813187465510383,TSPulse_ZS_time,0.4312628948935121,0.4312616176776055,0.4167821462669261,-0.5645366002841122,-0.5500558516575262,-0.014480748626585993,-0.014479471410679401
209_SMD_id_32_Facility_tr_5925_1st_17580,USAD,0.9162330966419392,TSPulse_ZS_fft,0.3826658109026582,0.3817524827711203,0.3489772397804344,-0.5672558568615048,-0.533567285739281,-0.03368857112222384,-0.032775242990685904
145_MSL_id_6_Sensor_tr_530_1st_630,KMeansAD,0.9970733346910404,TSPulse_ZS_time,0.4904948408473463,0.463132735235472,0.4280783607417722,-0.5689949739492682,-0.5065784938436941,-0.0624164801055741,-0.0350543744936998
835_Exathlon_id_26_Facility_tr_10766_1st_12590,Sub-PCA,0.9288599365222696,TSPulse_ZS_time,0.3692712646478205,0.3620114678710001,0.3593393410222268,-0.5695205955000429,-0.5595886718744492,-0.009931923625593697,-0.0026721268487732708
474_UCR_id_172_Environment_tr_2046_1st_6520,KMeansAD,0.91433295063083,TSPulse_ZS_ensemble,0.6105465209944618,0.6105465209944618,0.3387036805075912,-0.5756292701232388,-0.30378642963636815,-0.27184284048687063,-0.27184284048687063
658_YAHOO_id_108_Synthetic_tr_500_1st_893,IForest,1.0,TSPulse_ZS_future,0.8563539620687918,0.424419078880267,0.4230900743500839,-0.5769099256499162,-0.14364603793120823,-0.4332638877187079,-0.0013290045301830866
821_Exathlon_id_12_Facility_tr_6985_1st_7085,USAD,0.9875835107071932,TSPulse_ZS_ensemble,0.418526871300661,0.418526871300661,0.4096263992317472,-0.577957111475446,-0.5690566394065322,-0.008900472068913812,-0.008900472068913812
426_UCR_id_124_Sensor_tr_2827_1st_4711,Sub-LOF,0.98261086401905,TSPulse_ZS_ensemble,0.4183537765281392,0.4183537765281392,0.4042438982356224,-0.5783669657834276,-0.5642570874909107,-0.014109878292516809,-0.014109878292516809
496_UCR_id_194_Environment_tr_2046_1st_5391,SR,0.5799655018013593,TSPulse_ZS_future,0.2881753157311147,0.0052946391658089,0.0009797844248973,-0.578985717376462,-0.2917901860702446,-0.2871955313062174,-0.004314854740911599
562_YAHOO_id_12_Synthetic_tr_500_1st_893,IForest,1.0,TSPulse_ZS_future,1.0,0.4211825045370289,0.4205083750975053,-0.5794916249024946,0.0,-0.5794916249024946,-0.000674129439523552
266_IOPS_id_7_WebService_tr_4010_1st_4110,Sub-PCA,0.620051205470651,TSPulse_ZS_future,0.1538303451657204,0.0418470353911173,0.0405243407435565,-0.5795268647270945,-0.4662208603049306,-0.11330600442216389,-0.0013226946475608028
224_LTDB_id_9_Medical_tr_4456_1st_4556,Series2Graph,0.9447163916005548,TSPulse_ZS_fft,0.3712668091518747,0.3711222939447024,0.3628449750933333,-0.5818714165072214,-0.57344958244868,-0.008421834058541411,-0.00827731885136912
550_SWaT_id_1_Sensor_tr_43700_1st_43800,CNN,0.68176915281637,TSPulse_ZS_ensemble,0.0959384441278978,0.0959384441278978,0.0963146692643399,-0.5854544835520301,-0.5858307086884722,0.00037622513644210154,0.00037622513644210154
313_UCR_id_11_Sensor_tr_2827_1st_4711,Sub-KNN,0.9692113140382712,TSPulse_ZS_ensemble,0.4512377824083077,0.4512377824083077,0.3823244059496195,-0.5868869080886517,-0.5179735316299635,-0.06891337645868822,-0.06891337645868822
680_YAHOO_id_130_Synthetic_tr_500_1st_893,IForest,1.0,TSPulse_ZS_future,1.0,0.4162848358075162,0.4096743399840082,-0.5903256600159918,0.0,-0.5903256600159918,-0.006610495823507978
176_MITDB_id_7_Medical_tr_6232_1st_6332,KShapeAD,0.9626206288992588,TSPulse_ZS_fft,0.366930828269739,0.3606694731561222,0.3622547827122624,-0.6003658461869964,-0.5956898006295198,-0.0046760455574765825,0.0015853095561402242
495_UCR_id_193_Environment_tr_2046_1st_6520,KMeansAD,0.9051411408043036,TSPulse_ZS_ensemble,0.5025090841276376,0.5025090841276376,0.3035156385033919,-0.6016255023009117,-0.402632056676666,-0.1989934456242457,-0.1989934456242457
755_YAHOO_id_205_Synthetic_tr_500_1st_893,LOF,1.0,TSPulse_ZS_future,1.0,0.387580950291631,0.3907215547533106,-0.6092784452466894,0.0,-0.6092784452466894,0.0031406044616796303
439_UCR_id_137_HumanActivity_tr_48750_1st_110800,CNN,0.6463641798235893,TSPulse_ZS_future,0.5995049585254232,0.0321937093502279,0.0246034457945356,-0.6217607340290537,-0.04685922129816611,-0.5749015127308876,-0.0075902635556923045
060_WSD_id_32_WebService_tr_4576_1st_4766,POLY,0.7732967255839862,TSPulse_ZS_future,0.8670213733144171,0.2440487286794231,0.1465872870633567,-0.6267094385206295,0.09372464773043088,-0.7204340862510604,-0.0974614416160664
603_YAHOO_id_53_Synthetic_tr_500_1st_893,IForest,1.0,TSPulse_ZS_future,1.0,0.3647009622198736,0.3712986708794389,-0.6287013291205611,0.0,-0.6287013291205611,0.006597708659565327
797_YAHOO_id_247_Synthetic_tr_500_1st_893,MatrixProfile,0.6424514186720082,TSPulse_ZS_future,0.9274077163555045,0.3574357678731918,0.003662351317616,-0.6387890673543921,0.2849562976834963,-0.9237453650378884,-0.3537734165555758
806_YAHOO_id_256_Synthetic_tr_500_1st_893,Chronos,1.0,TSPulse_ZS_future,0.9536555991157996,0.366217608011785,0.361041079031801,-0.638958920968199,-0.04634440088420044,-0.5926145200839985,-0.005176528979983996
074_WSD_id_46_WebService_tr_990_1st_1090,Series2Graph,0.8655641743404249,TSPulse_ZS_future,0.8569856990896023,0.2921767797616408,0.2241217297895439,-0.641442444550881,-0.00857847525082256,-0.6328639693000584,-0.06805504997209691
346_UCR_id_44_Medical_tr_7456_1st_17390,AutoEncoder,0.6460463786446082,TSPulse_ZS_future,0.0063718749502188,0.0035526907150617,0.0032299890875425,-0.6428163895570658,-0.6396745036943894,-0.0031418858626763,-0.0003227016275191997
571_YAHOO_id_21_Synthetic_tr_500_1st_623,Lag-Llama,0.9823570064723552,TSPulse_ZS_future,0.796471483768891,0.5199860665120375,0.3337351472887519,-0.6486218591836033,-0.18588552270346426,-0.46273633648013907,-0.18625091922328557
547_SMAP_id_17_Sensor_tr_2133_1st_5400,POLY,0.8160689406156819,TSPulse_ZS_ensemble,0.1768709295816515,0.1768709295816515,0.1564573395664912,-0.6596116010491907,-0.6391980110340304,-0.0204135900151603,-0.0204135900151603
175_MITDB_id_6_Medical_tr_27274_1st_27374,Sub-KNN,0.7082150794648131,TSPulse_ZS_ensemble,0.0484424459571889,0.0484424459571889,0.044785333054676,-0.6634297464101371,-0.6597726335076242,-0.003657112902512895,-0.003657112902512895
058_WSD_id_30_WebService_tr_1136_1st_1236,POLY,0.7365333116612451,TSPulse_ZS_future,0.258413453260737,0.1524725180122708,0.0647655550462028,-0.6717677566150424,-0.47811985840050814,-0.1936478982145342,-0.087706962966068
233_MGAB_id_9_Synthetic_tr_25000_1st_41300,MatrixProfile,0.6765731222735989,TSPulse_ZS_future,0.005145437370008,0.004730327486785,0.0047985926939565,-0.6717745295796423,-0.6714276849035908,-0.00034684467605150017,6.826520717150009e-05
724_YAHOO_id_174_WebService_tr_500_1st_1030,TimesFM,0.8437620439694469,TSPulse_ZS_future,0.4748103781410735,0.1976421749355635,0.1689003888287254,-0.6748616551407215,-0.36895166582837335,-0.30590998931234814,-0.028741786106838085
420_UCR_id_118_Facility_tr_13750_1st_52600,Series2Graph,0.9358991750682896,TSPulse_ZS_ensemble,0.25539842235567,0.25539842235567,0.2554802055742037,-0.6804189694940859,-0.6805007527126196,8.178321853369308e-05,8.178321853369308e-05
277_NEK_id_1_WebService_tr_500_1st_17,TimesNet,0.9755054993900172,TSPulse_ZS_time,0.3360022999998319,0.2874544391633544,0.2930252616277606,-0.6824802377622565,-0.6395031993901853,-0.042977038372071286,0.005570822464406211
526_UCR_id_224_Sensor_tr_2827_1st_4711,Sub-LOF,0.9716767598951994,TSPulse_ZS_fft,0.4118734919652894,0.3971305132445933,0.2873485364907736,-0.6843282234044259,-0.5598032679299101,-0.12452495547451581,-0.10978197675381973
278_NEK_id_2_WebService_tr_500_1st_64,Sub-PCA,0.8911485558475744,TSPulse_ZS_future,0.3295316856599914,0.2097346215818426,0.2039255921073111,-0.6872229637402633,-0.561616870187583,-0.12560609355268032,-0.0058090294745315185
848_OPPORTUNITY_id_7_HumanActivity_tr_1477_1st_1577,Sub-PCA,0.7350305951887758,TSPulse_ZS_time,0.050303118121038,0.0450696890690283,0.0450499389667448,-0.689980656222031,-0.6847274770677377,-0.0052531791542932,-1.975010228350005e-05
172_MITDB_id_3_Medical_tr_27274_1st_27374,MatrixProfile,0.7391017847915079,TSPulse_ZS_fft,0.037968444769658,0.0338548555071201,0.0337646273553465,-0.7053371574361614,-0.7011333400218499,-0.0042038174143115,-9.022815177359839e-05
452_UCR_id_150_Facility_tr_10000_1st_35774,POLY,0.8960027289657913,TSPulse_ZS_fft,0.191473063660145,0.1874293161036357,0.187667136007819,-0.7083355929579722,-0.7045296653056463,-0.0038059276523259855,0.00023781990418331178
506_UCR_id_204_Environment_tr_2046_1st_5549,Sub-MCD,0.757636842713395,TSPulse_ZS_future,0.6547337725370079,0.1397292909209329,0.0302090742294218,-0.7274277684839733,-0.10290307017638711,-0.6245246983075862,-0.10952021669151109
851_OPPORTUNITY_id_10_HumanActivity_tr_6213_1st_7311,Sub-MCD,0.7486377006183311,TSPulse_ZS_fft,0.020476458319965,0.0203279127515597,0.0201648389796506,-0.7284728616386805,-0.7281612422983661,-0.0003116193403143973,-0.00016307377190909883
256_SVDB_id_20_Medical_tr_6264_1st_6364,KShapeAD,0.8903908665253718,TSPulse_ZS_ensemble,0.1666089107709106,0.1666089107709106,0.1559564947246915,-0.7344343718006803,-0.7237819557544611,-0.01065241604621911,-0.01065241604621911
020_NAB_id_20_Synthetic_tr_1007_1st_2679,KMeansAD,0.999172240138404,TSPulse_ZS_fft,0.3080775216163788,0.2668625838208572,0.2498246444495372,-0.7493475956888668,-0.6910947185220252,-0.058252877166841605,-0.017037939371320004
243_SVDB_id_7_Medical_tr_11393_1st_11493,KShapeAD,0.9356573401473358,TSPulse_ZS_fft,0.1956571197462144,0.1931902371729975,0.1843918133004633,-0.7512655268468725,-0.7400002204011215,-0.011265306445751078,-0.008798423872534183
552_YAHOO_id_2_Synthetic_tr_500_1st_893,IForest,1.0,TSPulse_ZS_future,1.0,0.2416748900904739,0.2414413740226302,-0.7585586259773698,0.0,-0.7585586259773698,-0.0002335160678437198
555_YAHOO_id_5_WebService_tr_500_1st_730,TimesFM,0.9440573274774527,TSPulse_ZS_future,0.6249209379522349,0.2877397752073097,0.1818631273619095,-0.7621942001155433,-0.31913638952521783,-0.44305781059032545,-0.10587664784540021
471_UCR_id_169_Facility_tr_10000_1st_35774,MatrixProfile,0.7752333556004439,TSPulse_ZS_time,0.0135999056829172,0.0135229807782023,0.0117890038152299,-0.7634443517852141,-0.7616334499175267,-0.001810901867687299,-0.0017339769629723997
387_UCR_id_85_Environment_tr_2046_1st_5549,Sub-MCD,0.7924937212425093,TSPulse_ZS_future,0.8037727959747759,0.1076194657746296,0.0252850369062357,-0.7672086843362735,0.011279074732266636,-0.7784877590685402,-0.0823344288683939
216_LTDB_id_1_Medical_tr_500_1st_266,SAND,0.9336614297964688,TSPulse_ZS_future,0.1796532794680796,0.1517573843972599,0.1544489754494163,-0.7792124543470526,-0.7540081503283892,-0.025204304018663304,0.0026915910521564113
218_LTDB_id_3_Medical_tr_500_1st_266,SAND,0.9086461261590424,TSPulse_ZS_future,0.1673578023809555,0.120423559264303,0.1212716182428394,-0.787374507916203,-0.741288323778087,-0.04608618413811609,0.0008480589785364034
364_UCR_id_62_Sensor_tr_2833_1st_5988,Sub-MCD,0.9936684564944968,TSPulse_ZS_ensemble,0.2479403777402512,0.2479403777402512,0.2054783222397093,-0.7881901342547875,-0.7457280787542455,-0.04246205550054191,-0.04246205550054191
316_UCR_id_14_Sensor_tr_2833_1st_5988,Sub-KNN,0.9871209383490906,TSPulse_ZS_ensemble,0.2245048759304996,0.2245048759304996,0.186266972228098,-0.8008539661209927,-0.762616062418591,-0.0382379037024016,-0.0382379037024016
837_Exathlon_id_28_Facility_tr_8898_1st_8998,Sub-PCA,0.9996720028794096,TSPulse_ZS_ensemble,0.2065812225206004,0.2065812225206004,0.1964314904217523,-0.8032405124576574,-0.7930907803588092,-0.010149732098848119,-0.010149732098848119
504_UCR_id_202_Environment_tr_2046_1st_5549,Sub-MCD,0.8237940073233173,TSPulse_ZS_future,0.7996107445833612,0.0657324631225648,0.0163339482911973,-0.80746005903212,-0.02418326273995608,-0.783276796292164,-0.04939851483136749
170_MITDB_id_1_Medical_tr_17675_1st_17775,KShapeAD,0.8781462254057208,TSPulse_ZS_future,0.072597033600985,0.0605216439251752,0.0607960383808913,-0.8173501870248295,-0.8055491918047358,-0.011800995220093702,0.000274394455716101
223_LTDB_id_8_Medical_tr_4456_1st_4556,KShapeAD,0.9900315261444648,TSPulse_ZS_future,0.194630134477252,0.1621921376270291,0.1644820871577003,-0.8255494389867645,-0.7954013916672128,-0.030148047319551702,0.002289949530671187
870_OPPORTUNITY_id_29_HumanActivity_tr_1477_1st_1577,Sub-PCA,0.9899096159762304,TSPulse_ZS_fft,0.1919969773070265,0.1804126559083488,0.1576606665918131,-0.8322489493844173,-0.7979126386692039,-0.0343363107152134,-0.022751989316535687
326_UCR_id_24_Medical_tr_1875_1st_4187,KShapeAD,0.8836950814341739,TSPulse_ZS_future,0.84234145747605,0.0479936590794555,0.0484130245804115,-0.8352820568537623,-0.04135362395812381,-0.7939284328956385,0.0004193655009560038
236_SED_id_3_Medical_tr_3740_1st_3840,Sub-HBOS,0.8774017826134639,TSPulse_ZS_future,0.0553833751790894,0.0368390401939202,0.0382708396497322,-0.8391309429637317,-0.8220184074343745,-0.017112535529357202,0.0014317994558119967
437_UCR_id_135_Medical_tr_2499_1st_8000,KMeansAD,0.8410089742810288,TSPulse_ZS_fft,0.002008290960169,0.001538756776522,0.00162443642146,-0.8393845378595688,-0.8390006833208599,-0.00038385453870900003,8.56796449380001e-05
156_Stock_id_8_Finance_tr_500_1st_24,SR,0.9882580391985696,TSPulse_ZS_future,0.2715299232118296,0.1635201599884823,0.1458125462450588,-0.8424454929535108,-0.71672811598674,-0.12571737696677082,-0.0177076137434235
579_YAHOO_id_29_WebService_tr_500_1st_1342,KShapeAD,1.0,TSPulse_ZS_future,0.6209589271706711,0.205663249214179,0.1534750052280213,-0.8465249947719787,-0.37904107282932886,-0.46748392194264987,-0.052188243986157706
741_YAHOO_id_191_WebService_tr_500_1st_1114,KMeansAD,0.8818222759859512,TSPulse_ZS_future,0.6581735179699195,0.0312718608704126,0.0230286016456802,-0.858793674340271,-0.22364875801603168,-0.6351449163242393,-0.008243259224732402
177_MITDB_id_8_Medical_tr_17675_1st_17775,KShapeAD,0.9380796437981064,TSPulse_ZS_time,0.084322133980697,0.0798168440142525,0.0782284692428698,-0.8598511745552366,-0.8537575098174094,-0.006093664737827201,-0.0015883747713826973
436_UCR_id_134_Medical_tr_1875_1st_4526,Sub-LOF,0.9024297241616744,TSPulse_ZS_fft,0.1000057399668146,0.0336638110768608,0.0328484853260096,-0.8695812388356648,-0.8024239841948598,-0.06715725464080499,-0.0008153257508511993
847_OPPORTUNITY_id_6_HumanActivity_tr_808_1st_908,Sub-PCA,0.943472506329662,TSPulse_ZS_fft,0.0723682824218551,0.0723344883173333,0.0728188559590746,-0.8706536503705874,-0.8711042239078068,0.0004505735372195008,0.0004843676417412984
723_YAHOO_id_173_WebService_tr_500_1st_1214,OmniAnomaly,0.9547599354168956,TSPulse_ZS_future,0.8984921557675809,0.1191874668194446,0.0832326575616899,-0.8715272778552057,-0.05626777964931473,-0.8152594982058909,-0.0359548092577547
857_OPPORTUNITY_id_16_HumanActivity_tr_500_1st_566,Sub-PCA,0.9388404830102266,TSPulse_ZS_ensemble,0.0669885766061729,0.0669885766061729,0.0669838069342253,-0.8718566760760013,-0.8718519064040537,-4.769671947596477e-06,-4.769671947596477e-06
234_SED_id_1_Medical_tr_3740_1st_3840,KShapeAD,0.9156915658786728,TSPulse_ZS_future,0.0735189880987418,0.0425817310309806,0.042784381453108,-0.8729071844255648,-0.842172577779931,-0.0307346066456338,0.00020265042212740114
762_YAHOO_id_212_WebService_tr_500_1st_1055,KShapeAD,0.8818222759859512,TSPulse_ZS_future,0.2477426078540084,0.0082682399997974,0.0066288335571954,-0.8751934424287559,-0.6340796681319428,-0.241113774296813,-0.0016394064426019997
843_OPPORTUNITY_id_2_HumanActivity_tr_808_1st_908,Sub-PCA,0.9698232047641542,TSPulse_ZS_future,0.0881092141167897,0.0879234128415607,0.0881191100443988,-0.8817040947197554,-0.8817139906473644,9.8959276091104e-06,0.0001956972028381021
015_NAB_id_15_Synthetic_tr_1007_1st_2787,Series2Graph,0.9999992189926712,TSPulse_ZS_future,0.1479457132383277,0.1194399940894711,0.115246368497563,-0.8847528504951082,-0.8520535057543435,-0.03269934474076469,-0.004193625591908098
171_MITDB_id_2_Medical_tr_50000_1st_88864,KShapeAD,0.93464961005103,TSPulse_ZS_future,0.0695690152320334,0.0449894905553631,0.0444285605335334,-0.8902210495174966,-0.8650805948189966,-0.025140454698500007,-0.0005609300218297059
244_SVDB_id_8_Medical_tr_17803_1st_17903,KShapeAD,0.9498252948200988,TSPulse_ZS_fft,0.0559643392368559,0.0558854211677052,0.0565755082136287,-0.8932497866064701,-0.8938609555832429,0.0006111689767728037,0.0006900870459235001
810_Exathlon_id_1_Facility_tr_10766_1st_12590,USAD,0.9958298803352532,TSPulse_ZS_future,0.1355945150040743,0.1007153809939799,0.099614088168896,-0.8962157921663572,-0.860235365331179,-0.0359804268351783,-0.0011012928250839077
040_WSD_id_12_WebService_tr_4559_1st_9714,KShapeAD,0.928110255828226,TSPulse_ZS_fft,0.0271356351494624,0.0269903702611288,0.0260786311944204,-0.9020316246338056,-0.9009746206787637,-0.0010570039550419977,-0.0009117390667083974
253_SVDB_id_17_Medical_tr_17803_1st_17903,KShapeAD,0.9581270316347708,TSPulse_ZS_time,0.1114327773982052,0.0553299475078193,0.0544194290464339,-0.9037076025883368,-0.8466942542365655,-0.057013348351771305,-0.0009105184613854012
401_UCR_id_99_HumanActivity_tr_1671_1st_5920,USAD,0.9962568285170054,TSPulse_ZS_future,0.1637803006694194,0.1066899228980772,0.091349638078452,-0.9049071904385534,-0.832476527847586,-0.07243066259096739,-0.015340284819625197
868_OPPORTUNITY_id_27_HumanActivity_tr_2085_1st_2185,Sub-PCA,0.930707281230735,TSPulse_ZS_ensemble,0.0256366831325565,0.0256366831325565,0.0257414851220476,-0.9049657961086874,-0.9050705980981785,0.00010480198949109829,0.00010480198949109829
854_OPPORTUNITY_id_13_HumanActivity_tr_1477_1st_1577,Sub-PCA,0.9937723835641996,TSPulse_ZS_ensemble,0.0863098338137734,0.0863098338137734,0.0886439386809105,-0.9051284448832891,-0.9074625497504262,0.0023341048671371017,0.0023341048671371017
546_SMAP_id_16_Sensor_tr_2117_1st_4770,KMeansAD,0.9593661663954566,TSPulse_ZS_fft,0.0603282570037888,0.0513614886880672,0.0531011106064281,-0.9062650557890285,-0.8990379093916678,-0.007227146397360697,0.001739621918360905
406_UCR_id_104_Facility_tr_20000_1st_67950,POLY,0.917508366998484,TSPulse_ZS_time,0.0127238284196082,0.0107376227568234,0.0100987021103633,-0.9074096648881207,-0.9047845385788759,-0.0026251263092449007,-0.0006389206464601001
371_UCR_id_69_Medical_tr_1853_1st_6200,SAND,0.9711459382785206,TSPulse_ZS_future,0.3751379774257355,0.0974066085383468,0.0625363008171231,-0.9086096374613974,-0.5960079608527851,-0.31260167660861243,-0.03487030772122371
867_OPPORTUNITY_id_26_HumanActivity_tr_808_1st_908,Sub-PCA,0.9973456819500912,TSPulse_ZS_ensemble,0.0870105755159361,0.0870105755159361,0.0874302434150475,-0.9099154385350438,-0.9103351064341552,0.000419667899111395,0.000419667899111395
869_OPPORTUNITY_id_28_HumanActivity_tr_500_1st_566,Sub-PCA,0.9924368845704568,TSPulse_ZS_ensemble,0.0807881418706802,0.0807881418706802,0.0824317851919719,-0.9100050993784848,-0.9116487426997766,0.0016436433212917018,0.0016436433212917018
859_OPPORTUNITY_id_18_HumanActivity_tr_895_1st_995,Sub-PCA,0.9353296156830124,TSPulse_ZS_fft,0.0224895841172943,0.0224720007590315,0.0225305769394643,-0.9127990387435482,-0.9128400315657181,4.099282217000233e-05,5.85761804328018e-05
856_OPPORTUNITY_id_15_HumanActivity_tr_808_1st_908,USAD,0.9895374559442452,TSPulse_ZS_future,0.0744595794173688,0.07440006587773,0.0743920904728465,-0.9151453654713988,-0.9150778765268764,-6.748894452229814e-05,-7.97540488349513e-06
863_OPPORTUNITY_id_22_HumanActivity_tr_808_1st_908,USAD,0.9990970116506293,TSPulse_ZS_future,0.0817364102313193,0.0810826039865888,0.081487095397557,-0.9176099162530722,-0.91736060141931,-0.0002493148337623097,0.00040449141096819685
241_SVDB_id_5_Medical_tr_11587_1st_11687,KShapeAD,0.99793375116619,TSPulse_ZS_future,0.1126648519121965,0.0768485664678113,0.0771185457672877,-0.9208152053989023,-0.8852688992539934,-0.03554630614490879,0.00026997929947640553
369_UCR_id_67_Sensor_tr_2750_1st_5400,KMeansAD,0.9799953449580702,TSPulse_ZS_time,0.1078329114822229,0.0602408918360004,0.0573915583147177,-0.9226037866433525,-0.8721624334758473,-0.050441353167505205,-0.0028493335212827
853_OPPORTUNITY_id_12_HumanActivity_tr_808_1st_908,USAD,0.9988614966821197,TSPulse_ZS_future,0.0815592068099163,0.077221669223885,0.0752856178386151,-0.9235758788435046,-0.9173022898722034,-0.006273588971301203,-0.0019360513852699074
544_SMAP_id_14_Sensor_tr_1978_1st_4450,SAND,0.9937902417863944,TSPulse_ZS_time,0.1162223407970273,0.0805885500387463,0.0700560691992777,-0.9237341725871167,-0.8775679009893671,-0.046166271597749595,-0.010532480839468603
860_OPPORTUNITY_id_19_HumanActivity_tr_808_1st_908,USAD,0.9995800386928292,TSPulse_ZS_ensemble,0.0752864859624873,0.0752864859624873,0.075608934449283,-0.9239711042435462,-0.9242935527303419,0.0003224484867957039,0.0003224484867957039
858_OPPORTUNITY_id_17_HumanActivity_tr_808_1st_908,CNN,0.9984870955180104,TSPulse_ZS_future,0.0720696331853836,0.0719455962844223,0.0720609832973815,-0.9264261122206289,-0.9264174623326268,-8.649888002101869e-06,0.00011538701295919773
862_OPPORTUNITY_id_21_HumanActivity_tr_500_1st_566,Sub-PCA,0.9942843304863896,TSPulse_ZS_ensemble,0.0633514402408588,0.0633514402408588,0.0624957671519021,-0.9317885633344876,-0.9309328902455308,-0.0008556730889566974,-0.0008556730889566974
339_UCR_id_37_Sensor_tr_2750_1st_5400,KMeansAD,0.9808159569947508,TSPulse_ZS_time,0.0661821098618965,0.0420602516121421,0.0488857890627259,-0.9319301679320249,-0.9146338471328542,-0.0172963207991706,0.006825537450583799
309_UCR_id_7_Medical_tr_3000_1st_5948,KShapeAD,0.9976534530921924,TSPulse_ZS_time,0.189087287263713,0.1234558145414996,0.0644304870044438,-0.9332229660877487,-0.8085661658284795,-0.12465680025926919,-0.059025327537055805
846_OPPORTUNITY_id_5_HumanActivity_tr_2085_1st_2185,Sub-PCA,0.9638030185637776,TSPulse_ZS_fft,0.0304217850299688,0.0297972150083743,0.0301078593518371,-0.9336951592119405,-0.9333812335338088,-0.0003139256781317032,0.0003106443434627987
844_OPPORTUNITY_id_3_HumanActivity_tr_500_1st_566,USAD,0.9954658523123608,TSPulse_ZS_future,0.060771563492185,0.0580131777535628,0.0576065172317957,-0.9378593350805652,-0.9346942888201758,-0.003165046260389305,-0.0004066605217671049
417_UCR_id_115_Sensor_tr_2750_1st_5400,KMeansAD,0.9793156633803544,TSPulse_ZS_time,0.0647504906445491,0.0451507581765656,0.0405163404046507,-0.9387993229757037,-0.9145651727358053,-0.024234150239898403,-0.004634417771914902
361_UCR_id_59_Medical_tr_3000_1st_7175,KMeansAD,0.993254334223809,TSPulse_ZS_ensemble,0.0693787167115705,0.0693787167115705,0.052980149822317,-0.940274184401492,-0.9238756175122386,-0.0163985668892535,-0.0163985668892535
419_UCR_id_117_Facility_tr_3000_1st_6168,KMeansAD,0.9959693966293244,TSPulse_ZS_fft,0.038732186574261,0.0363510692320351,0.0516280630518302,-0.9443413335774942,-0.9572372100550633,0.0128958764775692,0.015276993819795102
644_YAHOO_id_94_WebService_tr_500_1st_1078,AutoEncoder,0.977014093947896,TSPulse_ZS_future,0.0490304377895152,0.0304467819383827,0.0303040434571756,-0.9467100504907203,-0.9279836561583807,-0.0187263943323396,-0.00014273848120710184
850_OPPORTUNITY_id_9_HumanActivity_tr_895_1st_995,USAD,0.9971669091187836,TSPulse_ZS_fft,0.0445603408880379,0.0442746980605102,0.0448515485474928,-0.9523153605712907,-0.9526065682307456,0.00029120765945490207,0.0005768504869825969
861_OPPORTUNITY_id_20_HumanActivity_tr_2085_1st_2185,Sub-PCA,0.9831636243317632,TSPulse_ZS_fft,0.0297168910886461,0.0294970099086097,0.0295064900692954,-0.9536571342624678,-0.9534467332431171,-0.00021040101935070055,9.480160685700068e-06
845_OPPORTUNITY_id_4_HumanActivity_tr_7295_1st_27516,USAD,0.9739349221065868,TSPulse_ZS_ensemble,0.015061089177075,0.015061089177075,0.0179783482681371,-0.9559565738384497,-0.9588738329295118,0.0029172590910621007,0.0029172590910621007
865_OPPORTUNITY_id_24_HumanActivity_tr_2085_1st_2185,Sub-PCA,0.9954174578054474,TSPulse_ZS_future,0.0398050006602183,0.038987983865018,0.0389128878775832,-0.9565045699278643,-0.9556124571452291,-0.0008921127826350961,-7.509598743479784e-05
689_YAHOO_id_139_WebService_tr_500_1st_1073,KShapeAD,1.0,TSPulse_ZS_future,0.515767210186899,0.0623454351600876,0.0373769481729705,-0.9626230518270295,-0.484232789813101,-0.4783902620139285,-0.0249684869871171
144_MSL_id_5_Sensor_tr_1525_1st_4590,KShapeAD,0.9874240306772992,TSPulse_ZS_future,0.0288804586101001,0.0236599186813673,0.0228556516905128,-0.9645683789867864,-0.9585435720671991,-0.006024806919587299,-0.0008042669908545005
866_OPPORTUNITY_id_25_HumanActivity_tr_6213_1st_7311,Sub-PCA,0.9967320638121808,TSPulse_ZS_fft,0.0332891374295029,0.0320692825002221,0.0314342513760151,-0.9652978124361657,-0.9634429263826779,-0.0018548860534878045,-0.000635031124207
645_YAHOO_id_95_WebService_tr_500_1st_1047,KShapeAD,1.0,TSPulse_ZS_future,0.5212223976310402,0.06478853470305,0.0329678088049476,-0.9670321911950523,-0.47877760236895983,-0.4882545888260926,-0.0318207258981024
391_UCR_id_89_Medical_tr_1875_1st_5759,KMeansAD,0.9946827155072654,TSPulse_ZS_future,0.0965127641940173,0.0259716338734232,0.0257827598494995,-0.9688999556577659,-0.8981699513132481,-0.0707300043445178,-0.00018887402392369843
332_UCR_id_30_Facility_tr_13750_1st_52600,KShapeAD,0.9734223853444746,TSPulse_ZS_future,0.0061509897096098,0.0039547087559972,0.0037531898831067,-0.9696691954613679,-0.9672713956348648,-0.0023977998265031,-0.00020151887289050026
849_OPPORTUNITY_id_8_HumanActivity_tr_1100_1st_1200,Sub-PCA,0.9969112680194946,TSPulse_ZS_future,0.0260168381574315,0.0259177113552098,0.0255507245000107,-0.9713605435194839,-0.9708944298620631,-0.000466113657420799,-0.00036698685519909874
842_OPPORTUNITY_id_1_HumanActivity_tr_7295_1st_27516,Sub-PCA,0.9839374809354482,TSPulse_ZS_fft,0.0084770470054961,0.008466157204184,0.0085830432873229,-0.9753544376481253,-0.9754604339299521,0.0001059962818268003,0.00011688608313890035
672_YAHOO_id_122_WebService_tr_500_1st_857,KShapeAD,1.0,TSPulse_ZS_future,0.5584471235861619,0.0202462700789088,0.0095235911253302,-0.9904764088746698,-0.4415528764138381,-0.5489235324608317,-0.0107226789535786
788_YAHOO_id_238_WebService_tr_500_1st_973,KShapeAD,1.0,TSPulse_ZS_future,0.5270519984844894,0.0015756214416184,0.0013349771452301,-0.9986650228547699,-0.47294800151551064,-0.5257170213392592,-0.0002406442963882999
400_UCR_id_98_Environment_tr_2046_1st_5391,Chronos,1.0,TSPulse_ZS_future,0.2881753157311147,0.0021893480138302,0.0006362711016724,-0.9993637288983276,-0.7118246842688853,-0.2875390446294423,-0.0015530769121577998
